2025.10.15 12:36:12 INFO  Started: Metals version 1.6.2 in folders 'C:\Users\leo11\OneDrive\Desktop\HTWG\AIN\Semester5\Web-apps\web-tui' for client Visual Studio Code 1.105.0.
2025.10.15 12:36:22 WARN  Build server is not auto-connectable.
2025.10.15 12:47:56 INFO  Shutting down server
2025.10.15 12:47:56 INFO  shutting down Metals
2025.10.15 12:47:56 INFO  Exiting server
2025.10.15 12:52:17 INFO  Started: Metals version 1.6.2 in folders 'C:\Users\leo11\OneDrive\Desktop\HTWG\AIN\Semester5\Web-apps\web-tui' for client Visual Studio Code 1.105.0.
2025.10.15 12:52:20 INFO  no build target found for C:\Users\leo11\OneDrive\Desktop\HTWG\AIN\Semester5\Web-apps\web-tui\build.sbt. Using presentation compiler with project's scala-library version: 3.3.6
2025.10.15 12:52:24 INFO  no build target found for C:\Users\leo11\OneDrive\Desktop\HTWG\AIN\Semester5\Web-apps\web-tui\build.sbt. Using presentation compiler with project's scala-library version: 3.3.6
2025.10.15 12:52:33 INFO  no build target found for C:\Users\leo11\OneDrive\Desktop\HTWG\AIN\Semester5\Web-apps\web-tui\build.sbt. Using presentation compiler with project's scala-library version: 3.3.6
2025.10.15 12:52:34 INFO  no build target found for C:\Users\leo11\OneDrive\Desktop\HTWG\AIN\Semester5\Web-apps\web-tui\build.sbt. Using presentation compiler with project's scala-library version: 3.3.6
2025.10.15 12:52:34 INFO  no build target found for C:\Users\leo11\OneDrive\Desktop\HTWG\AIN\Semester5\Web-apps\web-tui\build.sbt. Using presentation compiler with project's scala-library version: 3.3.6
2025.10.15 12:52:38 INFO  no build target found for C:\Users\leo11\OneDrive\Desktop\HTWG\AIN\Semester5\Web-apps\web-tui\build.sbt. Using presentation compiler with project's scala-library version: 3.3.6
2025.10.15 12:52:38 INFO  no build target found for C:\Users\leo11\OneDrive\Desktop\HTWG\AIN\Semester5\Web-apps\web-tui\build.sbt. Using presentation compiler with project's scala-library version: 3.3.6
2025.10.15 12:52:38 INFO  no build target found for C:\Users\leo11\OneDrive\Desktop\HTWG\AIN\Semester5\Web-apps\web-tui\build.sbt. Using presentation compiler with project's scala-library version: 3.3.6
2025.10.15 12:52:38 INFO  no build target found for C:\Users\leo11\OneDrive\Desktop\HTWG\AIN\Semester5\Web-apps\web-tui\build.sbt. Using presentation compiler with project's scala-library version: 3.3.6
2025.10.15 12:52:40 INFO  no build target found for C:\Users\leo11\OneDrive\Desktop\HTWG\AIN\Semester5\Web-apps\web-tui\build.sbt. Using presentation compiler with project's scala-library version: 3.3.6
2025.10.15 12:52:40 INFO  no build target found for C:\Users\leo11\OneDrive\Desktop\HTWG\AIN\Semester5\Web-apps\web-tui\build.sbt. Using presentation compiler with project's scala-library version: 3.3.6
2025.10.15 12:52:41 INFO  no build target found for C:\Users\leo11\OneDrive\Desktop\HTWG\AIN\Semester5\Web-apps\web-tui\build.sbt. Using presentation compiler with project's scala-library version: 3.3.6
2025.10.15 12:52:42 INFO  no build target found for C:\Users\leo11\OneDrive\Desktop\HTWG\AIN\Semester5\Web-apps\web-tui\build.sbt. Using presentation compiler with project's scala-library version: 3.3.6
2025.10.15 12:52:42 WARN  no build target for: C:\Users\leo11\OneDrive\Desktop\HTWG\AIN\Semester5\Web-apps\web-tui\build.sbt
2025.10.15 12:52:42 INFO  no build target found for C:\Users\leo11\OneDrive\Desktop\HTWG\AIN\Semester5\Web-apps\web-tui\build.sbt. Using presentation compiler with project's scala-library version: 3.3.6
2025.10.15 12:52:43 INFO  no build target found for C:\Users\leo11\OneDrive\Desktop\HTWG\AIN\Semester5\Web-apps\web-tui\build.sbt. Using presentation compiler with project's scala-library version: 3.3.6
2025.10.15 12:52:43 INFO  no build target found for C:\Users\leo11\OneDrive\Desktop\HTWG\AIN\Semester5\Web-apps\web-tui\build.sbt. Using presentation compiler with project's scala-library version: 3.3.6
2025.10.15 12:52:45 INFO  no build target found for C:\Users\leo11\OneDrive\Desktop\HTWG\AIN\Semester5\Web-apps\web-tui\build.sbt. Using presentation compiler with project's scala-library version: 3.3.6
2025.10.15 12:53:18 INFO  no build target found for C:\Users\leo11\OneDrive\Desktop\HTWG\AIN\Semester5\Web-apps\web-tui\build.sbt. Using presentation compiler with project's scala-library version: 3.3.6
2025.10.15 12:53:25 INFO  no build target found for C:\Users\leo11\OneDrive\Desktop\HTWG\AIN\Semester5\Web-apps\web-tui\build.sbt. Using presentation compiler with project's scala-library version: 3.3.6
2025.10.15 12:54:52 INFO  no build target found for C:\Users\leo11\OneDrive\Desktop\HTWG\AIN\Semester5\Web-apps\web-tui\build.sbt. Using presentation compiler with project's scala-library version: 3.3.6
2025.10.15 12:54:52 INFO  no build target found for C:\Users\leo11\OneDrive\Desktop\HTWG\AIN\Semester5\Web-apps\web-tui\build.sbt. Using presentation compiler with project's scala-library version: 3.3.6
2025.10.15 12:54:52 INFO  no build target found for C:\Users\leo11\OneDrive\Desktop\HTWG\AIN\Semester5\Web-apps\web-tui\build.sbt. Using presentation compiler with project's scala-library version: 3.3.6
2025.10.15 12:54:53 INFO  no build target found for C:\Users\leo11\OneDrive\Desktop\HTWG\AIN\Semester5\Web-apps\web-tui\build.sbt. Using presentation compiler with project's scala-library version: 3.3.6
2025.10.15 12:54:53 INFO  no build target found for C:\Users\leo11\OneDrive\Desktop\HTWG\AIN\Semester5\Web-apps\web-tui\build.sbt. Using presentation compiler with project's scala-library version: 3.3.6
2025.10.15 12:54:53 INFO  no build target found for C:\Users\leo11\OneDrive\Desktop\HTWG\AIN\Semester5\Web-apps\web-tui\build.sbt. Using presentation compiler with project's scala-library version: 3.3.6
2025.10.15 12:54:54 INFO  no build target found for C:\Users\leo11\OneDrive\Desktop\HTWG\AIN\Semester5\Web-apps\web-tui\build.sbt. Using presentation compiler with project's scala-library version: 3.3.6
2025.10.15 12:54:54 INFO  no build target found for C:\Users\leo11\OneDrive\Desktop\HTWG\AIN\Semester5\Web-apps\web-tui\build.sbt. Using presentation compiler with project's scala-library version: 3.3.6
2025.10.15 12:54:56 INFO  no build target found for C:\Users\leo11\OneDrive\Desktop\HTWG\AIN\Semester5\Web-apps\web-tui\build.sbt. Using presentation compiler with project's scala-library version: 3.3.6
2025.10.15 12:54:56 WARN  no build target for: C:\Users\leo11\OneDrive\Desktop\HTWG\AIN\Semester5\Web-apps\web-tui\build.sbt
2025.10.15 12:54:56 INFO  no build target found for C:\Users\leo11\OneDrive\Desktop\HTWG\AIN\Semester5\Web-apps\web-tui\build.sbt. Using presentation compiler with project's scala-library version: 3.3.6
2025.10.15 12:54:56 INFO  no build target found for C:\Users\leo11\OneDrive\Desktop\HTWG\AIN\Semester5\Web-apps\web-tui\build.sbt. Using presentation compiler with project's scala-library version: 3.3.6
2025.10.15 13:01:19 INFO  no build target found for C:\Users\leo11\OneDrive\Desktop\HTWG\AIN\Semester5\Web-apps\web-tui\build.sbt. Using presentation compiler with project's scala-library version: 3.3.6
2025.10.15 13:01:50 INFO  no build target found for C:\Users\leo11\OneDrive\Desktop\HTWG\AIN\Semester5\Web-apps\web-tui\build.sbt. Using presentation compiler with project's scala-library version: 3.3.6
2025.10.15 13:03:45 INFO  no build target found for C:\Users\leo11\OneDrive\Desktop\HTWG\AIN\Semester5\Web-apps\web-tui\build.sbt. Using presentation compiler with project's scala-library version: 3.3.6
2025.10.15 13:16:04 INFO  no build target found for C:\Users\leo11\OneDrive\Desktop\HTWG\AIN\Semester5\Web-apps\web-tui\app\web\WebTUI.scala. Using presentation compiler with project's scala-library version: 3.3.6
2025.10.15 13:16:04 WARN  Could not find semantic tokens for: file:///C:/Users/leo11/OneDrive/Desktop/HTWG/AIN/Semester5/Web-apps/web-tui/app/web/WebTUI.scala
2025.10.15 13:17:30 INFO  no build target found for C:\Users\leo11\OneDrive\Desktop\HTWG\AIN\Semester5\Web-apps\web-tui\app\web\WebTUI.scala. Using presentation compiler with project's scala-library version: 3.3.6
Oct 15, 2025 1:17:30 PM org.eclipse.lsp4j.jsonrpc.RemoteEndpoint handleCancellation
WARNING: Unmatched cancel notification for request id 62
2025.10.15 13:17:30 INFO  no build target found for C:\Users\leo11\OneDrive\Desktop\HTWG\AIN\Semester5\Web-apps\web-tui\app\web\WebTUI.scala. Using presentation compiler with project's scala-library version: 3.3.6
2025.10.15 13:17:30 INFO  no build target found for C:\Users\leo11\OneDrive\Desktop\HTWG\AIN\Semester5\Web-apps\web-tui\app\web\WebTUI.scala. Using presentation compiler with project's scala-library version: 3.3.6
2025.10.15 13:17:30 INFO  no build target found for C:\Users\leo11\OneDrive\Desktop\HTWG\AIN\Semester5\Web-apps\web-tui\app\web\WebTUI.scala. Using presentation compiler with project's scala-library version: 3.3.6
2025.10.15 13:17:30 INFO  no build target found for C:\Users\leo11\OneDrive\Desktop\HTWG\AIN\Semester5\Web-apps\web-tui\app\web\WebTUI.scala. Using presentation compiler with project's scala-library version: 3.3.6
2025.10.15 13:17:30 WARN  Could not find semantic tokens for: file:///C:/Users/leo11/OneDrive/Desktop/HTWG/AIN/Semester5/Web-apps/web-tui/app/web/WebTUI.scala
2025.10.15 13:17:31 INFO  no build target found for C:\Users\leo11\OneDrive\Desktop\HTWG\AIN\Semester5\Web-apps\web-tui\app\web\WebTUI.scala. Using presentation compiler with project's scala-library version: 3.3.6
2025.10.15 13:17:31 INFO  no build target found for C:\Users\leo11\OneDrive\Desktop\HTWG\AIN\Semester5\Web-apps\web-tui\app\web\WebTUI.scala. Using presentation compiler with project's scala-library version: 3.3.6
2025.10.15 13:17:31 INFO  no build target found for C:\Users\leo11\OneDrive\Desktop\HTWG\AIN\Semester5\Web-apps\web-tui\app\web\WebTUI.scala. Using presentation compiler with project's scala-library version: 3.3.6
2025.10.15 13:17:32 WARN  Could not find semantic tokens for: file:///C:/Users/leo11/OneDrive/Desktop/HTWG/AIN/Semester5/Web-apps/web-tui/app/web/WebTUI.scala
2025.10.15 13:21:27 INFO  no build target found for C:\Users\leo11\OneDrive\Desktop\HTWG\AIN\Semester5\Web-apps\web-tui\app\web\WebTUI.scala. Using presentation compiler with project's scala-library version: 3.3.6
2025.10.15 13:21:27 INFO  no build target found for C:\Users\leo11\OneDrive\Desktop\HTWG\AIN\Semester5\Web-apps\web-tui\app\web\WebTUI.scala. Using presentation compiler with project's scala-library version: 3.3.6
2025.10.15 13:21:27 INFO  no build target found for C:\Users\leo11\OneDrive\Desktop\HTWG\AIN\Semester5\Web-apps\web-tui\app\web\WebTUI.scala. Using presentation compiler with project's scala-library version: 3.3.6
2025.10.15 13:21:31 WARN  no build target for: C:\Users\leo11\OneDrive\Desktop\HTWG\AIN\Semester5\Web-apps\web-tui\app\web\WebTUI.scala
2025.10.15 13:21:31 INFO  no build target found for C:\Users\leo11\OneDrive\Desktop\HTWG\AIN\Semester5\Web-apps\web-tui\app\web\WebTUI.scala. Using presentation compiler with project's scala-library version: 3.3.6
2025.10.15 13:21:31 INFO  no build target found for C:\Users\leo11\OneDrive\Desktop\HTWG\AIN\Semester5\Web-apps\web-tui\app\web\WebTUI.scala. Using presentation compiler with project's scala-library version: 3.3.6
2025.10.15 13:21:31 INFO  no build target found for C:\Users\leo11\OneDrive\Desktop\HTWG\AIN\Semester5\Web-apps\web-tui\app\web\WebTUI.scala. Using presentation compiler with project's scala-library version: 3.3.6
2025.10.15 13:21:31 INFO  no build target found for C:\Users\leo11\OneDrive\Desktop\HTWG\AIN\Semester5\Web-apps\web-tui\app\web\WebTUI.scala. Using presentation compiler with project's scala-library version: 3.3.6
2025.10.15 13:21:31 INFO  no build target found for C:\Users\leo11\OneDrive\Desktop\HTWG\AIN\Semester5\Web-apps\web-tui\app\web\WebTUI.scala. Using presentation compiler with project's scala-library version: 3.3.6
2025.10.15 13:23:29 INFO  no build target found for C:\Users\leo11\OneDrive\Desktop\HTWG\AIN\Semester5\Web-apps\web-tui\app\controllers\GameController.scala. Using presentation compiler with project's scala-library version: 3.3.6
2025.10.15 13:23:29 WARN  Could not find semantic tokens for: file:///C:/Users/leo11/OneDrive/Desktop/HTWG/AIN/Semester5/Web-apps/web-tui/app/controllers/GameController.scala
2025.10.15 13:23:32 WARN  no build target for: C:\Users\leo11\OneDrive\Desktop\HTWG\AIN\Semester5\Web-apps\web-tui\app\web\WebTUI.scala
2025.10.15 13:23:32 INFO  no build target found for C:\Users\leo11\OneDrive\Desktop\HTWG\AIN\Semester5\Web-apps\web-tui\app\web\WebTUI.scala. Using presentation compiler with project's scala-library version: 3.3.6
Oct 15, 2025 1:23:33 PM org.eclipse.lsp4j.jsonrpc.RemoteEndpoint handleCancellation
WARNING: Unmatched cancel notification for request id 112
2025.10.15 13:23:33 INFO  no build target found for C:\Users\leo11\OneDrive\Desktop\HTWG\AIN\Semester5\Web-apps\web-tui\app\web\WebTUI.scala. Using presentation compiler with project's scala-library version: 3.3.6
2025.10.15 13:23:34 WARN  no build target for: C:\Users\leo11\OneDrive\Desktop\HTWG\AIN\Semester5\Web-apps\web-tui\app\controllers\GameController.scala
2025.10.15 13:23:34 INFO  no build target found for C:\Users\leo11\OneDrive\Desktop\HTWG\AIN\Semester5\Web-apps\web-tui\app\controllers\GameController.scala. Using presentation compiler with project's scala-library version: 3.3.6
2025.10.15 13:23:34 WARN  Could not find semantic tokens for: file:///C:/Users/leo11/OneDrive/Desktop/HTWG/AIN/Semester5/Web-apps/web-tui/app/controllers/GameController.scala
2025.10.15 13:23:41 INFO  no build target found for C:\Users\leo11\OneDrive\Desktop\HTWG\AIN\Semester5\Web-apps\web-tui\app\controllers\GameController.scala. Using presentation compiler with project's scala-library version: 3.3.6
2025.10.15 13:23:41 WARN  Could not find semantic tokens for: file:///C:/Users/leo11/OneDrive/Desktop/HTWG/AIN/Semester5/Web-apps/web-tui/app/controllers/GameController.scala
2025.10.15 13:23:45 INFO  no build target found for C:\Users\leo11\OneDrive\Desktop\HTWG\AIN\Semester5\Web-apps\web-tui\app\controllers\GameController.scala. Using presentation compiler with project's scala-library version: 3.3.6
2025.10.15 13:23:45 INFO  no build target found for C:\Users\leo11\OneDrive\Desktop\HTWG\AIN\Semester5\Web-apps\web-tui\app\controllers\GameController.scala. Using presentation compiler with project's scala-library version: 3.3.6
2025.10.15 13:23:47 WARN  no build target for: C:\Users\leo11\OneDrive\Desktop\HTWG\AIN\Semester5\Web-apps\web-tui\app\controllers\GameController.scala
2025.10.15 13:23:47 INFO  no build target found for C:\Users\leo11\OneDrive\Desktop\HTWG\AIN\Semester5\Web-apps\web-tui\app\controllers\GameController.scala. Using presentation compiler with project's scala-library version: 3.3.6
2025.10.15 13:23:47 INFO  no build target found for C:\Users\leo11\OneDrive\Desktop\HTWG\AIN\Semester5\Web-apps\web-tui\app\controllers\GameController.scala. Using presentation compiler with project's scala-library version: 3.3.6
2025.10.15 13:24:07 INFO  no build target found for C:\Users\leo11\OneDrive\Desktop\HTWG\AIN\Semester5\Web-apps\web-tui\app\controllers\GameController.scala. Using presentation compiler with project's scala-library version: 3.3.6
2025.10.15 13:24:08 INFO  no build target found for C:\Users\leo11\OneDrive\Desktop\HTWG\AIN\Semester5\Web-apps\web-tui\app\controllers\GameController.scala. Using presentation compiler with project's scala-library version: 3.3.6
2025.10.15 13:31:39 WARN  no build target for: C:\Users\leo11\OneDrive\Desktop\HTWG\AIN\Semester5\Web-apps\web-tui\app\controllers\GameController.scala
2025.10.15 13:31:39 INFO  no build target found for C:\Users\leo11\OneDrive\Desktop\HTWG\AIN\Semester5\Web-apps\web-tui\app\controllers\GameController.scala. Using presentation compiler with project's scala-library version: 3.3.6
Oct 15, 2025 1:31:40 PM org.eclipse.lsp4j.jsonrpc.RemoteEndpoint handleCancellation
WARNING: Unmatched cancel notification for request id 141
2025.10.15 13:31:40 INFO  no build target found for C:\Users\leo11\OneDrive\Desktop\HTWG\AIN\Semester5\Web-apps\web-tui\app\controllers\GameController.scala. Using presentation compiler with project's scala-library version: 3.3.6
2025.10.15 13:31:47 INFO  no build target found for C:\Users\leo11\OneDrive\Desktop\HTWG\AIN\Semester5\Web-apps\web-tui\app\controllers\GameController.scala. Using presentation compiler with project's scala-library version: 3.3.6
2025.10.15 13:31:47 INFO  no build target found for C:\Users\leo11\OneDrive\Desktop\HTWG\AIN\Semester5\Web-apps\web-tui\app\controllers\GameController.scala. Using presentation compiler with project's scala-library version: 3.3.6
2025.10.15 13:31:47 INFO  no build target found for C:\Users\leo11\OneDrive\Desktop\HTWG\AIN\Semester5\Web-apps\web-tui\app\controllers\GameController.scala. Using presentation compiler with project's scala-library version: 3.3.6
2025.10.15 13:31:47 INFO  no build target found for C:\Users\leo11\OneDrive\Desktop\HTWG\AIN\Semester5\Web-apps\web-tui\app\controllers\GameController.scala. Using presentation compiler with project's scala-library version: 3.3.6
2025.10.15 13:31:48 INFO  no build target found for C:\Users\leo11\OneDrive\Desktop\HTWG\AIN\Semester5\Web-apps\web-tui\app\controllers\GameController.scala. Using presentation compiler with project's scala-library version: 3.3.6
2025.10.15 13:31:48 INFO  no build target found for C:\Users\leo11\OneDrive\Desktop\HTWG\AIN\Semester5\Web-apps\web-tui\app\controllers\GameController.scala. Using presentation compiler with project's scala-library version: 3.3.6
2025.10.15 13:31:49 INFO  no build target found for C:\Users\leo11\OneDrive\Desktop\HTWG\AIN\Semester5\Web-apps\web-tui\app\controllers\GameController.scala. Using presentation compiler with project's scala-library version: 3.3.6
2025.10.15 13:31:50 INFO  no build target found for C:\Users\leo11\OneDrive\Desktop\HTWG\AIN\Semester5\Web-apps\web-tui\app\controllers\GameController.scala. Using presentation compiler with project's scala-library version: 3.3.6
2025.10.15 13:31:50 INFO  no build target found for C:\Users\leo11\OneDrive\Desktop\HTWG\AIN\Semester5\Web-apps\web-tui\app\controllers\GameController.scala. Using presentation compiler with project's scala-library version: 3.3.6
2025.10.15 13:31:50 INFO  no build target found for C:\Users\leo11\OneDrive\Desktop\HTWG\AIN\Semester5\Web-apps\web-tui\app\controllers\GameController.scala. Using presentation compiler with project's scala-library version: 3.3.6
2025.10.15 13:31:51 INFO  no build target found for C:\Users\leo11\OneDrive\Desktop\HTWG\AIN\Semester5\Web-apps\web-tui\app\controllers\GameController.scala. Using presentation compiler with project's scala-library version: 3.3.6
2025.10.15 13:31:52 WARN  no build target for: C:\Users\leo11\OneDrive\Desktop\HTWG\AIN\Semester5\Web-apps\web-tui\app\controllers\GameController.scala
2025.10.15 13:31:52 INFO  no build target found for C:\Users\leo11\OneDrive\Desktop\HTWG\AIN\Semester5\Web-apps\web-tui\app\controllers\GameController.scala. Using presentation compiler with project's scala-library version: 3.3.6
2025.10.15 13:31:52 INFO  no build target found for C:\Users\leo11\OneDrive\Desktop\HTWG\AIN\Semester5\Web-apps\web-tui\app\controllers\GameController.scala. Using presentation compiler with project's scala-library version: 3.3.6
2025.10.15 13:34:45 INFO  no build target found for C:\Users\leo11\OneDrive\Desktop\HTWG\AIN\Semester5\Web-apps\web-tui\app\controllers\GameController.scala. Using presentation compiler with project's scala-library version: 3.3.6
2025.10.15 13:34:45 INFO  no build target found for C:\Users\leo11\OneDrive\Desktop\HTWG\AIN\Semester5\Web-apps\web-tui\app\controllers\GameController.scala. Using presentation compiler with project's scala-library version: 3.3.6
2025.10.15 13:34:46 INFO  no build target found for C:\Users\leo11\OneDrive\Desktop\HTWG\AIN\Semester5\Web-apps\web-tui\app\controllers\GameController.scala. Using presentation compiler with project's scala-library version: 3.3.6
2025.10.15 13:34:47 INFO  no build target found for C:\Users\leo11\OneDrive\Desktop\HTWG\AIN\Semester5\Web-apps\web-tui\app\controllers\GameController.scala. Using presentation compiler with project's scala-library version: 3.3.6
2025.10.15 13:34:48 INFO  no build target found for C:\Users\leo11\OneDrive\Desktop\HTWG\AIN\Semester5\Web-apps\web-tui\app\controllers\GameController.scala. Using presentation compiler with project's scala-library version: 3.3.6
2025.10.15 13:34:50 WARN  no build target for: C:\Users\leo11\OneDrive\Desktop\HTWG\AIN\Semester5\Web-apps\web-tui\app\controllers\GameController.scala
2025.10.15 13:34:50 INFO  no build target found for C:\Users\leo11\OneDrive\Desktop\HTWG\AIN\Semester5\Web-apps\web-tui\app\controllers\GameController.scala. Using presentation compiler with project's scala-library version: 3.3.6
2025.10.15 13:34:50 INFO  no build target found for C:\Users\leo11\OneDrive\Desktop\HTWG\AIN\Semester5\Web-apps\web-tui\app\controllers\GameController.scala. Using presentation compiler with project's scala-library version: 3.3.6
2025.10.15 13:34:51 INFO  no build target found for C:\Users\leo11\OneDrive\Desktop\HTWG\AIN\Semester5\Web-apps\web-tui\app\controllers\GameController.scala. Using presentation compiler with project's scala-library version: 3.3.6
2025.10.15 13:38:13 INFO  no build target found for C:\Users\leo11\OneDrive\Desktop\HTWG\AIN\Semester5\Web-apps\web-tui\app\controllers\GameController.scala. Using presentation compiler with project's scala-library version: 3.3.6
2025.10.15 13:39:35 INFO  no build target found for C:\Users\leo11\OneDrive\Desktop\HTWG\AIN\Semester5\Web-apps\web-tui\app\controllers\GameController.scala. Using presentation compiler with project's scala-library version: 3.3.6
2025.10.15 13:39:35 WARN  no build target for: C:\Users\leo11\OneDrive\Desktop\HTWG\AIN\Semester5\Web-apps\web-tui\app\controllers\GameController.scala
Oct 15, 2025 1:39:35 PM org.eclipse.lsp4j.jsonrpc.RemoteEndpoint handleCancellation
WARNING: Unmatched cancel notification for request id 196
2025.10.15 13:39:35 INFO  no build target found for C:\Users\leo11\OneDrive\Desktop\HTWG\AIN\Semester5\Web-apps\web-tui\app\controllers\GameController.scala. Using presentation compiler with project's scala-library version: 3.3.6
2025.10.15 13:39:50 INFO  no build target found for C:\Users\leo11\OneDrive\Desktop\HTWG\AIN\Semester5\Web-apps\web-tui\app\controllers\GameController.scala. Using presentation compiler with project's scala-library version: 3.3.6
2025.10.15 15:07:40 WARN  no build target for: C:\Users\leo11\OneDrive\Desktop\HTWG\AIN\Semester5\Web-apps\web-tui\app\controllers\GameController.scala
2025.10.15 15:07:40 INFO  no build target found for C:\Users\leo11\OneDrive\Desktop\HTWG\AIN\Semester5\Web-apps\web-tui\app\controllers\GameController.scala. Using presentation compiler with project's scala-library version: 3.3.6
2025.10.15 15:07:40 INFO  no build target found for C:\Users\leo11\OneDrive\Desktop\HTWG\AIN\Semester5\Web-apps\web-tui\app\controllers\GameController.scala. Using presentation compiler with project's scala-library version: 3.3.6
2025.10.15 15:07:46 INFO  no build target found for C:\Users\leo11\OneDrive\Desktop\HTWG\AIN\Semester5\Web-apps\web-tui\app\controllers\GameController.scala. Using presentation compiler with project's scala-library version: 3.3.6
2025.10.15 15:07:46 INFO  no build target found for C:\Users\leo11\OneDrive\Desktop\HTWG\AIN\Semester5\Web-apps\web-tui\app\controllers\GameController.scala. Using presentation compiler with project's scala-library version: 3.3.6
2025.10.15 15:07:47 INFO  no build target found for C:\Users\leo11\OneDrive\Desktop\HTWG\AIN\Semester5\Web-apps\web-tui\app\controllers\GameController.scala. Using presentation compiler with project's scala-library version: 3.3.6
2025.10.15 15:07:48 INFO  no build target found for C:\Users\leo11\OneDrive\Desktop\HTWG\AIN\Semester5\Web-apps\web-tui\app\controllers\GameController.scala. Using presentation compiler with project's scala-library version: 3.3.6
2025.10.15 15:07:49 INFO  no build target found for C:\Users\leo11\OneDrive\Desktop\HTWG\AIN\Semester5\Web-apps\web-tui\app\controllers\GameController.scala. Using presentation compiler with project's scala-library version: 3.3.6
2025.10.15 15:07:50 INFO  no build target found for C:\Users\leo11\OneDrive\Desktop\HTWG\AIN\Semester5\Web-apps\web-tui\app\controllers\GameController.scala. Using presentation compiler with project's scala-library version: 3.3.6
2025.10.15 15:07:50 INFO  no build target found for C:\Users\leo11\OneDrive\Desktop\HTWG\AIN\Semester5\Web-apps\web-tui\app\controllers\GameController.scala. Using presentation compiler with project's scala-library version: 3.3.6
2025.10.15 15:07:50 INFO  no build target found for C:\Users\leo11\OneDrive\Desktop\HTWG\AIN\Semester5\Web-apps\web-tui\app\controllers\GameController.scala. Using presentation compiler with project's scala-library version: 3.3.6
2025.10.15 15:07:50 INFO  no build target found for C:\Users\leo11\OneDrive\Desktop\HTWG\AIN\Semester5\Web-apps\web-tui\app\controllers\GameController.scala. Using presentation compiler with project's scala-library version: 3.3.6
2025.10.15 15:07:52 WARN  no build target for: C:\Users\leo11\OneDrive\Desktop\HTWG\AIN\Semester5\Web-apps\web-tui\app\controllers\GameController.scala
2025.10.15 15:07:52 INFO  no build target found for C:\Users\leo11\OneDrive\Desktop\HTWG\AIN\Semester5\Web-apps\web-tui\app\controllers\GameController.scala. Using presentation compiler with project's scala-library version: 3.3.6
2025.10.15 15:07:52 INFO  no build target found for C:\Users\leo11\OneDrive\Desktop\HTWG\AIN\Semester5\Web-apps\web-tui\app\controllers\GameController.scala. Using presentation compiler with project's scala-library version: 3.3.6
2025.10.15 15:30:56 WARN  no build target for: C:\Users\leo11\OneDrive\Desktop\HTWG\AIN\Semester5\Web-apps\web-tui\app\web\WebTUI.scala
2025.10.15 15:30:56 INFO  no build target found for C:\Users\leo11\OneDrive\Desktop\HTWG\AIN\Semester5\Web-apps\web-tui\app\web\WebTUI.scala. Using presentation compiler with project's scala-library version: 3.3.6
2025.10.15 15:30:56 INFO  no build target found for C:\Users\leo11\OneDrive\Desktop\HTWG\AIN\Semester5\Web-apps\web-tui\app\web\WebTUI.scala. Using presentation compiler with project's scala-library version: 3.3.6
Oct 15, 2025 3:30:56 PM org.eclipse.lsp4j.jsonrpc.RemoteEndpoint handleCancellation
WARNING: Unmatched cancel notification for request id 258
2025.10.15 15:30:59 INFO  no build target found for C:\Users\leo11\OneDrive\Desktop\HTWG\AIN\Semester5\Web-apps\web-tui\app\web\WebTUI.scala. Using presentation compiler with project's scala-library version: 3.3.6
2025.10.15 15:31:02 INFO  no build target found for C:\Users\leo11\OneDrive\Desktop\HTWG\AIN\Semester5\Web-apps\web-tui\app\web\WebTUI.scala. Using presentation compiler with project's scala-library version: 3.3.6
2025.10.15 15:31:02 INFO  no build target found for C:\Users\leo11\OneDrive\Desktop\HTWG\AIN\Semester5\Web-apps\web-tui\app\web\WebTUI.scala. Using presentation compiler with project's scala-library version: 3.3.6
2025.10.15 15:31:04 INFO  no build target found for C:\Users\leo11\OneDrive\Desktop\HTWG\AIN\Semester5\Web-apps\web-tui\app\web\WebTUI.scala. Using presentation compiler with project's scala-library version: 3.3.6
2025.10.15 15:31:23 INFO  no build target found for C:\Users\leo11\OneDrive\Desktop\HTWG\AIN\Semester5\Web-apps\web-tui\app\web\WebTUI.scala. Using presentation compiler with project's scala-library version: 3.3.6
2025.10.15 15:31:25 INFO  no build target found for C:\Users\leo11\OneDrive\Desktop\HTWG\AIN\Semester5\Web-apps\web-tui\app\web\WebTUI.scala. Using presentation compiler with project's scala-library version: 3.3.6
2025.10.15 15:31:36 INFO  no build target found for C:\Users\leo11\OneDrive\Desktop\HTWG\AIN\Semester5\Web-apps\web-tui\app\web\WebTUI.scala. Using presentation compiler with project's scala-library version: 3.3.6
2025.10.15 15:31:36 INFO  no build target found for C:\Users\leo11\OneDrive\Desktop\HTWG\AIN\Semester5\Web-apps\web-tui\app\web\WebTUI.scala. Using presentation compiler with project's scala-library version: 3.3.6
2025.10.15 15:31:40 INFO  no build target found for C:\Users\leo11\OneDrive\Desktop\HTWG\AIN\Semester5\Web-apps\web-tui\app\web\WebTUI.scala. Using presentation compiler with project's scala-library version: 3.3.6
2025.10.15 15:31:42 INFO  no build target found for C:\Users\leo11\OneDrive\Desktop\HTWG\AIN\Semester5\Web-apps\web-tui\app\web\WebTUI.scala. Using presentation compiler with project's scala-library version: 3.3.6
2025.10.15 15:31:42 INFO  no build target found for C:\Users\leo11\OneDrive\Desktop\HTWG\AIN\Semester5\Web-apps\web-tui\app\web\WebTUI.scala. Using presentation compiler with project's scala-library version: 3.3.6
2025.10.15 15:31:43 INFO  no build target found for C:\Users\leo11\OneDrive\Desktop\HTWG\AIN\Semester5\Web-apps\web-tui\app\web\WebTUI.scala. Using presentation compiler with project's scala-library version: 3.3.6
2025.10.15 15:31:44 INFO  no build target found for C:\Users\leo11\OneDrive\Desktop\HTWG\AIN\Semester5\Web-apps\web-tui\app\web\WebTUI.scala. Using presentation compiler with project's scala-library version: 3.3.6
2025.10.15 15:31:49 INFO  no build target found for C:\Users\leo11\OneDrive\Desktop\HTWG\AIN\Semester5\Web-apps\web-tui\app\web\WebTUI.scala. Using presentation compiler with project's scala-library version: 3.3.6
2025.10.15 15:31:49 INFO  no build target found for C:\Users\leo11\OneDrive\Desktop\HTWG\AIN\Semester5\Web-apps\web-tui\app\web\WebTUI.scala. Using presentation compiler with project's scala-library version: 3.3.6
2025.10.15 15:31:49 INFO  no build target found for C:\Users\leo11\OneDrive\Desktop\HTWG\AIN\Semester5\Web-apps\web-tui\app\web\WebTUI.scala. Using presentation compiler with project's scala-library version: 3.3.6
2025.10.15 15:31:50 INFO  no build target found for C:\Users\leo11\OneDrive\Desktop\HTWG\AIN\Semester5\Web-apps\web-tui\app\web\WebTUI.scala. Using presentation compiler with project's scala-library version: 3.3.6
2025.10.15 15:31:50 INFO  no build target found for C:\Users\leo11\OneDrive\Desktop\HTWG\AIN\Semester5\Web-apps\web-tui\app\web\WebTUI.scala. Using presentation compiler with project's scala-library version: 3.3.6
2025.10.15 15:31:55 INFO  no build target found for C:\Users\leo11\OneDrive\Desktop\HTWG\AIN\Semester5\Web-apps\web-tui\app\web\WebTUI.scala. Using presentation compiler with project's scala-library version: 3.3.6
2025.10.15 15:31:55 INFO  no build target found for C:\Users\leo11\OneDrive\Desktop\HTWG\AIN\Semester5\Web-apps\web-tui\app\web\WebTUI.scala. Using presentation compiler with project's scala-library version: 3.3.6
2025.10.15 15:31:57 INFO  no build target found for C:\Users\leo11\OneDrive\Desktop\HTWG\AIN\Semester5\Web-apps\web-tui\app\web\WebTUI.scala. Using presentation compiler with project's scala-library version: 3.3.6
2025.10.15 15:32:01 INFO  no build target found for C:\Users\leo11\OneDrive\Desktop\HTWG\AIN\Semester5\Web-apps\web-tui\app\web\WebTUI.scala. Using presentation compiler with project's scala-library version: 3.3.6
2025.10.15 15:32:06 INFO  no build target found for C:\Users\leo11\OneDrive\Desktop\HTWG\AIN\Semester5\Web-apps\web-tui\app\web\WebTUI.scala. Using presentation compiler with project's scala-library version: 3.3.6
2025.10.15 15:32:17 INFO  no build target found for C:\Users\leo11\OneDrive\Desktop\HTWG\AIN\Semester5\Web-apps\web-tui\app\web\WebTUI.scala. Using presentation compiler with project's scala-library version: 3.3.6
2025.10.15 15:32:21 INFO  no build target found for C:\Users\leo11\OneDrive\Desktop\HTWG\AIN\Semester5\Web-apps\web-tui\app\web\WebTUI.scala. Using presentation compiler with project's scala-library version: 3.3.6
2025.10.15 15:32:28 INFO  no build target found for C:\Users\leo11\OneDrive\Desktop\HTWG\AIN\Semester5\Web-apps\web-tui\app\web\WebTUI.scala. Using presentation compiler with project's scala-library version: 3.3.6
2025.10.15 15:32:35 INFO  no build target found for C:\Users\leo11\OneDrive\Desktop\HTWG\AIN\Semester5\Web-apps\web-tui\app\web\WebTUI.scala. Using presentation compiler with project's scala-library version: 3.3.6
2025.10.15 15:32:35 INFO  no build target found for C:\Users\leo11\OneDrive\Desktop\HTWG\AIN\Semester5\Web-apps\web-tui\app\web\WebTUI.scala. Using presentation compiler with project's scala-library version: 3.3.6
2025.10.15 15:32:38 INFO  no build target found for C:\Users\leo11\OneDrive\Desktop\HTWG\AIN\Semester5\Web-apps\web-tui\app\web\WebTUI.scala. Using presentation compiler with project's scala-library version: 3.3.6
2025.10.15 15:32:38 INFO  no build target found for C:\Users\leo11\OneDrive\Desktop\HTWG\AIN\Semester5\Web-apps\web-tui\app\web\WebTUI.scala. Using presentation compiler with project's scala-library version: 3.3.6
2025.10.15 15:32:38 INFO  no build target found for C:\Users\leo11\OneDrive\Desktop\HTWG\AIN\Semester5\Web-apps\web-tui\app\web\WebTUI.scala. Using presentation compiler with project's scala-library version: 3.3.6
2025.10.15 15:32:39 INFO  no build target found for C:\Users\leo11\OneDrive\Desktop\HTWG\AIN\Semester5\Web-apps\web-tui\app\web\WebTUI.scala. Using presentation compiler with project's scala-library version: 3.3.6
2025.10.15 15:32:42 INFO  no build target found for C:\Users\leo11\OneDrive\Desktop\HTWG\AIN\Semester5\Web-apps\web-tui\app\web\WebTUI.scala. Using presentation compiler with project's scala-library version: 3.3.6
2025.10.15 15:32:51 INFO  no build target found for C:\Users\leo11\OneDrive\Desktop\HTWG\AIN\Semester5\Web-apps\web-tui\app\web\WebTUI.scala. Using presentation compiler with project's scala-library version: 3.3.6
2025.10.15 15:32:55 INFO  no build target found for C:\Users\leo11\OneDrive\Desktop\HTWG\AIN\Semester5\Web-apps\web-tui\app\web\WebTUI.scala. Using presentation compiler with project's scala-library version: 3.3.6
2025.10.15 15:32:56 INFO  no build target found for C:\Users\leo11\OneDrive\Desktop\HTWG\AIN\Semester5\Web-apps\web-tui\app\web\WebTUI.scala. Using presentation compiler with project's scala-library version: 3.3.6
2025.10.15 15:32:59 INFO  no build target found for C:\Users\leo11\OneDrive\Desktop\HTWG\AIN\Semester5\Web-apps\web-tui\app\web\WebTUI.scala. Using presentation compiler with project's scala-library version: 3.3.6
2025.10.15 15:32:59 INFO  no build target found for C:\Users\leo11\OneDrive\Desktop\HTWG\AIN\Semester5\Web-apps\web-tui\app\web\WebTUI.scala. Using presentation compiler with project's scala-library version: 3.3.6
2025.10.15 15:36:56 WARN  no build target for: C:\Users\leo11\OneDrive\Desktop\HTWG\AIN\Semester5\Web-apps\web-tui\app\controllers\GameController.scala
2025.10.15 15:36:56 INFO  no build target found for C:\Users\leo11\OneDrive\Desktop\HTWG\AIN\Semester5\Web-apps\web-tui\app\controllers\GameController.scala. Using presentation compiler with project's scala-library version: 3.3.6
2025.10.15 15:36:56 INFO  no build target found for C:\Users\leo11\OneDrive\Desktop\HTWG\AIN\Semester5\Web-apps\web-tui\app\controllers\GameController.scala. Using presentation compiler with project's scala-library version: 3.3.6
2025.10.15 15:36:56 INFO  no build target found for C:\Users\leo11\OneDrive\Desktop\HTWG\AIN\Semester5\Web-apps\web-tui\app\controllers\GameController.scala. Using presentation compiler with project's scala-library version: 3.3.6
2025.10.15 15:36:56 INFO  no build target found for C:\Users\leo11\OneDrive\Desktop\HTWG\AIN\Semester5\Web-apps\web-tui\app\controllers\GameController.scala. Using presentation compiler with project's scala-library version: 3.3.6
2025.10.15 15:36:58 INFO  no build target found for C:\Users\leo11\OneDrive\Desktop\HTWG\AIN\Semester5\Web-apps\web-tui\app\controllers\GameController.scala. Using presentation compiler with project's scala-library version: 3.3.6
2025.10.15 15:36:58 INFO  no build target found for C:\Users\leo11\OneDrive\Desktop\HTWG\AIN\Semester5\Web-apps\web-tui\app\controllers\GameController.scala. Using presentation compiler with project's scala-library version: 3.3.6
2025.10.15 15:36:58 INFO  no build target found for C:\Users\leo11\OneDrive\Desktop\HTWG\AIN\Semester5\Web-apps\web-tui\app\controllers\GameController.scala. Using presentation compiler with project's scala-library version: 3.3.6
2025.10.15 15:36:59 INFO  no build target found for C:\Users\leo11\OneDrive\Desktop\HTWG\AIN\Semester5\Web-apps\web-tui\app\controllers\GameController.scala. Using presentation compiler with project's scala-library version: 3.3.6
2025.10.15 15:36:58 INFO  no build target found for C:\Users\leo11\OneDrive\Desktop\HTWG\AIN\Semester5\Web-apps\web-tui\app\controllers\GameController.scala. Using presentation compiler with project's scala-library version: 3.3.6
2025.10.15 15:37:01 INFO  no build target found for C:\Users\leo11\OneDrive\Desktop\HTWG\AIN\Semester5\Web-apps\web-tui\app\controllers\GameController.scala. Using presentation compiler with project's scala-library version: 3.3.6
2025.10.15 15:37:01 INFO  no build target found for C:\Users\leo11\OneDrive\Desktop\HTWG\AIN\Semester5\Web-apps\web-tui\app\controllers\GameController.scala. Using presentation compiler with project's scala-library version: 3.3.6
2025.10.15 15:37:01 INFO  no build target found for C:\Users\leo11\OneDrive\Desktop\HTWG\AIN\Semester5\Web-apps\web-tui\app\controllers\GameController.scala. Using presentation compiler with project's scala-library version: 3.3.6
2025.10.15 15:37:02 INFO  no build target found for C:\Users\leo11\OneDrive\Desktop\HTWG\AIN\Semester5\Web-apps\web-tui\app\controllers\GameController.scala. Using presentation compiler with project's scala-library version: 3.3.6
2025.10.15 15:37:03 WARN  no build target for: C:\Users\leo11\OneDrive\Desktop\HTWG\AIN\Semester5\Web-apps\web-tui\app\controllers\GameController.scala
2025.10.15 15:37:02 INFO  no build target found for C:\Users\leo11\OneDrive\Desktop\HTWG\AIN\Semester5\Web-apps\web-tui\app\controllers\GameController.scala. Using presentation compiler with project's scala-library version: 3.3.6
2025.10.15 15:37:03 INFO  no build target found for C:\Users\leo11\OneDrive\Desktop\HTWG\AIN\Semester5\Web-apps\web-tui\app\controllers\GameController.scala. Using presentation compiler with project's scala-library version: 3.3.6
2025.10.15 15:37:16 INFO  no build target found for C:\Users\leo11\OneDrive\Desktop\HTWG\AIN\Semester5\Web-apps\web-tui\app\controllers\GameController.scala. Using presentation compiler with project's scala-library version: 3.3.6
2025.10.15 15:37:19 INFO  no build target found for C:\Users\leo11\OneDrive\Desktop\HTWG\AIN\Semester5\Web-apps\web-tui\app\controllers\GameController.scala. Using presentation compiler with project's scala-library version: 3.3.6
2025.10.15 15:37:23 INFO  no build target found for C:\Users\leo11\OneDrive\Desktop\HTWG\AIN\Semester5\Web-apps\web-tui\app\controllers\GameController.scala. Using presentation compiler with project's scala-library version: 3.3.6
2025.10.15 15:48:05 WARN  no build target for: C:\Users\leo11\OneDrive\Desktop\HTWG\AIN\Semester5\Web-apps\web-tui\app\web\WebTUI.scala
2025.10.15 15:48:05 INFO  no build target found for C:\Users\leo11\OneDrive\Desktop\HTWG\AIN\Semester5\Web-apps\web-tui\app\web\WebTUI.scala. Using presentation compiler with project's scala-library version: 3.3.6
2025.10.15 15:48:05 INFO  no build target found for C:\Users\leo11\OneDrive\Desktop\HTWG\AIN\Semester5\Web-apps\web-tui\app\web\WebTUI.scala. Using presentation compiler with project's scala-library version: 3.3.6
2025.10.15 15:48:05 INFO  no build target found for C:\Users\leo11\OneDrive\Desktop\HTWG\AIN\Semester5\Web-apps\web-tui\app\web\WebTUI.scala. Using presentation compiler with project's scala-library version: 3.3.6
2025.10.15 15:48:05 INFO  no build target found for C:\Users\leo11\OneDrive\Desktop\HTWG\AIN\Semester5\Web-apps\web-tui\app\web\WebTUI.scala. Using presentation compiler with project's scala-library version: 3.3.6
2025.10.15 15:48:05 INFO  no build target found for C:\Users\leo11\OneDrive\Desktop\HTWG\AIN\Semester5\Web-apps\web-tui\app\web\WebTUI.scala. Using presentation compiler with project's scala-library version: 3.3.6
2025.10.15 15:48:05 INFO  no build target found for C:\Users\leo11\OneDrive\Desktop\HTWG\AIN\Semester5\Web-apps\web-tui\app\web\WebTUI.scala. Using presentation compiler with project's scala-library version: 3.3.6
2025.10.15 15:48:09 INFO  no build target found for C:\Users\leo11\OneDrive\Desktop\HTWG\AIN\Semester5\Web-apps\web-tui\app\web\WebTUI.scala. Using presentation compiler with project's scala-library version: 3.3.6
2025.10.15 15:48:10 INFO  no build target found for C:\Users\leo11\OneDrive\Desktop\HTWG\AIN\Semester5\Web-apps\web-tui\app\web\WebTUI.scala. Using presentation compiler with project's scala-library version: 3.3.6
2025.10.15 15:48:10 INFO  no build target found for C:\Users\leo11\OneDrive\Desktop\HTWG\AIN\Semester5\Web-apps\web-tui\app\web\WebTUI.scala. Using presentation compiler with project's scala-library version: 3.3.6
2025.10.15 15:48:10 INFO  no build target found for C:\Users\leo11\OneDrive\Desktop\HTWG\AIN\Semester5\Web-apps\web-tui\app\web\WebTUI.scala. Using presentation compiler with project's scala-library version: 3.3.6
2025.10.15 15:48:12 WARN  no build target for: C:\Users\leo11\OneDrive\Desktop\HTWG\AIN\Semester5\Web-apps\web-tui\app\web\WebTUI.scala
2025.10.15 15:48:12 INFO  no build target found for C:\Users\leo11\OneDrive\Desktop\HTWG\AIN\Semester5\Web-apps\web-tui\app\web\WebTUI.scala. Using presentation compiler with project's scala-library version: 3.3.6
2025.10.15 15:48:12 INFO  no build target found for C:\Users\leo11\OneDrive\Desktop\HTWG\AIN\Semester5\Web-apps\web-tui\app\web\WebTUI.scala. Using presentation compiler with project's scala-library version: 3.3.6
2025.10.15 15:48:15 INFO  no build target found for C:\Users\leo11\OneDrive\Desktop\HTWG\AIN\Semester5\Web-apps\web-tui\app\web\WebTUI.scala. Using presentation compiler with project's scala-library version: 3.3.6
2025.10.15 15:48:21 INFO  no build target found for C:\Users\leo11\OneDrive\Desktop\HTWG\AIN\Semester5\Web-apps\web-tui\app\web\WebTUI.scala. Using presentation compiler with project's scala-library version: 3.3.6
2025.10.15 15:49:31 WARN  no build target for: C:\Users\leo11\OneDrive\Desktop\HTWG\AIN\Semester5\Web-apps\web-tui\app\web\WebTUI.scala
2025.10.15 15:49:31 INFO  no build target found for C:\Users\leo11\OneDrive\Desktop\HTWG\AIN\Semester5\Web-apps\web-tui\app\web\WebTUI.scala. Using presentation compiler with project's scala-library version: 3.3.6
2025.10.15 15:49:31 INFO  no build target found for C:\Users\leo11\OneDrive\Desktop\HTWG\AIN\Semester5\Web-apps\web-tui\app\web\WebTUI.scala. Using presentation compiler with project's scala-library version: 3.3.6
2025.10.15 15:49:35 INFO  Shutting down server
2025.10.15 15:49:35 INFO  shutting down Metals
2025.10.15 15:49:35 ERROR Unexpected error initializing server: 
org.eclipse.lsp4j.jsonrpc.ResponseErrorException: Request window/showMessageRequest failed with message: Canceled
	at org.eclipse.lsp4j.jsonrpc.RemoteEndpoint.handleResponse(RemoteEndpoint.java:220)
	at org.eclipse.lsp4j.jsonrpc.RemoteEndpoint.consume(RemoteEndpoint.java:204)
	at org.eclipse.lsp4j.jsonrpc.json.StreamMessageProducer.handleMessage(StreamMessageProducer.java:185)
	at org.eclipse.lsp4j.jsonrpc.json.StreamMessageProducer.listen(StreamMessageProducer.java:97)
	at org.eclipse.lsp4j.jsonrpc.json.ConcurrentMessageProcessor.run(ConcurrentMessageProcessor.java:114)
	at java.util.concurrent.Executors$RunnableAdapter.call(Executors.java:572)
	at java.util.concurrent.FutureTask.run(FutureTask.java:317)
	at java.util.concurrent.ThreadPoolExecutor.runWorker(ThreadPoolExecutor.java:1144)
	at java.util.concurrent.ThreadPoolExecutor$Worker.run(ThreadPoolExecutor.java:642)
	at java.lang.Thread.run(Thread.java:1570)

2025.10.15 15:49:35 INFO  Exiting server
2025.10.16 08:11:58 INFO  Started: Metals version 1.6.2 in folders 'C:\Users\leo11\OneDrive\Desktop\HTWG\AIN\Semester5\Web-apps\web-tui' for client Visual Studio Code 1.105.0.
2025.10.16 08:12:00 INFO  no build target found for C:\Users\leo11\OneDrive\Desktop\HTWG\AIN\Semester5\Web-apps\web-tui\app\web\WebTUI.scala. Using presentation compiler with project's scala-library version: 3.3.6
2025.10.16 08:13:38 WARN  Build server is not auto-connectable.
2025.10.16 08:13:38 INFO  no build target found for C:\Users\leo11\OneDrive\Desktop\HTWG\AIN\Semester5\Web-apps\web-tui\app\web\WebTUI.scala. Using presentation compiler with project's scala-library version: 3.3.6
2025.10.16 08:13:38 WARN  no build target for: C:\Users\leo11\OneDrive\Desktop\HTWG\AIN\Semester5\Web-apps\web-tui\app\web\WebTUI.scala
2025.10.16 08:13:38 INFO  no build target found for C:\Users\leo11\OneDrive\Desktop\HTWG\AIN\Semester5\Web-apps\web-tui\app\web\WebTUI.scala. Using presentation compiler with project's scala-library version: 3.3.6
2025.10.16 08:13:38 INFO  no build target found for C:\Users\leo11\OneDrive\Desktop\HTWG\AIN\Semester5\Web-apps\web-tui\app\web\WebTUI.scala. Using presentation compiler with project's scala-library version: 3.3.6
2025.10.16 08:13:40 INFO  time: code lens generation in 2.4s
2025.10.16 08:13:40 INFO  time: code lens generation in 2.4s
2025.10.16 08:13:40 INFO  time: code lens generation in 2.4s
2025.10.16 08:21:43 ERROR scala.meta.internal.metals.debug.DiscoveryFailures$BuildTargetNotFoundForPathException: No build target could be found for the path: C:\Users\leo11\OneDrive\Desktop\HTWG\AIN\Semester5\Web-apps\web-tui\app\web\WebTUI.scala
	at scala.meta.internal.metals.debug.DebugDiscovery.validate(DebugDiscovery.scala:84)
	at scala.meta.internal.metals.debug.DebugDiscovery.debugDiscovery(DebugDiscovery.scala:154)
	at scala.meta.internal.metals.debug.DebugDiscovery.runCommandDiscovery(DebugDiscovery.scala:62)
	at scala.meta.internal.metals.MetalsLspService.discoverMainClasses(MetalsLspService.scala:1519)
	at scala.meta.internal.metals.WorkspaceLspService.executeCommand(WorkspaceLspService.scala:916)
	at scala.meta.metals.lsp.DelegatingScalaService.executeCommand(DelegatingScalaService.scala:169)
	at jdk.internal.reflect.DirectMethodHandleAccessor.invoke(DirectMethodHandleAccessor.java:103)
	at java.lang.reflect.Method.invoke(Method.java:580)
	at org.eclipse.lsp4j.jsonrpc.services.GenericEndpoint.lambda$recursiveFindRpcMethods$0(GenericEndpoint.java:65)
	at org.eclipse.lsp4j.jsonrpc.services.GenericEndpoint.request(GenericEndpoint.java:128)
	at org.eclipse.lsp4j.jsonrpc.RemoteEndpoint.handleRequest(RemoteEndpoint.java:271)
	at org.eclipse.lsp4j.jsonrpc.RemoteEndpoint.consume(RemoteEndpoint.java:201)
	at org.eclipse.lsp4j.jsonrpc.json.StreamMessageProducer.handleMessage(StreamMessageProducer.java:185)
	at org.eclipse.lsp4j.jsonrpc.json.StreamMessageProducer.listen(StreamMessageProducer.java:97)
	at org.eclipse.lsp4j.jsonrpc.json.ConcurrentMessageProcessor.run(ConcurrentMessageProcessor.java:114)
	at java.util.concurrent.Executors$RunnableAdapter.call(Executors.java:572)
	at java.util.concurrent.FutureTask.run(FutureTask.java:317)
	at java.util.concurrent.ThreadPoolExecutor.runWorker(ThreadPoolExecutor.java:1144)
	at java.util.concurrent.ThreadPoolExecutor$Worker.run(ThreadPoolExecutor.java:642)
	at java.lang.Thread.run(Thread.java:1570)

2025.10.16 08:21:43 WARN  no build target for: C:\Users\leo11\OneDrive\Desktop\HTWG\AIN\Semester5\Web-apps\web-tui\app\web\WebTUI.scala
2025.10.16 08:21:43 ERROR scala.meta.internal.metals.debug.DiscoveryFailures$BuildTargetNotFoundForPathException: No build target could be found for the path: C:\Users\leo11\OneDrive\Desktop\HTWG\AIN\Semester5\Web-apps\web-tui\app\web\WebTUI.scala
	at scala.meta.internal.metals.debug.DebugDiscovery.validate(DebugDiscovery.scala:84)
	at scala.meta.internal.metals.debug.DebugDiscovery.debugDiscovery(DebugDiscovery.scala:154)
	at scala.meta.internal.metals.MetalsLspService.debugDiscovery(MetalsLspService.scala:1486)
	at scala.meta.internal.metals.WorkspaceLspService.executeCommand(WorkspaceLspService.scala:1118)
	at scala.meta.metals.lsp.DelegatingScalaService.executeCommand(DelegatingScalaService.scala:169)
	at jdk.internal.reflect.DirectMethodHandleAccessor.invoke(DirectMethodHandleAccessor.java:103)
	at java.lang.reflect.Method.invoke(Method.java:580)
	at org.eclipse.lsp4j.jsonrpc.services.GenericEndpoint.lambda$recursiveFindRpcMethods$0(GenericEndpoint.java:65)
	at org.eclipse.lsp4j.jsonrpc.services.GenericEndpoint.request(GenericEndpoint.java:128)
	at org.eclipse.lsp4j.jsonrpc.RemoteEndpoint.handleRequest(RemoteEndpoint.java:271)
	at org.eclipse.lsp4j.jsonrpc.RemoteEndpoint.consume(RemoteEndpoint.java:201)
	at org.eclipse.lsp4j.jsonrpc.json.StreamMessageProducer.handleMessage(StreamMessageProducer.java:185)
	at org.eclipse.lsp4j.jsonrpc.json.StreamMessageProducer.listen(StreamMessageProducer.java:97)
	at org.eclipse.lsp4j.jsonrpc.json.ConcurrentMessageProcessor.run(ConcurrentMessageProcessor.java:114)
	at java.util.concurrent.Executors$RunnableAdapter.call(Executors.java:572)
	at java.util.concurrent.FutureTask.run(FutureTask.java:317)
	at java.util.concurrent.ThreadPoolExecutor.runWorker(ThreadPoolExecutor.java:1144)
	at java.util.concurrent.ThreadPoolExecutor$Worker.run(ThreadPoolExecutor.java:642)
	at java.lang.Thread.run(Thread.java:1570)

2025.10.16 08:21:43 INFO  no build target found for C:\Users\leo11\OneDrive\Desktop\HTWG\AIN\Semester5\Web-apps\web-tui\app\web\WebTUI.scala. Using presentation compiler with project's scala-library version: 3.3.6
2025.10.16 08:29:35 INFO  no build target found for C:\Users\leo11\OneDrive\Desktop\HTWG\AIN\Semester5\Web-apps\web-tui\app\backend\Backend.scala. Using presentation compiler with project's scala-library version: 3.3.6
2025.10.16 08:29:35 WARN  no build target for: C:\Users\leo11\OneDrive\Desktop\HTWG\AIN\Semester5\Web-apps\web-tui\app\backend\Backend.scala
2025.10.16 08:29:35 INFO  no build target found for C:\Users\leo11\OneDrive\Desktop\HTWG\AIN\Semester5\Web-apps\web-tui\app\backend\Backend.scala. Using presentation compiler with project's scala-library version: 3.3.6
2025.10.16 08:29:35 WARN  Could not find semantic tokens for: file:///C:/Users/leo11/OneDrive/Desktop/HTWG/AIN/Semester5/Web-apps/web-tui/app/backend/Backend.scala
2025.10.16 08:29:38 INFO  no build target found for C:\Users\leo11\OneDrive\Desktop\HTWG\AIN\Semester5\Web-apps\web-tui\app\backend\Backend.scala. Using presentation compiler with project's scala-library version: 3.3.6
2025.10.16 08:29:38 INFO  no build target found for C:\Users\leo11\OneDrive\Desktop\HTWG\AIN\Semester5\Web-apps\web-tui\app\backend\Backend.scala. Using presentation compiler with project's scala-library version: 3.3.6
2025.10.16 08:29:40 WARN  no build target for: C:\Users\leo11\OneDrive\Desktop\HTWG\AIN\Semester5\Web-apps\web-tui\app\backend\Backend.scala
2025.10.16 08:29:40 INFO  no build target found for C:\Users\leo11\OneDrive\Desktop\HTWG\AIN\Semester5\Web-apps\web-tui\app\backend\Backend.scala. Using presentation compiler with project's scala-library version: 3.3.6
2025.10.16 08:29:40 INFO  no build target found for C:\Users\leo11\OneDrive\Desktop\HTWG\AIN\Semester5\Web-apps\web-tui\app\backend\Backend.scala. Using presentation compiler with project's scala-library version: 3.3.6
2025.10.16 08:30:00 WARN  no build target for: C:\Users\leo11\OneDrive\Desktop\HTWG\AIN\Semester5\Web-apps\web-tui\app\web\WebTUI.scala
2025.10.16 08:30:00 INFO  no build target found for C:\Users\leo11\OneDrive\Desktop\HTWG\AIN\Semester5\Web-apps\web-tui\app\web\WebTUI.scala. Using presentation compiler with project's scala-library version: 3.3.6
2025.10.16 08:30:00 INFO  no build target found for C:\Users\leo11\OneDrive\Desktop\HTWG\AIN\Semester5\Web-apps\web-tui\app\web\WebTUI.scala. Using presentation compiler with project's scala-library version: 3.3.6
2025.10.16 08:30:00 INFO  no build target found for C:\Users\leo11\OneDrive\Desktop\HTWG\AIN\Semester5\Web-apps\web-tui\app\web\WebTUI.scala. Using presentation compiler with project's scala-library version: 3.3.6
2025.10.16 08:30:01 INFO  no build target found for C:\Users\leo11\OneDrive\Desktop\HTWG\AIN\Semester5\Web-apps\web-tui\app\web\WebTUI.scala. Using presentation compiler with project's scala-library version: 3.3.6
2025.10.16 08:30:01 INFO  no build target found for C:\Users\leo11\OneDrive\Desktop\HTWG\AIN\Semester5\Web-apps\web-tui\app\web\WebTUI.scala. Using presentation compiler with project's scala-library version: 3.3.6
2025.10.16 08:30:01 INFO  no build target found for C:\Users\leo11\OneDrive\Desktop\HTWG\AIN\Semester5\Web-apps\web-tui\app\web\WebTUI.scala. Using presentation compiler with project's scala-library version: 3.3.6
2025.10.16 08:30:03 INFO  no build target found for C:\Users\leo11\OneDrive\Desktop\HTWG\AIN\Semester5\Web-apps\web-tui\app\web\WebTUI.scala. Using presentation compiler with project's scala-library version: 3.3.6
2025.10.16 08:30:03 INFO  no build target found for C:\Users\leo11\OneDrive\Desktop\HTWG\AIN\Semester5\Web-apps\web-tui\app\web\WebTUI.scala. Using presentation compiler with project's scala-library version: 3.3.6
2025.10.16 08:30:04 INFO  no build target found for C:\Users\leo11\OneDrive\Desktop\HTWG\AIN\Semester5\Web-apps\web-tui\app\web\WebTUI.scala. Using presentation compiler with project's scala-library version: 3.3.6
2025.10.16 08:30:09 INFO  no build target found for C:\Users\leo11\OneDrive\Desktop\HTWG\AIN\Semester5\Web-apps\web-tui\app\web\WebTUI.scala. Using presentation compiler with project's scala-library version: 3.3.6
2025.10.16 08:30:12 INFO  no build target found for C:\Users\leo11\OneDrive\Desktop\HTWG\AIN\Semester5\Web-apps\web-tui\app\web\WebTUI.scala. Using presentation compiler with project's scala-library version: 3.3.6
2025.10.16 08:30:12 INFO  no build target found for C:\Users\leo11\OneDrive\Desktop\HTWG\AIN\Semester5\Web-apps\web-tui\app\web\WebTUI.scala. Using presentation compiler with project's scala-library version: 3.3.6
2025.10.16 08:30:12 INFO  no build target found for C:\Users\leo11\OneDrive\Desktop\HTWG\AIN\Semester5\Web-apps\web-tui\app\web\WebTUI.scala. Using presentation compiler with project's scala-library version: 3.3.6
2025.10.16 08:30:13 INFO  no build target found for C:\Users\leo11\OneDrive\Desktop\HTWG\AIN\Semester5\Web-apps\web-tui\app\web\WebTUI.scala. Using presentation compiler with project's scala-library version: 3.3.6
2025.10.16 08:30:16 INFO  no build target found for C:\Users\leo11\OneDrive\Desktop\HTWG\AIN\Semester5\Web-apps\web-tui\app\web\WebTUI.scala. Using presentation compiler with project's scala-library version: 3.3.6
2025.10.16 08:30:27 INFO  no build target found for C:\Users\leo11\OneDrive\Desktop\HTWG\AIN\Semester5\Web-apps\web-tui\app\web\WebTUI.scala. Using presentation compiler with project's scala-library version: 3.3.6
2025.10.16 08:30:27 INFO  no build target found for C:\Users\leo11\OneDrive\Desktop\HTWG\AIN\Semester5\Web-apps\web-tui\app\web\WebTUI.scala. Using presentation compiler with project's scala-library version: 3.3.6
2025.10.16 08:30:32 INFO  no build target found for C:\Users\leo11\OneDrive\Desktop\HTWG\AIN\Semester5\Web-apps\web-tui\app\web\WebTUI.scala. Using presentation compiler with project's scala-library version: 3.3.6
2025.10.16 08:30:32 INFO  no build target found for C:\Users\leo11\OneDrive\Desktop\HTWG\AIN\Semester5\Web-apps\web-tui\app\web\WebTUI.scala. Using presentation compiler with project's scala-library version: 3.3.6
2025.10.16 08:30:33 INFO  no build target found for C:\Users\leo11\OneDrive\Desktop\HTWG\AIN\Semester5\Web-apps\web-tui\app\web\WebTUI.scala. Using presentation compiler with project's scala-library version: 3.3.6
2025.10.16 08:30:33 INFO  no build target found for C:\Users\leo11\OneDrive\Desktop\HTWG\AIN\Semester5\Web-apps\web-tui\app\web\WebTUI.scala. Using presentation compiler with project's scala-library version: 3.3.6
2025.10.16 08:30:34 INFO  no build target found for C:\Users\leo11\OneDrive\Desktop\HTWG\AIN\Semester5\Web-apps\web-tui\app\web\WebTUI.scala. Using presentation compiler with project's scala-library version: 3.3.6
2025.10.16 08:30:34 INFO  no build target found for C:\Users\leo11\OneDrive\Desktop\HTWG\AIN\Semester5\Web-apps\web-tui\app\web\WebTUI.scala. Using presentation compiler with project's scala-library version: 3.3.6
2025.10.16 08:30:34 INFO  no build target found for C:\Users\leo11\OneDrive\Desktop\HTWG\AIN\Semester5\Web-apps\web-tui\app\web\WebTUI.scala. Using presentation compiler with project's scala-library version: 3.3.6
2025.10.16 08:30:34 INFO  no build target found for C:\Users\leo11\OneDrive\Desktop\HTWG\AIN\Semester5\Web-apps\web-tui\app\web\WebTUI.scala. Using presentation compiler with project's scala-library version: 3.3.6
2025.10.16 08:30:34 INFO  no build target found for C:\Users\leo11\OneDrive\Desktop\HTWG\AIN\Semester5\Web-apps\web-tui\app\web\WebTUI.scala. Using presentation compiler with project's scala-library version: 3.3.6
2025.10.16 08:30:35 INFO  no build target found for C:\Users\leo11\OneDrive\Desktop\HTWG\AIN\Semester5\Web-apps\web-tui\app\web\WebTUI.scala. Using presentation compiler with project's scala-library version: 3.3.6
2025.10.16 08:30:34 INFO  no build target found for C:\Users\leo11\OneDrive\Desktop\HTWG\AIN\Semester5\Web-apps\web-tui\app\web\WebTUI.scala. Using presentation compiler with project's scala-library version: 3.3.6
2025.10.16 08:30:35 INFO  no build target found for C:\Users\leo11\OneDrive\Desktop\HTWG\AIN\Semester5\Web-apps\web-tui\app\web\WebTUI.scala. Using presentation compiler with project's scala-library version: 3.3.6
2025.10.16 08:30:35 INFO  no build target found for C:\Users\leo11\OneDrive\Desktop\HTWG\AIN\Semester5\Web-apps\web-tui\app\web\WebTUI.scala. Using presentation compiler with project's scala-library version: 3.3.6
2025.10.16 08:30:35 INFO  no build target found for C:\Users\leo11\OneDrive\Desktop\HTWG\AIN\Semester5\Web-apps\web-tui\app\web\WebTUI.scala. Using presentation compiler with project's scala-library version: 3.3.6
2025.10.16 08:30:37 INFO  no build target found for C:\Users\leo11\OneDrive\Desktop\HTWG\AIN\Semester5\Web-apps\web-tui\app\web\WebTUI.scala. Using presentation compiler with project's scala-library version: 3.3.6
2025.10.16 08:30:37 INFO  no build target found for C:\Users\leo11\OneDrive\Desktop\HTWG\AIN\Semester5\Web-apps\web-tui\app\web\WebTUI.scala. Using presentation compiler with project's scala-library version: 3.3.6
2025.10.16 08:30:38 INFO  no build target found for C:\Users\leo11\OneDrive\Desktop\HTWG\AIN\Semester5\Web-apps\web-tui\app\web\WebTUI.scala. Using presentation compiler with project's scala-library version: 3.3.6
2025.10.16 08:30:38 INFO  no build target found for C:\Users\leo11\OneDrive\Desktop\HTWG\AIN\Semester5\Web-apps\web-tui\app\web\WebTUI.scala. Using presentation compiler with project's scala-library version: 3.3.6
2025.10.16 08:30:39 INFO  no build target found for C:\Users\leo11\OneDrive\Desktop\HTWG\AIN\Semester5\Web-apps\web-tui\app\web\WebTUI.scala. Using presentation compiler with project's scala-library version: 3.3.6
2025.10.16 08:30:40 INFO  no build target found for C:\Users\leo11\OneDrive\Desktop\HTWG\AIN\Semester5\Web-apps\web-tui\app\web\WebTUI.scala. Using presentation compiler with project's scala-library version: 3.3.6
2025.10.16 08:30:40 WARN  no build target for: C:\Users\leo11\OneDrive\Desktop\HTWG\AIN\Semester5\Web-apps\web-tui\app\web\WebTUI.scala
2025.10.16 08:30:42 INFO  no build target found for C:\Users\leo11\OneDrive\Desktop\HTWG\AIN\Semester5\Web-apps\web-tui\app\web\WebTUI.scala. Using presentation compiler with project's scala-library version: 3.3.6
2025.10.16 08:30:48 INFO  no build target found for C:\Users\leo11\OneDrive\Desktop\HTWG\AIN\Semester5\Web-apps\web-tui\app\web\WebTUI.scala. Using presentation compiler with project's scala-library version: 3.3.6
2025.10.16 08:30:48 INFO  no build target found for C:\Users\leo11\OneDrive\Desktop\HTWG\AIN\Semester5\Web-apps\web-tui\app\web\WebTUI.scala. Using presentation compiler with project's scala-library version: 3.3.6
2025.10.16 08:31:23 INFO  no build target found for C:\Users\leo11\OneDrive\Desktop\HTWG\AIN\Semester5\Web-apps\web-tui\app\web\GuiStarter.scala. Using presentation compiler with project's scala-library version: 3.3.6
2025.10.16 08:31:23 WARN  no build target for: C:\Users\leo11\OneDrive\Desktop\HTWG\AIN\Semester5\Web-apps\web-tui\app\web\GuiStarter.scala
2025.10.16 08:31:23 INFO  no build target found for C:\Users\leo11\OneDrive\Desktop\HTWG\AIN\Semester5\Web-apps\web-tui\app\web\GuiStarter.scala. Using presentation compiler with project's scala-library version: 3.3.6
2025.10.16 08:31:23 WARN  Could not find semantic tokens for: file:///C:/Users/leo11/OneDrive/Desktop/HTWG/AIN/Semester5/Web-apps/web-tui/app/web/GuiStarter.scala
2025.10.16 08:31:48 INFO  no build target found for C:\Users\leo11\OneDrive\Desktop\HTWG\AIN\Semester5\Web-apps\web-tui\app\web\GuiStarter.scala. Using presentation compiler with project's scala-library version: 3.3.6
2025.10.16 08:31:48 INFO  no build target found for C:\Users\leo11\OneDrive\Desktop\HTWG\AIN\Semester5\Web-apps\web-tui\app\web\GuiStarter.scala. Using presentation compiler with project's scala-library version: 3.3.6
2025.10.16 08:31:48 INFO  no build target found for C:\Users\leo11\OneDrive\Desktop\HTWG\AIN\Semester5\Web-apps\web-tui\app\web\GuiStarter.scala. Using presentation compiler with project's scala-library version: 3.3.6
2025.10.16 08:31:48 INFO  no build target found for C:\Users\leo11\OneDrive\Desktop\HTWG\AIN\Semester5\Web-apps\web-tui\app\web\GuiStarter.scala. Using presentation compiler with project's scala-library version: 3.3.6
2025.10.16 08:31:50 WARN  no build target for: C:\Users\leo11\OneDrive\Desktop\HTWG\AIN\Semester5\Web-apps\web-tui\app\web\GuiStarter.scala
2025.10.16 08:31:50 INFO  no build target found for C:\Users\leo11\OneDrive\Desktop\HTWG\AIN\Semester5\Web-apps\web-tui\app\web\GuiStarter.scala. Using presentation compiler with project's scala-library version: 3.3.6
2025.10.16 08:31:51 INFO  no build target found for C:\Users\leo11\OneDrive\Desktop\HTWG\AIN\Semester5\Web-apps\web-tui\app\web\GuiStarter.scala. Using presentation compiler with project's scala-library version: 3.3.6
2025.10.16 08:32:21 WARN  no build target for: C:\Users\leo11\OneDrive\Desktop\HTWG\AIN\Semester5\Web-apps\web-tui\app\controllers\AdminController.scala
2025.10.16 08:32:21 INFO  no build target found for C:\Users\leo11\OneDrive\Desktop\HTWG\AIN\Semester5\Web-apps\web-tui\app\controllers\AdminController.scala. Using presentation compiler with project's scala-library version: 3.3.6
2025.10.16 08:32:21 INFO  no build target found for C:\Users\leo11\OneDrive\Desktop\HTWG\AIN\Semester5\Web-apps\web-tui\app\controllers\AdminController.scala. Using presentation compiler with project's scala-library version: 3.3.6
2025.10.16 08:32:21 WARN  Could not find semantic tokens for: file:///C:/Users/leo11/OneDrive/Desktop/HTWG/AIN/Semester5/Web-apps/web-tui/app/controllers/AdminController.scala
2025.10.16 08:32:26 INFO  no build target found for C:\Users\leo11\OneDrive\Desktop\HTWG\AIN\Semester5\Web-apps\web-tui\app\controllers\AdminController.scala. Using presentation compiler with project's scala-library version: 3.3.6
2025.10.16 08:32:27 INFO  no build target found for C:\Users\leo11\OneDrive\Desktop\HTWG\AIN\Semester5\Web-apps\web-tui\app\controllers\AdminController.scala. Using presentation compiler with project's scala-library version: 3.3.6
2025.10.16 08:32:27 INFO  no build target found for C:\Users\leo11\OneDrive\Desktop\HTWG\AIN\Semester5\Web-apps\web-tui\app\controllers\AdminController.scala. Using presentation compiler with project's scala-library version: 3.3.6
2025.10.16 08:32:31 INFO  no build target found for C:\Users\leo11\OneDrive\Desktop\HTWG\AIN\Semester5\Web-apps\web-tui\app\controllers\AdminController.scala. Using presentation compiler with project's scala-library version: 3.3.6
2025.10.16 08:32:31 WARN  no build target for: C:\Users\leo11\OneDrive\Desktop\HTWG\AIN\Semester5\Web-apps\web-tui\app\controllers\AdminController.scala
2025.10.16 08:32:31 INFO  no build target found for C:\Users\leo11\OneDrive\Desktop\HTWG\AIN\Semester5\Web-apps\web-tui\app\controllers\AdminController.scala. Using presentation compiler with project's scala-library version: 3.3.6
2025.10.16 08:35:52 INFO  no build target found for C:\Users\leo11\OneDrive\Desktop\HTWG\AIN\Semester5\Web-apps\web-tui\build.sbt. Using presentation compiler with project's scala-library version: 3.3.6
2025.10.16 08:35:52 WARN  no build target for: C:\Users\leo11\OneDrive\Desktop\HTWG\AIN\Semester5\Web-apps\web-tui\build.sbt
2025.10.16 08:35:52 INFO  no build target found for C:\Users\leo11\OneDrive\Desktop\HTWG\AIN\Semester5\Web-apps\web-tui\build.sbt. Using presentation compiler with project's scala-library version: 3.3.6
2025.10.16 08:35:52 INFO  no build target found for C:\Users\leo11\OneDrive\Desktop\HTWG\AIN\Semester5\Web-apps\web-tui\build.sbt. Using presentation compiler with project's scala-library version: 3.3.6
2025.10.16 08:35:52 INFO  no build target found for C:\Users\leo11\OneDrive\Desktop\HTWG\AIN\Semester5\Web-apps\web-tui\build.sbt. Using presentation compiler with project's scala-library version: 3.3.6
2025.10.16 08:35:52 INFO  no build target found for C:\Users\leo11\OneDrive\Desktop\HTWG\AIN\Semester5\Web-apps\web-tui\build.sbt. Using presentation compiler with project's scala-library version: 3.3.6
2025.10.16 08:35:52 INFO  no build target found for C:\Users\leo11\OneDrive\Desktop\HTWG\AIN\Semester5\Web-apps\web-tui\build.sbt. Using presentation compiler with project's scala-library version: 3.3.6
2025.10.16 08:35:53 INFO  no build target found for C:\Users\leo11\OneDrive\Desktop\HTWG\AIN\Semester5\Web-apps\web-tui\build.sbt. Using presentation compiler with project's scala-library version: 3.3.6
2025.10.16 08:35:53 INFO  no build target found for C:\Users\leo11\OneDrive\Desktop\HTWG\AIN\Semester5\Web-apps\web-tui\build.sbt. Using presentation compiler with project's scala-library version: 3.3.6
2025.10.16 08:35:55 INFO  no build target found for C:\Users\leo11\OneDrive\Desktop\HTWG\AIN\Semester5\Web-apps\web-tui\build.sbt. Using presentation compiler with project's scala-library version: 3.3.6
2025.10.16 08:35:55 INFO  no build target found for C:\Users\leo11\OneDrive\Desktop\HTWG\AIN\Semester5\Web-apps\web-tui\build.sbt. Using presentation compiler with project's scala-library version: 3.3.6
2025.10.16 08:35:55 INFO  no build target found for C:\Users\leo11\OneDrive\Desktop\HTWG\AIN\Semester5\Web-apps\web-tui\build.sbt. Using presentation compiler with project's scala-library version: 3.3.6
2025.10.16 08:35:56 INFO  no build target found for C:\Users\leo11\OneDrive\Desktop\HTWG\AIN\Semester5\Web-apps\web-tui\build.sbt. Using presentation compiler with project's scala-library version: 3.3.6
2025.10.16 08:35:56 INFO  no build target found for C:\Users\leo11\OneDrive\Desktop\HTWG\AIN\Semester5\Web-apps\web-tui\build.sbt. Using presentation compiler with project's scala-library version: 3.3.6
2025.10.16 08:35:56 INFO  no build target found for C:\Users\leo11\OneDrive\Desktop\HTWG\AIN\Semester5\Web-apps\web-tui\build.sbt. Using presentation compiler with project's scala-library version: 3.3.6
2025.10.16 08:35:56 INFO  no build target found for C:\Users\leo11\OneDrive\Desktop\HTWG\AIN\Semester5\Web-apps\web-tui\build.sbt. Using presentation compiler with project's scala-library version: 3.3.6
2025.10.16 08:35:56 INFO  no build target found for C:\Users\leo11\OneDrive\Desktop\HTWG\AIN\Semester5\Web-apps\web-tui\build.sbt. Using presentation compiler with project's scala-library version: 3.3.6
2025.10.16 08:35:56 INFO  no build target found for C:\Users\leo11\OneDrive\Desktop\HTWG\AIN\Semester5\Web-apps\web-tui\build.sbt. Using presentation compiler with project's scala-library version: 3.3.6
2025.10.16 08:36:05 INFO  no build target found for C:\Users\leo11\OneDrive\Desktop\HTWG\AIN\Semester5\Web-apps\web-tui\build.sbt. Using presentation compiler with project's scala-library version: 3.3.6
2025.10.16 08:36:05 INFO  no build target found for C:\Users\leo11\OneDrive\Desktop\HTWG\AIN\Semester5\Web-apps\web-tui\build.sbt. Using presentation compiler with project's scala-library version: 3.3.6
2025.10.16 08:36:06 INFO  no build target found for C:\Users\leo11\OneDrive\Desktop\HTWG\AIN\Semester5\Web-apps\web-tui\build.sbt. Using presentation compiler with project's scala-library version: 3.3.6
2025.10.16 08:36:06 INFO  no build target found for C:\Users\leo11\OneDrive\Desktop\HTWG\AIN\Semester5\Web-apps\web-tui\build.sbt. Using presentation compiler with project's scala-library version: 3.3.6
2025.10.16 08:36:08 INFO  no build target found for C:\Users\leo11\OneDrive\Desktop\HTWG\AIN\Semester5\Web-apps\web-tui\build.sbt. Using presentation compiler with project's scala-library version: 3.3.6
2025.10.16 08:36:08 INFO  no build target found for C:\Users\leo11\OneDrive\Desktop\HTWG\AIN\Semester5\Web-apps\web-tui\build.sbt. Using presentation compiler with project's scala-library version: 3.3.6
2025.10.16 08:36:08 INFO  no build target found for C:\Users\leo11\OneDrive\Desktop\HTWG\AIN\Semester5\Web-apps\web-tui\build.sbt. Using presentation compiler with project's scala-library version: 3.3.6
2025.10.16 08:36:09 INFO  no build target found for C:\Users\leo11\OneDrive\Desktop\HTWG\AIN\Semester5\Web-apps\web-tui\build.sbt. Using presentation compiler with project's scala-library version: 3.3.6
2025.10.16 08:36:09 INFO  no build target found for C:\Users\leo11\OneDrive\Desktop\HTWG\AIN\Semester5\Web-apps\web-tui\build.sbt. Using presentation compiler with project's scala-library version: 3.3.6
2025.10.16 08:36:09 INFO  no build target found for C:\Users\leo11\OneDrive\Desktop\HTWG\AIN\Semester5\Web-apps\web-tui\build.sbt. Using presentation compiler with project's scala-library version: 3.3.6
2025.10.16 08:36:09 INFO  no build target found for C:\Users\leo11\OneDrive\Desktop\HTWG\AIN\Semester5\Web-apps\web-tui\build.sbt. Using presentation compiler with project's scala-library version: 3.3.6
2025.10.16 08:36:09 INFO  no build target found for C:\Users\leo11\OneDrive\Desktop\HTWG\AIN\Semester5\Web-apps\web-tui\build.sbt. Using presentation compiler with project's scala-library version: 3.3.6
2025.10.16 08:36:11 INFO  no build target found for C:\Users\leo11\OneDrive\Desktop\HTWG\AIN\Semester5\Web-apps\web-tui\build.sbt. Using presentation compiler with project's scala-library version: 3.3.6
2025.10.16 08:36:11 INFO  no build target found for C:\Users\leo11\OneDrive\Desktop\HTWG\AIN\Semester5\Web-apps\web-tui\build.sbt. Using presentation compiler with project's scala-library version: 3.3.6
2025.10.16 08:36:12 INFO  no build target found for C:\Users\leo11\OneDrive\Desktop\HTWG\AIN\Semester5\Web-apps\web-tui\build.sbt. Using presentation compiler with project's scala-library version: 3.3.6
2025.10.16 08:36:11 INFO  no build target found for C:\Users\leo11\OneDrive\Desktop\HTWG\AIN\Semester5\Web-apps\web-tui\build.sbt. Using presentation compiler with project's scala-library version: 3.3.6
2025.10.16 08:36:11 INFO  no build target found for C:\Users\leo11\OneDrive\Desktop\HTWG\AIN\Semester5\Web-apps\web-tui\build.sbt. Using presentation compiler with project's scala-library version: 3.3.6
2025.10.16 08:36:11 INFO  no build target found for C:\Users\leo11\OneDrive\Desktop\HTWG\AIN\Semester5\Web-apps\web-tui\build.sbt. Using presentation compiler with project's scala-library version: 3.3.6
2025.10.16 08:36:11 INFO  no build target found for C:\Users\leo11\OneDrive\Desktop\HTWG\AIN\Semester5\Web-apps\web-tui\build.sbt. Using presentation compiler with project's scala-library version: 3.3.6
2025.10.16 08:36:12 INFO  no build target found for C:\Users\leo11\OneDrive\Desktop\HTWG\AIN\Semester5\Web-apps\web-tui\build.sbt. Using presentation compiler with project's scala-library version: 3.3.6
2025.10.16 08:36:12 INFO  no build target found for C:\Users\leo11\OneDrive\Desktop\HTWG\AIN\Semester5\Web-apps\web-tui\build.sbt. Using presentation compiler with project's scala-library version: 3.3.6
2025.10.16 08:36:12 INFO  no build target found for C:\Users\leo11\OneDrive\Desktop\HTWG\AIN\Semester5\Web-apps\web-tui\build.sbt. Using presentation compiler with project's scala-library version: 3.3.6
Exception in thread "pool-69-thread-1" java.lang.InterruptedException
	at scala.meta.internal.metals.FutureCancelToken.checkCanceled(FutureCancelToken.scala:29)
	at scala.meta.internal.pc.CompilerAccess.onCompilerJobQueue$$anonfun$1(CompilerAccess.scala:244)
	at scala.meta.internal.pc.CompilerJobQueue$Job.run(CompilerJobQueue.scala:153)
	at java.base/java.util.concurrent.ThreadPoolExecutor.runWorker(ThreadPoolExecutor.java:1144)
	at java.base/java.util.concurrent.ThreadPoolExecutor$Worker.run(ThreadPoolExecutor.java:642)
	at java.base/java.lang.Thread.run(Thread.java:1570)
2025.10.16 08:36:13 INFO  no build target found for C:\Users\leo11\OneDrive\Desktop\HTWG\AIN\Semester5\Web-apps\web-tui\build.sbt. Using presentation compiler with project's scala-library version: 3.3.6
2025.10.16 08:36:13 INFO  no build target found for C:\Users\leo11\OneDrive\Desktop\HTWG\AIN\Semester5\Web-apps\web-tui\build.sbt. Using presentation compiler with project's scala-library version: 3.3.6
2025.10.16 08:36:13 INFO  no build target found for C:\Users\leo11\OneDrive\Desktop\HTWG\AIN\Semester5\Web-apps\web-tui\build.sbt. Using presentation compiler with project's scala-library version: 3.3.6
2025.10.16 08:36:13 INFO  no build target found for C:\Users\leo11\OneDrive\Desktop\HTWG\AIN\Semester5\Web-apps\web-tui\build.sbt. Using presentation compiler with project's scala-library version: 3.3.6
2025.10.16 08:36:15 INFO  no build target found for C:\Users\leo11\OneDrive\Desktop\HTWG\AIN\Semester5\Web-apps\web-tui\build.sbt. Using presentation compiler with project's scala-library version: 3.3.6
2025.10.16 08:36:15 INFO  no build target found for C:\Users\leo11\OneDrive\Desktop\HTWG\AIN\Semester5\Web-apps\web-tui\build.sbt. Using presentation compiler with project's scala-library version: 3.3.6
2025.10.16 08:36:15 INFO  no build target found for C:\Users\leo11\OneDrive\Desktop\HTWG\AIN\Semester5\Web-apps\web-tui\build.sbt. Using presentation compiler with project's scala-library version: 3.3.6
2025.10.16 08:36:15 INFO  no build target found for C:\Users\leo11\OneDrive\Desktop\HTWG\AIN\Semester5\Web-apps\web-tui\build.sbt. Using presentation compiler with project's scala-library version: 3.3.6
2025.10.16 08:36:16 INFO  no build target found for C:\Users\leo11\OneDrive\Desktop\HTWG\AIN\Semester5\Web-apps\web-tui\build.sbt. Using presentation compiler with project's scala-library version: 3.3.6
2025.10.16 08:36:16 INFO  no build target found for C:\Users\leo11\OneDrive\Desktop\HTWG\AIN\Semester5\Web-apps\web-tui\build.sbt. Using presentation compiler with project's scala-library version: 3.3.6
2025.10.16 08:36:17 INFO  no build target found for C:\Users\leo11\OneDrive\Desktop\HTWG\AIN\Semester5\Web-apps\web-tui\build.sbt. Using presentation compiler with project's scala-library version: 3.3.6
2025.10.16 08:36:17 INFO  no build target found for C:\Users\leo11\OneDrive\Desktop\HTWG\AIN\Semester5\Web-apps\web-tui\build.sbt. Using presentation compiler with project's scala-library version: 3.3.6
2025.10.16 08:36:17 INFO  no build target found for C:\Users\leo11\OneDrive\Desktop\HTWG\AIN\Semester5\Web-apps\web-tui\build.sbt. Using presentation compiler with project's scala-library version: 3.3.6
2025.10.16 08:36:17 INFO  no build target found for C:\Users\leo11\OneDrive\Desktop\HTWG\AIN\Semester5\Web-apps\web-tui\build.sbt. Using presentation compiler with project's scala-library version: 3.3.6
2025.10.16 08:36:17 INFO  no build target found for C:\Users\leo11\OneDrive\Desktop\HTWG\AIN\Semester5\Web-apps\web-tui\build.sbt. Using presentation compiler with project's scala-library version: 3.3.6
2025.10.16 08:36:20 INFO  no build target found for C:\Users\leo11\OneDrive\Desktop\HTWG\AIN\Semester5\Web-apps\web-tui\build.sbt. Using presentation compiler with project's scala-library version: 3.3.6
2025.10.16 08:36:20 INFO  no build target found for C:\Users\leo11\OneDrive\Desktop\HTWG\AIN\Semester5\Web-apps\web-tui\build.sbt. Using presentation compiler with project's scala-library version: 3.3.6
2025.10.16 08:36:21 INFO  no build target found for C:\Users\leo11\OneDrive\Desktop\HTWG\AIN\Semester5\Web-apps\web-tui\build.sbt. Using presentation compiler with project's scala-library version: 3.3.6
2025.10.16 08:36:21 INFO  no build target found for C:\Users\leo11\OneDrive\Desktop\HTWG\AIN\Semester5\Web-apps\web-tui\build.sbt. Using presentation compiler with project's scala-library version: 3.3.6
2025.10.16 08:36:20 INFO  no build target found for C:\Users\leo11\OneDrive\Desktop\HTWG\AIN\Semester5\Web-apps\web-tui\build.sbt. Using presentation compiler with project's scala-library version: 3.3.6
2025.10.16 08:36:23 INFO  Detected new build tool in C:\Users\leo11\OneDrive\Desktop\HTWG\AIN\Semester5\Web-apps\web-tui
2025.10.16 08:36:23 INFO  no build target found for C:\Users\leo11\OneDrive\Desktop\HTWG\AIN\Semester5\Web-apps\web-tui\build.sbt. Using presentation compiler with project's scala-library version: 3.3.6
2025.10.16 08:36:23 WARN  no build target for: C:\Users\leo11\OneDrive\Desktop\HTWG\AIN\Semester5\Web-apps\web-tui\build.sbt
2025.10.16 08:36:23 INFO  no build target found for C:\Users\leo11\OneDrive\Desktop\HTWG\AIN\Semester5\Web-apps\web-tui\build.sbt. Using presentation compiler with project's scala-library version: 3.3.6
2025.10.16 08:36:26 WARN  Build server is not auto-connectable.
2025.10.16 08:41:55 INFO  no build target found for C:\Users\leo11\OneDrive\Desktop\HTWG\AIN\Semester5\Web-apps\web-tui\build.sbt. Using presentation compiler with project's scala-library version: 3.3.6
2025.10.16 08:42:03 INFO  no build target found for C:\Users\leo11\OneDrive\Desktop\HTWG\AIN\Semester5\Web-apps\web-tui\build.sbt. Using presentation compiler with project's scala-library version: 3.3.6
2025.10.16 08:42:05 INFO  no build target found for C:\Users\leo11\OneDrive\Desktop\HTWG\AIN\Semester5\Web-apps\web-tui\build.sbt. Using presentation compiler with project's scala-library version: 3.3.6
2025.10.16 08:42:05 INFO  no build target found for C:\Users\leo11\OneDrive\Desktop\HTWG\AIN\Semester5\Web-apps\web-tui\build.sbt. Using presentation compiler with project's scala-library version: 3.3.6
2025.10.16 08:42:06 INFO  no build target found for C:\Users\leo11\OneDrive\Desktop\HTWG\AIN\Semester5\Web-apps\web-tui\build.sbt. Using presentation compiler with project's scala-library version: 3.3.6
2025.10.16 08:42:06 INFO  no build target found for C:\Users\leo11\OneDrive\Desktop\HTWG\AIN\Semester5\Web-apps\web-tui\build.sbt. Using presentation compiler with project's scala-library version: 3.3.6
2025.10.16 08:42:09 INFO  Detected new build tool in C:\Users\leo11\OneDrive\Desktop\HTWG\AIN\Semester5\Web-apps\web-tui
2025.10.16 08:42:09 WARN  no build target for: C:\Users\leo11\OneDrive\Desktop\HTWG\AIN\Semester5\Web-apps\web-tui\build.sbt
2025.10.16 08:42:09 INFO  no build target found for C:\Users\leo11\OneDrive\Desktop\HTWG\AIN\Semester5\Web-apps\web-tui\build.sbt. Using presentation compiler with project's scala-library version: 3.3.6
2025.10.16 08:42:09 INFO  no build target found for C:\Users\leo11\OneDrive\Desktop\HTWG\AIN\Semester5\Web-apps\web-tui\build.sbt. Using presentation compiler with project's scala-library version: 3.3.6
2025.10.16 08:42:40 INFO  no build target found for C:\Users\leo11\OneDrive\Desktop\HTWG\AIN\Semester5\Web-apps\web-tui\build.sbt. Using presentation compiler with project's scala-library version: 3.3.6
2025.10.16 08:42:40 INFO  no build target found for C:\Users\leo11\OneDrive\Desktop\HTWG\AIN\Semester5\Web-apps\web-tui\build.sbt. Using presentation compiler with project's scala-library version: 3.3.6
2025.10.16 08:42:41 INFO  no build target found for C:\Users\leo11\OneDrive\Desktop\HTWG\AIN\Semester5\Web-apps\web-tui\build.sbt. Using presentation compiler with project's scala-library version: 3.3.6
2025.10.16 08:42:41 INFO  no build target found for C:\Users\leo11\OneDrive\Desktop\HTWG\AIN\Semester5\Web-apps\web-tui\build.sbt. Using presentation compiler with project's scala-library version: 3.3.6
2025.10.16 08:42:40 INFO  no build target found for C:\Users\leo11\OneDrive\Desktop\HTWG\AIN\Semester5\Web-apps\web-tui\build.sbt. Using presentation compiler with project's scala-library version: 3.3.6
2025.10.16 08:42:41 INFO  no build target found for C:\Users\leo11\OneDrive\Desktop\HTWG\AIN\Semester5\Web-apps\web-tui\build.sbt. Using presentation compiler with project's scala-library version: 3.3.6
2025.10.16 08:42:42 INFO  no build target found for C:\Users\leo11\OneDrive\Desktop\HTWG\AIN\Semester5\Web-apps\web-tui\build.sbt. Using presentation compiler with project's scala-library version: 3.3.6
2025.10.16 08:42:44 INFO  no build target found for C:\Users\leo11\OneDrive\Desktop\HTWG\AIN\Semester5\Web-apps\web-tui\build.sbt. Using presentation compiler with project's scala-library version: 3.3.6
2025.10.16 08:42:44 INFO  no build target found for C:\Users\leo11\OneDrive\Desktop\HTWG\AIN\Semester5\Web-apps\web-tui\build.sbt. Using presentation compiler with project's scala-library version: 3.3.6
2025.10.16 08:42:45 INFO  no build target found for C:\Users\leo11\OneDrive\Desktop\HTWG\AIN\Semester5\Web-apps\web-tui\build.sbt. Using presentation compiler with project's scala-library version: 3.3.6
2025.10.16 08:42:46 INFO  no build target found for C:\Users\leo11\OneDrive\Desktop\HTWG\AIN\Semester5\Web-apps\web-tui\build.sbt. Using presentation compiler with project's scala-library version: 3.3.6
2025.10.16 08:42:46 INFO  no build target found for C:\Users\leo11\OneDrive\Desktop\HTWG\AIN\Semester5\Web-apps\web-tui\build.sbt. Using presentation compiler with project's scala-library version: 3.3.6
2025.10.16 08:42:46 INFO  no build target found for C:\Users\leo11\OneDrive\Desktop\HTWG\AIN\Semester5\Web-apps\web-tui\build.sbt. Using presentation compiler with project's scala-library version: 3.3.6
2025.10.16 08:42:46 INFO  no build target found for C:\Users\leo11\OneDrive\Desktop\HTWG\AIN\Semester5\Web-apps\web-tui\build.sbt. Using presentation compiler with project's scala-library version: 3.3.6
2025.10.16 08:42:46 INFO  no build target found for C:\Users\leo11\OneDrive\Desktop\HTWG\AIN\Semester5\Web-apps\web-tui\build.sbt. Using presentation compiler with project's scala-library version: 3.3.6
2025.10.16 08:42:46 INFO  no build target found for C:\Users\leo11\OneDrive\Desktop\HTWG\AIN\Semester5\Web-apps\web-tui\build.sbt. Using presentation compiler with project's scala-library version: 3.3.6
2025.10.16 08:42:47 INFO  no build target found for C:\Users\leo11\OneDrive\Desktop\HTWG\AIN\Semester5\Web-apps\web-tui\build.sbt. Using presentation compiler with project's scala-library version: 3.3.6
2025.10.16 08:42:48 INFO  no build target found for C:\Users\leo11\OneDrive\Desktop\HTWG\AIN\Semester5\Web-apps\web-tui\build.sbt. Using presentation compiler with project's scala-library version: 3.3.6
2025.10.16 08:42:48 INFO  no build target found for C:\Users\leo11\OneDrive\Desktop\HTWG\AIN\Semester5\Web-apps\web-tui\build.sbt. Using presentation compiler with project's scala-library version: 3.3.6
2025.10.16 08:42:48 INFO  no build target found for C:\Users\leo11\OneDrive\Desktop\HTWG\AIN\Semester5\Web-apps\web-tui\build.sbt. Using presentation compiler with project's scala-library version: 3.3.6
2025.10.16 08:42:50 WARN  no build target for: C:\Users\leo11\OneDrive\Desktop\HTWG\AIN\Semester5\Web-apps\web-tui\build.sbt
2025.10.16 08:42:50 INFO  no build target found for C:\Users\leo11\OneDrive\Desktop\HTWG\AIN\Semester5\Web-apps\web-tui\build.sbt. Using presentation compiler with project's scala-library version: 3.3.6
2025.10.16 08:42:50 INFO  no build target found for C:\Users\leo11\OneDrive\Desktop\HTWG\AIN\Semester5\Web-apps\web-tui\build.sbt. Using presentation compiler with project's scala-library version: 3.3.6
2025.10.16 08:43:03 INFO  no build target found for C:\Users\leo11\OneDrive\Desktop\HTWG\AIN\Semester5\Web-apps\web-tui\build.sbt. Using presentation compiler with project's scala-library version: 3.3.6
2025.10.16 08:43:04 INFO  no build target found for C:\Users\leo11\OneDrive\Desktop\HTWG\AIN\Semester5\Web-apps\web-tui\build.sbt. Using presentation compiler with project's scala-library version: 3.3.6
2025.10.16 08:43:04 INFO  no build target found for C:\Users\leo11\OneDrive\Desktop\HTWG\AIN\Semester5\Web-apps\web-tui\build.sbt. Using presentation compiler with project's scala-library version: 3.3.6
2025.10.16 08:43:05 INFO  no build target found for C:\Users\leo11\OneDrive\Desktop\HTWG\AIN\Semester5\Web-apps\web-tui\build.sbt. Using presentation compiler with project's scala-library version: 3.3.6
2025.10.16 08:43:05 INFO  no build target found for C:\Users\leo11\OneDrive\Desktop\HTWG\AIN\Semester5\Web-apps\web-tui\build.sbt. Using presentation compiler with project's scala-library version: 3.3.6
2025.10.16 08:43:05 INFO  no build target found for C:\Users\leo11\OneDrive\Desktop\HTWG\AIN\Semester5\Web-apps\web-tui\build.sbt. Using presentation compiler with project's scala-library version: 3.3.6
2025.10.16 08:43:05 INFO  no build target found for C:\Users\leo11\OneDrive\Desktop\HTWG\AIN\Semester5\Web-apps\web-tui\build.sbt. Using presentation compiler with project's scala-library version: 3.3.6
2025.10.16 08:43:05 INFO  no build target found for C:\Users\leo11\OneDrive\Desktop\HTWG\AIN\Semester5\Web-apps\web-tui\build.sbt. Using presentation compiler with project's scala-library version: 3.3.6
2025.10.16 08:43:05 INFO  no build target found for C:\Users\leo11\OneDrive\Desktop\HTWG\AIN\Semester5\Web-apps\web-tui\build.sbt. Using presentation compiler with project's scala-library version: 3.3.6
2025.10.16 08:43:05 INFO  no build target found for C:\Users\leo11\OneDrive\Desktop\HTWG\AIN\Semester5\Web-apps\web-tui\build.sbt. Using presentation compiler with project's scala-library version: 3.3.6
2025.10.16 08:43:05 INFO  no build target found for C:\Users\leo11\OneDrive\Desktop\HTWG\AIN\Semester5\Web-apps\web-tui\build.sbt. Using presentation compiler with project's scala-library version: 3.3.6
2025.10.16 08:43:07 INFO  no build target found for C:\Users\leo11\OneDrive\Desktop\HTWG\AIN\Semester5\Web-apps\web-tui\build.sbt. Using presentation compiler with project's scala-library version: 3.3.6
Exception in thread "pool-96-thread-1" java.lang.InterruptedException
	at scala.meta.internal.metals.FutureCancelToken.checkCanceled(FutureCancelToken.scala:29)
	at scala.meta.internal.pc.CompilerAccess.onCompilerJobQueue$$anonfun$1(CompilerAccess.scala:244)
	at scala.meta.internal.pc.CompilerJobQueue$Job.run(CompilerJobQueue.scala:153)
	at java.base/java.util.concurrent.ThreadPoolExecutor.runWorker(ThreadPoolExecutor.java:1144)
	at java.base/java.util.concurrent.ThreadPoolExecutor$Worker.run(ThreadPoolExecutor.java:642)
	at java.base/java.lang.Thread.run(Thread.java:1570)
2025.10.16 08:43:07 INFO  no build target found for C:\Users\leo11\OneDrive\Desktop\HTWG\AIN\Semester5\Web-apps\web-tui\build.sbt. Using presentation compiler with project's scala-library version: 3.3.6
2025.10.16 08:43:09 INFO  no build target found for C:\Users\leo11\OneDrive\Desktop\HTWG\AIN\Semester5\Web-apps\web-tui\build.sbt. Using presentation compiler with project's scala-library version: 3.3.6
2025.10.16 08:43:09 WARN  no build target for: C:\Users\leo11\OneDrive\Desktop\HTWG\AIN\Semester5\Web-apps\web-tui\build.sbt
2025.10.16 08:43:09 INFO  no build target found for C:\Users\leo11\OneDrive\Desktop\HTWG\AIN\Semester5\Web-apps\web-tui\build.sbt. Using presentation compiler with project's scala-library version: 3.3.6
2025.10.16 08:43:09 INFO  no build target found for C:\Users\leo11\OneDrive\Desktop\HTWG\AIN\Semester5\Web-apps\web-tui\build.sbt. Using presentation compiler with project's scala-library version: 3.3.6
2025.10.16 08:43:11 INFO  no build target found for C:\Users\leo11\OneDrive\Desktop\HTWG\AIN\Semester5\Web-apps\web-tui\build.sbt. Using presentation compiler with project's scala-library version: 3.3.6
2025.10.16 08:43:12 INFO  no build target found for C:\Users\leo11\OneDrive\Desktop\HTWG\AIN\Semester5\Web-apps\web-tui\build.sbt. Using presentation compiler with project's scala-library version: 3.3.6
2025.10.16 08:43:11 INFO  no build target found for C:\Users\leo11\OneDrive\Desktop\HTWG\AIN\Semester5\Web-apps\web-tui\build.sbt. Using presentation compiler with project's scala-library version: 3.3.6
2025.10.16 08:43:12 INFO  no build target found for C:\Users\leo11\OneDrive\Desktop\HTWG\AIN\Semester5\Web-apps\web-tui\build.sbt. Using presentation compiler with project's scala-library version: 3.3.6
2025.10.16 08:43:13 INFO  no build target found for C:\Users\leo11\OneDrive\Desktop\HTWG\AIN\Semester5\Web-apps\web-tui\build.sbt. Using presentation compiler with project's scala-library version: 3.3.6
2025.10.16 08:43:13 INFO  no build target found for C:\Users\leo11\OneDrive\Desktop\HTWG\AIN\Semester5\Web-apps\web-tui\build.sbt. Using presentation compiler with project's scala-library version: 3.3.6
2025.10.16 08:43:13 INFO  no build target found for C:\Users\leo11\OneDrive\Desktop\HTWG\AIN\Semester5\Web-apps\web-tui\build.sbt. Using presentation compiler with project's scala-library version: 3.3.6
2025.10.16 08:43:13 INFO  no build target found for C:\Users\leo11\OneDrive\Desktop\HTWG\AIN\Semester5\Web-apps\web-tui\build.sbt. Using presentation compiler with project's scala-library version: 3.3.6
2025.10.16 08:43:14 INFO  no build target found for C:\Users\leo11\OneDrive\Desktop\HTWG\AIN\Semester5\Web-apps\web-tui\build.sbt. Using presentation compiler with project's scala-library version: 3.3.6
2025.10.16 08:43:14 INFO  no build target found for C:\Users\leo11\OneDrive\Desktop\HTWG\AIN\Semester5\Web-apps\web-tui\build.sbt. Using presentation compiler with project's scala-library version: 3.3.6
2025.10.16 08:43:13 INFO  no build target found for C:\Users\leo11\OneDrive\Desktop\HTWG\AIN\Semester5\Web-apps\web-tui\build.sbt. Using presentation compiler with project's scala-library version: 3.3.6
2025.10.16 08:43:13 INFO  no build target found for C:\Users\leo11\OneDrive\Desktop\HTWG\AIN\Semester5\Web-apps\web-tui\build.sbt. Using presentation compiler with project's scala-library version: 3.3.6
2025.10.16 08:43:13 INFO  no build target found for C:\Users\leo11\OneDrive\Desktop\HTWG\AIN\Semester5\Web-apps\web-tui\build.sbt. Using presentation compiler with project's scala-library version: 3.3.6
2025.10.16 08:43:14 INFO  no build target found for C:\Users\leo11\OneDrive\Desktop\HTWG\AIN\Semester5\Web-apps\web-tui\build.sbt. Using presentation compiler with project's scala-library version: 3.3.6
2025.10.16 08:43:14 INFO  no build target found for C:\Users\leo11\OneDrive\Desktop\HTWG\AIN\Semester5\Web-apps\web-tui\build.sbt. Using presentation compiler with project's scala-library version: 3.3.6
2025.10.16 08:43:15 INFO  no build target found for C:\Users\leo11\OneDrive\Desktop\HTWG\AIN\Semester5\Web-apps\web-tui\build.sbt. Using presentation compiler with project's scala-library version: 3.3.6
2025.10.16 08:43:14 INFO  no build target found for C:\Users\leo11\OneDrive\Desktop\HTWG\AIN\Semester5\Web-apps\web-tui\build.sbt. Using presentation compiler with project's scala-library version: 3.3.6
2025.10.16 08:43:14 INFO  no build target found for C:\Users\leo11\OneDrive\Desktop\HTWG\AIN\Semester5\Web-apps\web-tui\build.sbt. Using presentation compiler with project's scala-library version: 3.3.6
2025.10.16 08:43:14 INFO  no build target found for C:\Users\leo11\OneDrive\Desktop\HTWG\AIN\Semester5\Web-apps\web-tui\build.sbt. Using presentation compiler with project's scala-library version: 3.3.6
2025.10.16 08:43:14 INFO  no build target found for C:\Users\leo11\OneDrive\Desktop\HTWG\AIN\Semester5\Web-apps\web-tui\build.sbt. Using presentation compiler with project's scala-library version: 3.3.6
2025.10.16 08:43:14 INFO  no build target found for C:\Users\leo11\OneDrive\Desktop\HTWG\AIN\Semester5\Web-apps\web-tui\build.sbt. Using presentation compiler with project's scala-library version: 3.3.6
2025.10.16 08:43:14 INFO  no build target found for C:\Users\leo11\OneDrive\Desktop\HTWG\AIN\Semester5\Web-apps\web-tui\build.sbt. Using presentation compiler with project's scala-library version: 3.3.6
2025.10.16 08:43:15 INFO  no build target found for C:\Users\leo11\OneDrive\Desktop\HTWG\AIN\Semester5\Web-apps\web-tui\build.sbt. Using presentation compiler with project's scala-library version: 3.3.6
2025.10.16 08:43:16 INFO  no build target found for C:\Users\leo11\OneDrive\Desktop\HTWG\AIN\Semester5\Web-apps\web-tui\build.sbt. Using presentation compiler with project's scala-library version: 3.3.6
2025.10.16 08:43:16 INFO  no build target found for C:\Users\leo11\OneDrive\Desktop\HTWG\AIN\Semester5\Web-apps\web-tui\build.sbt. Using presentation compiler with project's scala-library version: 3.3.6
2025.10.16 08:43:16 INFO  no build target found for C:\Users\leo11\OneDrive\Desktop\HTWG\AIN\Semester5\Web-apps\web-tui\build.sbt. Using presentation compiler with project's scala-library version: 3.3.6
2025.10.16 08:43:16 INFO  no build target found for C:\Users\leo11\OneDrive\Desktop\HTWG\AIN\Semester5\Web-apps\web-tui\build.sbt. Using presentation compiler with project's scala-library version: 3.3.6
2025.10.16 08:43:16 INFO  no build target found for C:\Users\leo11\OneDrive\Desktop\HTWG\AIN\Semester5\Web-apps\web-tui\build.sbt. Using presentation compiler with project's scala-library version: 3.3.6
2025.10.16 08:43:17 INFO  no build target found for C:\Users\leo11\OneDrive\Desktop\HTWG\AIN\Semester5\Web-apps\web-tui\build.sbt. Using presentation compiler with project's scala-library version: 3.3.6
2025.10.16 08:43:17 INFO  no build target found for C:\Users\leo11\OneDrive\Desktop\HTWG\AIN\Semester5\Web-apps\web-tui\build.sbt. Using presentation compiler with project's scala-library version: 3.3.6
2025.10.16 08:43:16 INFO  no build target found for C:\Users\leo11\OneDrive\Desktop\HTWG\AIN\Semester5\Web-apps\web-tui\build.sbt. Using presentation compiler with project's scala-library version: 3.3.6
2025.10.16 08:43:17 INFO  no build target found for C:\Users\leo11\OneDrive\Desktop\HTWG\AIN\Semester5\Web-apps\web-tui\build.sbt. Using presentation compiler with project's scala-library version: 3.3.6
2025.10.16 08:43:16 INFO  no build target found for C:\Users\leo11\OneDrive\Desktop\HTWG\AIN\Semester5\Web-apps\web-tui\build.sbt. Using presentation compiler with project's scala-library version: 3.3.6
2025.10.16 08:43:17 INFO  no build target found for C:\Users\leo11\OneDrive\Desktop\HTWG\AIN\Semester5\Web-apps\web-tui\build.sbt. Using presentation compiler with project's scala-library version: 3.3.6
2025.10.16 08:43:17 INFO  no build target found for C:\Users\leo11\OneDrive\Desktop\HTWG\AIN\Semester5\Web-apps\web-tui\build.sbt. Using presentation compiler with project's scala-library version: 3.3.6
2025.10.16 08:43:17 INFO  no build target found for C:\Users\leo11\OneDrive\Desktop\HTWG\AIN\Semester5\Web-apps\web-tui\build.sbt. Using presentation compiler with project's scala-library version: 3.3.6
2025.10.16 08:43:17 INFO  no build target found for C:\Users\leo11\OneDrive\Desktop\HTWG\AIN\Semester5\Web-apps\web-tui\build.sbt. Using presentation compiler with project's scala-library version: 3.3.6
2025.10.16 08:43:17 INFO  no build target found for C:\Users\leo11\OneDrive\Desktop\HTWG\AIN\Semester5\Web-apps\web-tui\build.sbt. Using presentation compiler with project's scala-library version: 3.3.6
2025.10.16 08:43:18 INFO  no build target found for C:\Users\leo11\OneDrive\Desktop\HTWG\AIN\Semester5\Web-apps\web-tui\build.sbt. Using presentation compiler with project's scala-library version: 3.3.6
2025.10.16 08:43:19 INFO  no build target found for C:\Users\leo11\OneDrive\Desktop\HTWG\AIN\Semester5\Web-apps\web-tui\build.sbt. Using presentation compiler with project's scala-library version: 3.3.6
2025.10.16 08:43:18 INFO  no build target found for C:\Users\leo11\OneDrive\Desktop\HTWG\AIN\Semester5\Web-apps\web-tui\build.sbt. Using presentation compiler with project's scala-library version: 3.3.6
2025.10.16 08:43:19 INFO  no build target found for C:\Users\leo11\OneDrive\Desktop\HTWG\AIN\Semester5\Web-apps\web-tui\build.sbt. Using presentation compiler with project's scala-library version: 3.3.6
2025.10.16 08:43:21 INFO  no build target found for C:\Users\leo11\OneDrive\Desktop\HTWG\AIN\Semester5\Web-apps\web-tui\build.sbt. Using presentation compiler with project's scala-library version: 3.3.6
2025.10.16 08:43:21 WARN  no build target for: C:\Users\leo11\OneDrive\Desktop\HTWG\AIN\Semester5\Web-apps\web-tui\build.sbt
2025.10.16 08:43:21 INFO  no build target found for C:\Users\leo11\OneDrive\Desktop\HTWG\AIN\Semester5\Web-apps\web-tui\build.sbt. Using presentation compiler with project's scala-library version: 3.3.6
2025.10.16 08:43:49 INFO  no build target found for C:\Users\leo11\OneDrive\Desktop\HTWG\AIN\Semester5\Web-apps\web-tui\build.sbt. Using presentation compiler with project's scala-library version: 3.3.6
2025.10.16 08:44:09 INFO  no build target found for C:\Users\leo11\OneDrive\Desktop\HTWG\AIN\Semester5\Web-apps\web-tui\build.sbt. Using presentation compiler with project's scala-library version: 3.3.6
2025.10.16 08:44:09 INFO  no build target found for C:\Users\leo11\OneDrive\Desktop\HTWG\AIN\Semester5\Web-apps\web-tui\build.sbt. Using presentation compiler with project's scala-library version: 3.3.6
2025.10.16 08:44:11 INFO  no build target found for C:\Users\leo11\OneDrive\Desktop\HTWG\AIN\Semester5\Web-apps\web-tui\build.sbt. Using presentation compiler with project's scala-library version: 3.3.6
2025.10.16 08:44:11 INFO  no build target found for C:\Users\leo11\OneDrive\Desktop\HTWG\AIN\Semester5\Web-apps\web-tui\build.sbt. Using presentation compiler with project's scala-library version: 3.3.6
2025.10.16 08:44:12 INFO  no build target found for C:\Users\leo11\OneDrive\Desktop\HTWG\AIN\Semester5\Web-apps\web-tui\build.sbt. Using presentation compiler with project's scala-library version: 3.3.6
2025.10.16 08:44:12 INFO  no build target found for C:\Users\leo11\OneDrive\Desktop\HTWG\AIN\Semester5\Web-apps\web-tui\build.sbt. Using presentation compiler with project's scala-library version: 3.3.6
2025.10.16 08:44:13 INFO  no build target found for C:\Users\leo11\OneDrive\Desktop\HTWG\AIN\Semester5\Web-apps\web-tui\build.sbt. Using presentation compiler with project's scala-library version: 3.3.6
2025.10.16 08:44:13 INFO  no build target found for C:\Users\leo11\OneDrive\Desktop\HTWG\AIN\Semester5\Web-apps\web-tui\build.sbt. Using presentation compiler with project's scala-library version: 3.3.6
2025.10.16 08:44:14 INFO  no build target found for C:\Users\leo11\OneDrive\Desktop\HTWG\AIN\Semester5\Web-apps\web-tui\build.sbt. Using presentation compiler with project's scala-library version: 3.3.6
2025.10.16 08:44:15 INFO  no build target found for C:\Users\leo11\OneDrive\Desktop\HTWG\AIN\Semester5\Web-apps\web-tui\build.sbt. Using presentation compiler with project's scala-library version: 3.3.6
2025.10.16 08:44:15 INFO  no build target found for C:\Users\leo11\OneDrive\Desktop\HTWG\AIN\Semester5\Web-apps\web-tui\build.sbt. Using presentation compiler with project's scala-library version: 3.3.6
2025.10.16 08:44:16 INFO  no build target found for C:\Users\leo11\OneDrive\Desktop\HTWG\AIN\Semester5\Web-apps\web-tui\build.sbt. Using presentation compiler with project's scala-library version: 3.3.6
2025.10.16 08:44:16 INFO  no build target found for C:\Users\leo11\OneDrive\Desktop\HTWG\AIN\Semester5\Web-apps\web-tui\build.sbt. Using presentation compiler with project's scala-library version: 3.3.6
2025.10.16 08:44:17 INFO  no build target found for C:\Users\leo11\OneDrive\Desktop\HTWG\AIN\Semester5\Web-apps\web-tui\build.sbt. Using presentation compiler with project's scala-library version: 3.3.6
2025.10.16 08:44:17 INFO  no build target found for C:\Users\leo11\OneDrive\Desktop\HTWG\AIN\Semester5\Web-apps\web-tui\build.sbt. Using presentation compiler with project's scala-library version: 3.3.6
2025.10.16 08:44:17 INFO  no build target found for C:\Users\leo11\OneDrive\Desktop\HTWG\AIN\Semester5\Web-apps\web-tui\build.sbt. Using presentation compiler with project's scala-library version: 3.3.6
2025.10.16 08:44:19 INFO  no build target found for C:\Users\leo11\OneDrive\Desktop\HTWG\AIN\Semester5\Web-apps\web-tui\build.sbt. Using presentation compiler with project's scala-library version: 3.3.6
2025.10.16 08:44:19 WARN  no build target for: C:\Users\leo11\OneDrive\Desktop\HTWG\AIN\Semester5\Web-apps\web-tui\build.sbt
2025.10.16 08:44:19 INFO  no build target found for C:\Users\leo11\OneDrive\Desktop\HTWG\AIN\Semester5\Web-apps\web-tui\build.sbt. Using presentation compiler with project's scala-library version: 3.3.6
2025.10.16 08:44:24 WARN  no build target for: C:\Users\leo11\OneDrive\Desktop\HTWG\AIN\Semester5\Web-apps\web-tui\app\web\GuiStarter.scala
2025.10.16 08:44:24 INFO  no build target found for C:\Users\leo11\OneDrive\Desktop\HTWG\AIN\Semester5\Web-apps\web-tui\app\web\GuiStarter.scala. Using presentation compiler with project's scala-library version: 3.3.6
2025.10.16 08:44:24 INFO  no build target found for C:\Users\leo11\OneDrive\Desktop\HTWG\AIN\Semester5\Web-apps\web-tui\app\web\GuiStarter.scala. Using presentation compiler with project's scala-library version: 3.3.6
2025.10.16 08:44:32 INFO  no build target found for C:\Users\leo11\OneDrive\Desktop\HTWG\AIN\Semester5\Web-apps\web-tui\app\web\GuiStarter.scala. Using presentation compiler with project's scala-library version: 3.3.6
2025.10.16 08:44:34 INFO  no build target found for C:\Users\leo11\OneDrive\Desktop\HTWG\AIN\Semester5\Web-apps\web-tui\app\web\GuiStarter.scala. Using presentation compiler with project's scala-library version: 3.3.6
2025.10.16 08:44:34 INFO  no build target found for C:\Users\leo11\OneDrive\Desktop\HTWG\AIN\Semester5\Web-apps\web-tui\app\web\GuiStarter.scala. Using presentation compiler with project's scala-library version: 3.3.6
2025.10.16 08:44:35 INFO  no build target found for C:\Users\leo11\OneDrive\Desktop\HTWG\AIN\Semester5\Web-apps\web-tui\app\web\GuiStarter.scala. Using presentation compiler with project's scala-library version: 3.3.6
2025.10.16 08:44:35 INFO  no build target found for C:\Users\leo11\OneDrive\Desktop\HTWG\AIN\Semester5\Web-apps\web-tui\app\web\GuiStarter.scala. Using presentation compiler with project's scala-library version: 3.3.6
2025.10.16 08:44:35 INFO  no build target found for C:\Users\leo11\OneDrive\Desktop\HTWG\AIN\Semester5\Web-apps\web-tui\app\web\GuiStarter.scala. Using presentation compiler with project's scala-library version: 3.3.6
2025.10.16 08:44:36 INFO  no build target found for C:\Users\leo11\OneDrive\Desktop\HTWG\AIN\Semester5\Web-apps\web-tui\app\web\GuiStarter.scala. Using presentation compiler with project's scala-library version: 3.3.6
2025.10.16 08:44:37 INFO  no build target found for C:\Users\leo11\OneDrive\Desktop\HTWG\AIN\Semester5\Web-apps\web-tui\app\web\GuiStarter.scala. Using presentation compiler with project's scala-library version: 3.3.6
2025.10.16 08:44:38 INFO  no build target found for C:\Users\leo11\OneDrive\Desktop\HTWG\AIN\Semester5\Web-apps\web-tui\app\web\GuiStarter.scala. Using presentation compiler with project's scala-library version: 3.3.6
2025.10.16 08:44:38 INFO  no build target found for C:\Users\leo11\OneDrive\Desktop\HTWG\AIN\Semester5\Web-apps\web-tui\app\web\GuiStarter.scala. Using presentation compiler with project's scala-library version: 3.3.6
2025.10.16 08:44:42 INFO  no build target found for C:\Users\leo11\OneDrive\Desktop\HTWG\AIN\Semester5\Web-apps\web-tui\app\web\GuiStarter.scala. Using presentation compiler with project's scala-library version: 3.3.6
2025.10.16 08:44:45 INFO  no build target found for C:\Users\leo11\OneDrive\Desktop\HTWG\AIN\Semester5\Web-apps\web-tui\app\web\GuiStarter.scala. Using presentation compiler with project's scala-library version: 3.3.6
2025.10.16 08:44:45 INFO  no build target found for C:\Users\leo11\OneDrive\Desktop\HTWG\AIN\Semester5\Web-apps\web-tui\app\web\GuiStarter.scala. Using presentation compiler with project's scala-library version: 3.3.6
2025.10.16 08:44:45 INFO  no build target found for C:\Users\leo11\OneDrive\Desktop\HTWG\AIN\Semester5\Web-apps\web-tui\app\web\GuiStarter.scala. Using presentation compiler with project's scala-library version: 3.3.6
2025.10.16 08:44:47 INFO  no build target found for C:\Users\leo11\OneDrive\Desktop\HTWG\AIN\Semester5\Web-apps\web-tui\app\web\GuiStarter.scala. Using presentation compiler with project's scala-library version: 3.3.6
2025.10.16 08:44:47 INFO  no build target found for C:\Users\leo11\OneDrive\Desktop\HTWG\AIN\Semester5\Web-apps\web-tui\app\web\GuiStarter.scala. Using presentation compiler with project's scala-library version: 3.3.6
2025.10.16 08:44:47 INFO  no build target found for C:\Users\leo11\OneDrive\Desktop\HTWG\AIN\Semester5\Web-apps\web-tui\app\web\GuiStarter.scala. Using presentation compiler with project's scala-library version: 3.3.6
2025.10.16 08:44:48 INFO  no build target found for C:\Users\leo11\OneDrive\Desktop\HTWG\AIN\Semester5\Web-apps\web-tui\app\web\GuiStarter.scala. Using presentation compiler with project's scala-library version: 3.3.6
2025.10.16 08:44:48 WARN  no build target for: C:\Users\leo11\OneDrive\Desktop\HTWG\AIN\Semester5\Web-apps\web-tui\app\web\GuiStarter.scala
2025.10.16 08:44:48 INFO  no build target found for C:\Users\leo11\OneDrive\Desktop\HTWG\AIN\Semester5\Web-apps\web-tui\app\web\GuiStarter.scala. Using presentation compiler with project's scala-library version: 3.3.6
2025.10.16 08:47:09 INFO  no build target found for C:\Users\leo11\OneDrive\Desktop\HTWG\AIN\Semester5\Web-apps\web-tui\app\web\GuiStarter.scala. Using presentation compiler with project's scala-library version: 3.3.6
2025.10.16 08:47:09 WARN  no build target for: C:\Users\leo11\OneDrive\Desktop\HTWG\AIN\Semester5\Web-apps\web-tui\app\web\GuiStarter.scala
2025.10.16 08:47:09 INFO  no build target found for C:\Users\leo11\OneDrive\Desktop\HTWG\AIN\Semester5\Web-apps\web-tui\app\web\GuiStarter.scala. Using presentation compiler with project's scala-library version: 3.3.6
2025.10.16 08:47:09 INFO  no build target found for C:\Users\leo11\OneDrive\Desktop\HTWG\AIN\Semester5\Web-apps\web-tui\app\web\GuiStarter.scala. Using presentation compiler with project's scala-library version: 3.3.6
2025.10.16 08:47:12 INFO  no build target found for C:\Users\leo11\OneDrive\Desktop\HTWG\AIN\Semester5\Web-apps\web-tui\app\web\GuiStarter.scala. Using presentation compiler with project's scala-library version: 3.3.6
2025.10.16 08:47:14 INFO  no build target found for C:\Users\leo11\OneDrive\Desktop\HTWG\AIN\Semester5\Web-apps\web-tui\app\web\GuiStarter.scala. Using presentation compiler with project's scala-library version: 3.3.6
2025.10.16 08:47:14 INFO  no build target found for C:\Users\leo11\OneDrive\Desktop\HTWG\AIN\Semester5\Web-apps\web-tui\app\web\GuiStarter.scala. Using presentation compiler with project's scala-library version: 3.3.6
2025.10.16 08:47:14 INFO  no build target found for C:\Users\leo11\OneDrive\Desktop\HTWG\AIN\Semester5\Web-apps\web-tui\app\web\GuiStarter.scala. Using presentation compiler with project's scala-library version: 3.3.6
2025.10.16 08:47:14 INFO  no build target found for C:\Users\leo11\OneDrive\Desktop\HTWG\AIN\Semester5\Web-apps\web-tui\app\web\GuiStarter.scala. Using presentation compiler with project's scala-library version: 3.3.6
2025.10.16 08:47:14 INFO  no build target found for C:\Users\leo11\OneDrive\Desktop\HTWG\AIN\Semester5\Web-apps\web-tui\app\web\GuiStarter.scala. Using presentation compiler with project's scala-library version: 3.3.6
2025.10.16 08:47:16 INFO  no build target found for C:\Users\leo11\OneDrive\Desktop\HTWG\AIN\Semester5\Web-apps\web-tui\app\web\GuiStarter.scala. Using presentation compiler with project's scala-library version: 3.3.6
2025.10.16 08:47:17 INFO  no build target found for C:\Users\leo11\OneDrive\Desktop\HTWG\AIN\Semester5\Web-apps\web-tui\app\web\GuiStarter.scala. Using presentation compiler with project's scala-library version: 3.3.6
2025.10.16 08:47:17 INFO  no build target found for C:\Users\leo11\OneDrive\Desktop\HTWG\AIN\Semester5\Web-apps\web-tui\app\web\GuiStarter.scala. Using presentation compiler with project's scala-library version: 3.3.6
2025.10.16 08:47:16 INFO  no build target found for C:\Users\leo11\OneDrive\Desktop\HTWG\AIN\Semester5\Web-apps\web-tui\app\web\GuiStarter.scala. Using presentation compiler with project's scala-library version: 3.3.6
2025.10.16 08:47:17 INFO  no build target found for C:\Users\leo11\OneDrive\Desktop\HTWG\AIN\Semester5\Web-apps\web-tui\app\web\GuiStarter.scala. Using presentation compiler with project's scala-library version: 3.3.6
2025.10.16 08:47:17 INFO  no build target found for C:\Users\leo11\OneDrive\Desktop\HTWG\AIN\Semester5\Web-apps\web-tui\app\web\GuiStarter.scala. Using presentation compiler with project's scala-library version: 3.3.6
2025.10.16 08:47:19 WARN  no build target for: C:\Users\leo11\OneDrive\Desktop\HTWG\AIN\Semester5\Web-apps\web-tui\app\web\GuiStarter.scala
2025.10.16 08:47:19 INFO  no build target found for C:\Users\leo11\OneDrive\Desktop\HTWG\AIN\Semester5\Web-apps\web-tui\app\web\GuiStarter.scala. Using presentation compiler with project's scala-library version: 3.3.6
2025.10.16 08:47:19 INFO  no build target found for C:\Users\leo11\OneDrive\Desktop\HTWG\AIN\Semester5\Web-apps\web-tui\app\web\GuiStarter.scala. Using presentation compiler with project's scala-library version: 3.3.6
2025.10.16 08:47:48 INFO  no build target found for C:\Users\leo11\OneDrive\Desktop\HTWG\AIN\Semester5\Web-apps\web-tui\app\web\GuiStarter.scala. Using presentation compiler with project's scala-library version: 3.3.6
2025.10.16 08:47:49 WARN  no build target for: C:\Users\leo11\OneDrive\Desktop\HTWG\AIN\Semester5\Web-apps\web-tui\app\controllers\AdminController.scala
2025.10.16 08:47:49 INFO  no build target found for C:\Users\leo11\OneDrive\Desktop\HTWG\AIN\Semester5\Web-apps\web-tui\app\controllers\AdminController.scala. Using presentation compiler with project's scala-library version: 3.3.6
2025.10.16 08:47:50 INFO  no build target found for C:\Users\leo11\OneDrive\Desktop\HTWG\AIN\Semester5\Web-apps\web-tui\app\controllers\AdminController.scala. Using presentation compiler with project's scala-library version: 3.3.6
2025.10.16 08:47:51 INFO  no build target found for C:\Users\leo11\OneDrive\Desktop\HTWG\AIN\Semester5\Web-apps\web-tui\app\controllers\AdminController.scala. Using presentation compiler with project's scala-library version: 3.3.6
2025.10.16 08:47:51 INFO  no build target found for C:\Users\leo11\OneDrive\Desktop\HTWG\AIN\Semester5\Web-apps\web-tui\app\controllers\AdminController.scala. Using presentation compiler with project's scala-library version: 3.3.6
2025.10.16 08:47:51 INFO  no build target found for C:\Users\leo11\OneDrive\Desktop\HTWG\AIN\Semester5\Web-apps\web-tui\app\controllers\AdminController.scala. Using presentation compiler with project's scala-library version: 3.3.6
2025.10.16 08:47:53 INFO  no build target found for C:\Users\leo11\OneDrive\Desktop\HTWG\AIN\Semester5\Web-apps\web-tui\app\controllers\AdminController.scala. Using presentation compiler with project's scala-library version: 3.3.6
2025.10.16 08:47:53 INFO  no build target found for C:\Users\leo11\OneDrive\Desktop\HTWG\AIN\Semester5\Web-apps\web-tui\app\controllers\AdminController.scala. Using presentation compiler with project's scala-library version: 3.3.6
2025.10.16 08:47:53 INFO  no build target found for C:\Users\leo11\OneDrive\Desktop\HTWG\AIN\Semester5\Web-apps\web-tui\app\controllers\AdminController.scala. Using presentation compiler with project's scala-library version: 3.3.6
2025.10.16 08:47:53 INFO  no build target found for C:\Users\leo11\OneDrive\Desktop\HTWG\AIN\Semester5\Web-apps\web-tui\app\controllers\AdminController.scala. Using presentation compiler with project's scala-library version: 3.3.6
2025.10.16 08:47:53 INFO  no build target found for C:\Users\leo11\OneDrive\Desktop\HTWG\AIN\Semester5\Web-apps\web-tui\app\controllers\AdminController.scala. Using presentation compiler with project's scala-library version: 3.3.6
2025.10.16 08:47:54 INFO  no build target found for C:\Users\leo11\OneDrive\Desktop\HTWG\AIN\Semester5\Web-apps\web-tui\app\controllers\AdminController.scala. Using presentation compiler with project's scala-library version: 3.3.6
2025.10.16 08:47:55 INFO  no build target found for C:\Users\leo11\OneDrive\Desktop\HTWG\AIN\Semester5\Web-apps\web-tui\app\controllers\AdminController.scala. Using presentation compiler with project's scala-library version: 3.3.6
2025.10.16 08:47:54 INFO  no build target found for C:\Users\leo11\OneDrive\Desktop\HTWG\AIN\Semester5\Web-apps\web-tui\app\controllers\AdminController.scala. Using presentation compiler with project's scala-library version: 3.3.6
2025.10.16 08:47:55 INFO  no build target found for C:\Users\leo11\OneDrive\Desktop\HTWG\AIN\Semester5\Web-apps\web-tui\app\controllers\AdminController.scala. Using presentation compiler with project's scala-library version: 3.3.6
2025.10.16 08:47:54 INFO  no build target found for C:\Users\leo11\OneDrive\Desktop\HTWG\AIN\Semester5\Web-apps\web-tui\app\controllers\AdminController.scala. Using presentation compiler with project's scala-library version: 3.3.6
2025.10.16 08:47:55 INFO  no build target found for C:\Users\leo11\OneDrive\Desktop\HTWG\AIN\Semester5\Web-apps\web-tui\app\controllers\AdminController.scala. Using presentation compiler with project's scala-library version: 3.3.6
2025.10.16 08:47:55 INFO  no build target found for C:\Users\leo11\OneDrive\Desktop\HTWG\AIN\Semester5\Web-apps\web-tui\app\controllers\AdminController.scala. Using presentation compiler with project's scala-library version: 3.3.6
2025.10.16 08:47:55 INFO  no build target found for C:\Users\leo11\OneDrive\Desktop\HTWG\AIN\Semester5\Web-apps\web-tui\app\controllers\AdminController.scala. Using presentation compiler with project's scala-library version: 3.3.6
2025.10.16 08:47:55 INFO  no build target found for C:\Users\leo11\OneDrive\Desktop\HTWG\AIN\Semester5\Web-apps\web-tui\app\controllers\AdminController.scala. Using presentation compiler with project's scala-library version: 3.3.6
2025.10.16 08:47:55 INFO  no build target found for C:\Users\leo11\OneDrive\Desktop\HTWG\AIN\Semester5\Web-apps\web-tui\app\controllers\AdminController.scala. Using presentation compiler with project's scala-library version: 3.3.6
2025.10.16 08:47:56 INFO  no build target found for C:\Users\leo11\OneDrive\Desktop\HTWG\AIN\Semester5\Web-apps\web-tui\app\controllers\AdminController.scala. Using presentation compiler with project's scala-library version: 3.3.6
2025.10.16 08:47:55 INFO  no build target found for C:\Users\leo11\OneDrive\Desktop\HTWG\AIN\Semester5\Web-apps\web-tui\app\controllers\AdminController.scala. Using presentation compiler with project's scala-library version: 3.3.6
2025.10.16 08:47:55 INFO  no build target found for C:\Users\leo11\OneDrive\Desktop\HTWG\AIN\Semester5\Web-apps\web-tui\app\controllers\AdminController.scala. Using presentation compiler with project's scala-library version: 3.3.6
2025.10.16 08:47:55 INFO  no build target found for C:\Users\leo11\OneDrive\Desktop\HTWG\AIN\Semester5\Web-apps\web-tui\app\controllers\AdminController.scala. Using presentation compiler with project's scala-library version: 3.3.6
2025.10.16 08:47:56 INFO  no build target found for C:\Users\leo11\OneDrive\Desktop\HTWG\AIN\Semester5\Web-apps\web-tui\app\controllers\AdminController.scala. Using presentation compiler with project's scala-library version: 3.3.6
2025.10.16 08:47:56 INFO  no build target found for C:\Users\leo11\OneDrive\Desktop\HTWG\AIN\Semester5\Web-apps\web-tui\app\controllers\AdminController.scala. Using presentation compiler with project's scala-library version: 3.3.6
2025.10.16 08:47:56 INFO  no build target found for C:\Users\leo11\OneDrive\Desktop\HTWG\AIN\Semester5\Web-apps\web-tui\app\controllers\AdminController.scala. Using presentation compiler with project's scala-library version: 3.3.6
2025.10.16 08:47:56 INFO  no build target found for C:\Users\leo11\OneDrive\Desktop\HTWG\AIN\Semester5\Web-apps\web-tui\app\controllers\AdminController.scala. Using presentation compiler with project's scala-library version: 3.3.6
2025.10.16 08:47:56 INFO  no build target found for C:\Users\leo11\OneDrive\Desktop\HTWG\AIN\Semester5\Web-apps\web-tui\app\controllers\AdminController.scala. Using presentation compiler with project's scala-library version: 3.3.6
2025.10.16 08:47:57 INFO  no build target found for C:\Users\leo11\OneDrive\Desktop\HTWG\AIN\Semester5\Web-apps\web-tui\app\controllers\AdminController.scala. Using presentation compiler with project's scala-library version: 3.3.6
2025.10.16 08:48:02 INFO  no build target found for C:\Users\leo11\OneDrive\Desktop\HTWG\AIN\Semester5\Web-apps\web-tui\app\controllers\AdminController.scala. Using presentation compiler with project's scala-library version: 3.3.6
2025.10.16 08:48:52 INFO  no build target found for C:\Users\leo11\OneDrive\Desktop\HTWG\AIN\Semester5\Web-apps\web-tui\app\controllers\AdminController.scala. Using presentation compiler with project's scala-library version: 3.3.6
2025.10.16 08:48:54 WARN  no build target for: C:\Users\leo11\OneDrive\Desktop\HTWG\AIN\Semester5\Web-apps\web-tui\app\web\GuiStarter.scala
2025.10.16 08:48:54 INFO  no build target found for C:\Users\leo11\OneDrive\Desktop\HTWG\AIN\Semester5\Web-apps\web-tui\app\web\GuiStarter.scala. Using presentation compiler with project's scala-library version: 3.3.6
2025.10.16 08:48:54 INFO  no build target found for C:\Users\leo11\OneDrive\Desktop\HTWG\AIN\Semester5\Web-apps\web-tui\app\web\GuiStarter.scala. Using presentation compiler with project's scala-library version: 3.3.6
2025.10.16 08:48:54 INFO  no build target found for C:\Users\leo11\OneDrive\Desktop\HTWG\AIN\Semester5\Web-apps\web-tui\app\web\GuiStarter.scala. Using presentation compiler with project's scala-library version: 3.3.6
2025.10.16 08:49:53 INFO  no build target found for C:\Users\leo11\OneDrive\Desktop\HTWG\AIN\Semester5\Web-apps\web-tui\app\web\GuiStarter.scala. Using presentation compiler with project's scala-library version: 3.3.6
2025.10.16 08:49:54 INFO  no build target found for C:\Users\leo11\OneDrive\Desktop\HTWG\AIN\Semester5\Web-apps\web-tui\app\web\GuiStarter.scala. Using presentation compiler with project's scala-library version: 3.3.6
2025.10.16 08:49:54 INFO  no build target found for C:\Users\leo11\OneDrive\Desktop\HTWG\AIN\Semester5\Web-apps\web-tui\app\web\GuiStarter.scala. Using presentation compiler with project's scala-library version: 3.3.6
2025.10.16 08:49:56 INFO  no build target found for C:\Users\leo11\OneDrive\Desktop\HTWG\AIN\Semester5\Web-apps\web-tui\app\web\GuiStarter.scala. Using presentation compiler with project's scala-library version: 3.3.6
2025.10.16 08:49:57 INFO  no build target found for C:\Users\leo11\OneDrive\Desktop\HTWG\AIN\Semester5\Web-apps\web-tui\app\web\GuiStarter.scala. Using presentation compiler with project's scala-library version: 3.3.6
2025.10.16 08:49:58 INFO  no build target found for C:\Users\leo11\OneDrive\Desktop\HTWG\AIN\Semester5\Web-apps\web-tui\app\web\GuiStarter.scala. Using presentation compiler with project's scala-library version: 3.3.6
2025.10.16 08:49:58 INFO  no build target found for C:\Users\leo11\OneDrive\Desktop\HTWG\AIN\Semester5\Web-apps\web-tui\app\web\GuiStarter.scala. Using presentation compiler with project's scala-library version: 3.3.6
2025.10.16 08:50:01 INFO  no build target found for C:\Users\leo11\OneDrive\Desktop\HTWG\AIN\Semester5\Web-apps\web-tui\app\web\GuiStarter.scala. Using presentation compiler with project's scala-library version: 3.3.6
2025.10.16 08:50:01 WARN  no build target for: C:\Users\leo11\OneDrive\Desktop\HTWG\AIN\Semester5\Web-apps\web-tui\app\web\GuiStarter.scala
2025.10.16 08:50:01 INFO  no build target found for C:\Users\leo11\OneDrive\Desktop\HTWG\AIN\Semester5\Web-apps\web-tui\app\web\GuiStarter.scala. Using presentation compiler with project's scala-library version: 3.3.6
2025.10.16 08:50:08 INFO  no build target found for C:\Users\leo11\OneDrive\Desktop\HTWG\AIN\Semester5\Web-apps\web-tui\app\web\GuiStarter.scala. Using presentation compiler with project's scala-library version: 3.3.6
2025.10.16 08:50:09 INFO  no build target found for C:\Users\leo11\OneDrive\Desktop\HTWG\AIN\Semester5\Web-apps\web-tui\app\web\GuiStarter.scala. Using presentation compiler with project's scala-library version: 3.3.6
2025.10.16 08:50:09 INFO  no build target found for C:\Users\leo11\OneDrive\Desktop\HTWG\AIN\Semester5\Web-apps\web-tui\app\web\GuiStarter.scala. Using presentation compiler with project's scala-library version: 3.3.6
2025.10.16 08:50:09 INFO  no build target found for C:\Users\leo11\OneDrive\Desktop\HTWG\AIN\Semester5\Web-apps\web-tui\app\web\GuiStarter.scala. Using presentation compiler with project's scala-library version: 3.3.6
2025.10.16 08:50:09 INFO  no build target found for C:\Users\leo11\OneDrive\Desktop\HTWG\AIN\Semester5\Web-apps\web-tui\app\web\GuiStarter.scala. Using presentation compiler with project's scala-library version: 3.3.6
2025.10.16 08:50:10 INFO  no build target found for C:\Users\leo11\OneDrive\Desktop\HTWG\AIN\Semester5\Web-apps\web-tui\app\web\GuiStarter.scala. Using presentation compiler with project's scala-library version: 3.3.6
2025.10.16 08:50:09 INFO  no build target found for C:\Users\leo11\OneDrive\Desktop\HTWG\AIN\Semester5\Web-apps\web-tui\app\web\GuiStarter.scala. Using presentation compiler with project's scala-library version: 3.3.6
2025.10.16 08:50:12 INFO  no build target found for C:\Users\leo11\OneDrive\Desktop\HTWG\AIN\Semester5\Web-apps\web-tui\app\web\GuiStarter.scala. Using presentation compiler with project's scala-library version: 3.3.6
2025.10.16 08:50:12 WARN  no build target for: C:\Users\leo11\OneDrive\Desktop\HTWG\AIN\Semester5\Web-apps\web-tui\app\web\GuiStarter.scala
2025.10.16 08:50:12 INFO  no build target found for C:\Users\leo11\OneDrive\Desktop\HTWG\AIN\Semester5\Web-apps\web-tui\app\web\GuiStarter.scala. Using presentation compiler with project's scala-library version: 3.3.6
2025.10.16 08:50:37 INFO  no build target found for C:\Users\leo11\OneDrive\Desktop\HTWG\AIN\Semester5\Web-apps\web-tui\app\web\GuiStarter.scala. Using presentation compiler with project's scala-library version: 3.3.6
2025.10.16 08:50:38 WARN  no build target for: C:\Users\leo11\OneDrive\Desktop\HTWG\AIN\Semester5\Web-apps\web-tui\app\controllers\AdminController.scala
2025.10.16 08:50:38 INFO  no build target found for C:\Users\leo11\OneDrive\Desktop\HTWG\AIN\Semester5\Web-apps\web-tui\app\controllers\AdminController.scala. Using presentation compiler with project's scala-library version: 3.3.6
2025.10.16 08:50:38 INFO  no build target found for C:\Users\leo11\OneDrive\Desktop\HTWG\AIN\Semester5\Web-apps\web-tui\app\controllers\AdminController.scala. Using presentation compiler with project's scala-library version: 3.3.6
2025.10.16 08:50:38 INFO  no build target found for C:\Users\leo11\OneDrive\Desktop\HTWG\AIN\Semester5\Web-apps\web-tui\app\controllers\AdminController.scala. Using presentation compiler with project's scala-library version: 3.3.6
2025.10.16 08:50:38 INFO  no build target found for C:\Users\leo11\OneDrive\Desktop\HTWG\AIN\Semester5\Web-apps\web-tui\app\controllers\AdminController.scala. Using presentation compiler with project's scala-library version: 3.3.6
2025.10.16 08:50:41 INFO  no build target found for C:\Users\leo11\OneDrive\Desktop\HTWG\AIN\Semester5\Web-apps\web-tui\app\controllers\AdminController.scala. Using presentation compiler with project's scala-library version: 3.3.6
2025.10.16 08:50:41 INFO  no build target found for C:\Users\leo11\OneDrive\Desktop\HTWG\AIN\Semester5\Web-apps\web-tui\app\controllers\AdminController.scala. Using presentation compiler with project's scala-library version: 3.3.6
2025.10.16 08:50:42 INFO  no build target found for C:\Users\leo11\OneDrive\Desktop\HTWG\AIN\Semester5\Web-apps\web-tui\app\controllers\AdminController.scala. Using presentation compiler with project's scala-library version: 3.3.6
2025.10.16 08:50:42 INFO  no build target found for C:\Users\leo11\OneDrive\Desktop\HTWG\AIN\Semester5\Web-apps\web-tui\app\controllers\AdminController.scala. Using presentation compiler with project's scala-library version: 3.3.6
2025.10.16 08:50:43 INFO  no build target found for C:\Users\leo11\OneDrive\Desktop\HTWG\AIN\Semester5\Web-apps\web-tui\app\controllers\AdminController.scala. Using presentation compiler with project's scala-library version: 3.3.6
2025.10.16 08:50:43 WARN  no build target for: C:\Users\leo11\OneDrive\Desktop\HTWG\AIN\Semester5\Web-apps\web-tui\app\controllers\AdminController.scala
2025.10.16 08:50:43 INFO  no build target found for C:\Users\leo11\OneDrive\Desktop\HTWG\AIN\Semester5\Web-apps\web-tui\app\controllers\AdminController.scala. Using presentation compiler with project's scala-library version: 3.3.6
2025.10.16 08:50:51 INFO  no build target found for C:\Users\leo11\OneDrive\Desktop\HTWG\AIN\Semester5\Web-apps\web-tui\app\controllers\AdminController.scala. Using presentation compiler with project's scala-library version: 3.3.6
2025.10.16 08:54:34 INFO  no build target found for C:\Users\leo11\OneDrive\Desktop\HTWG\AIN\Semester5\Web-apps\web-tui\app\web\GuiStarter.scala. Using presentation compiler with project's scala-library version: 3.3.6
2025.10.16 08:54:34 WARN  no build target for: C:\Users\leo11\OneDrive\Desktop\HTWG\AIN\Semester5\Web-apps\web-tui\app\web\GuiStarter.scala
2025.10.16 08:54:34 INFO  no build target found for C:\Users\leo11\OneDrive\Desktop\HTWG\AIN\Semester5\Web-apps\web-tui\app\web\GuiStarter.scala. Using presentation compiler with project's scala-library version: 3.3.6
2025.10.16 08:55:18 INFO  no build target found for C:\Users\leo11\OneDrive\Desktop\HTWG\AIN\Semester5\Web-apps\web-tui\app\web\GuiStarter.scala. Using presentation compiler with project's scala-library version: 3.3.6
2025.10.16 08:55:21 INFO  no build target found for C:\Users\leo11\OneDrive\Desktop\HTWG\AIN\Semester5\Web-apps\web-tui\app\web\GuiStarter.scala. Using presentation compiler with project's scala-library version: 3.3.6
2025.10.16 08:55:21 INFO  no build target found for C:\Users\leo11\OneDrive\Desktop\HTWG\AIN\Semester5\Web-apps\web-tui\app\web\GuiStarter.scala. Using presentation compiler with project's scala-library version: 3.3.6
2025.10.16 08:55:24 INFO  no build target found for C:\Users\leo11\OneDrive\Desktop\HTWG\AIN\Semester5\Web-apps\web-tui\app\web\GuiStarter.scala. Using presentation compiler with project's scala-library version: 3.3.6
2025.10.16 08:55:25 INFO  no build target found for C:\Users\leo11\OneDrive\Desktop\HTWG\AIN\Semester5\Web-apps\web-tui\app\web\GuiStarter.scala. Using presentation compiler with project's scala-library version: 3.3.6
2025.10.16 08:55:25 INFO  no build target found for C:\Users\leo11\OneDrive\Desktop\HTWG\AIN\Semester5\Web-apps\web-tui\app\web\GuiStarter.scala. Using presentation compiler with project's scala-library version: 3.3.6
2025.10.16 08:55:29 WARN  no build target for: C:\Users\leo11\OneDrive\Desktop\HTWG\AIN\Semester5\Web-apps\web-tui\app\web\GuiStarter.scala
2025.10.16 08:55:29 INFO  no build target found for C:\Users\leo11\OneDrive\Desktop\HTWG\AIN\Semester5\Web-apps\web-tui\app\web\GuiStarter.scala. Using presentation compiler with project's scala-library version: 3.3.6
2025.10.16 08:55:29 INFO  no build target found for C:\Users\leo11\OneDrive\Desktop\HTWG\AIN\Semester5\Web-apps\web-tui\app\web\GuiStarter.scala. Using presentation compiler with project's scala-library version: 3.3.6
2025.10.16 08:55:29 INFO  no build target found for C:\Users\leo11\OneDrive\Desktop\HTWG\AIN\Semester5\Web-apps\web-tui\app\web\GuiStarter.scala. Using presentation compiler with project's scala-library version: 3.3.6
2025.10.16 09:00:44 INFO  no build target found for C:\Users\leo11\OneDrive\Desktop\HTWG\AIN\Semester5\Web-apps\web-tui\app\web\WebTUI.scala. Using presentation compiler with project's scala-library version: 3.3.6
2025.10.16 09:00:44 WARN  no build target for: C:\Users\leo11\OneDrive\Desktop\HTWG\AIN\Semester5\Web-apps\web-tui\app\web\WebTUI.scala
2025.10.16 09:00:44 INFO  no build target found for C:\Users\leo11\OneDrive\Desktop\HTWG\AIN\Semester5\Web-apps\web-tui\app\web\WebTUI.scala. Using presentation compiler with project's scala-library version: 3.3.6
2025.10.16 09:00:44 INFO  no build target found for C:\Users\leo11\OneDrive\Desktop\HTWG\AIN\Semester5\Web-apps\web-tui\app\web\WebTUI.scala. Using presentation compiler with project's scala-library version: 3.3.6
2025.10.16 09:00:44 INFO  no build target found for C:\Users\leo11\OneDrive\Desktop\HTWG\AIN\Semester5\Web-apps\web-tui\app\web\WebTUI.scala. Using presentation compiler with project's scala-library version: 3.3.6
2025.10.16 09:00:52 INFO  no build target found for C:\Users\leo11\OneDrive\Desktop\HTWG\AIN\Semester5\Web-apps\web-tui\app\web\WebTUI.scala. Using presentation compiler with project's scala-library version: 3.3.6
2025.10.16 09:00:52 INFO  no build target found for C:\Users\leo11\OneDrive\Desktop\HTWG\AIN\Semester5\Web-apps\web-tui\app\web\WebTUI.scala. Using presentation compiler with project's scala-library version: 3.3.6
2025.10.16 09:00:52 INFO  no build target found for C:\Users\leo11\OneDrive\Desktop\HTWG\AIN\Semester5\Web-apps\web-tui\app\web\WebTUI.scala. Using presentation compiler with project's scala-library version: 3.3.6
2025.10.16 09:00:53 INFO  no build target found for C:\Users\leo11\OneDrive\Desktop\HTWG\AIN\Semester5\Web-apps\web-tui\app\web\WebTUI.scala. Using presentation compiler with project's scala-library version: 3.3.6
2025.10.16 09:00:54 INFO  no build target found for C:\Users\leo11\OneDrive\Desktop\HTWG\AIN\Semester5\Web-apps\web-tui\app\web\WebTUI.scala. Using presentation compiler with project's scala-library version: 3.3.6
Exception in thread "pool-191-thread-1" java.lang.InterruptedException
	at scala.meta.internal.metals.FutureCancelToken.checkCanceled(FutureCancelToken.scala:29)
	at scala.meta.internal.pc.CompilerAccess.onCompilerJobQueue$$anonfun$1(CompilerAccess.scala:244)
	at scala.meta.internal.pc.CompilerJobQueue$Job.run(CompilerJobQueue.scala:153)
	at java.base/java.util.concurrent.ThreadPoolExecutor.runWorker(ThreadPoolExecutor.java:1144)
	at java.base/java.util.concurrent.ThreadPoolExecutor$Worker.run(ThreadPoolExecutor.java:642)
	at java.base/java.lang.Thread.run(Thread.java:1570)
2025.10.16 09:00:54 INFO  no build target found for C:\Users\leo11\OneDrive\Desktop\HTWG\AIN\Semester5\Web-apps\web-tui\app\web\WebTUI.scala. Using presentation compiler with project's scala-library version: 3.3.6
2025.10.16 09:00:57 INFO  no build target found for C:\Users\leo11\OneDrive\Desktop\HTWG\AIN\Semester5\Web-apps\web-tui\app\web\WebTUI.scala. Using presentation compiler with project's scala-library version: 3.3.6
2025.10.16 09:00:57 INFO  no build target found for C:\Users\leo11\OneDrive\Desktop\HTWG\AIN\Semester5\Web-apps\web-tui\app\web\WebTUI.scala. Using presentation compiler with project's scala-library version: 3.3.6
2025.10.16 09:00:57 INFO  no build target found for C:\Users\leo11\OneDrive\Desktop\HTWG\AIN\Semester5\Web-apps\web-tui\app\web\WebTUI.scala. Using presentation compiler with project's scala-library version: 3.3.6
2025.10.16 09:00:58 INFO  no build target found for C:\Users\leo11\OneDrive\Desktop\HTWG\AIN\Semester5\Web-apps\web-tui\app\web\WebTUI.scala. Using presentation compiler with project's scala-library version: 3.3.6
2025.10.16 09:00:58 INFO  no build target found for C:\Users\leo11\OneDrive\Desktop\HTWG\AIN\Semester5\Web-apps\web-tui\app\web\WebTUI.scala. Using presentation compiler with project's scala-library version: 3.3.6
2025.10.16 09:00:58 INFO  no build target found for C:\Users\leo11\OneDrive\Desktop\HTWG\AIN\Semester5\Web-apps\web-tui\app\web\WebTUI.scala. Using presentation compiler with project's scala-library version: 3.3.6
2025.10.16 09:00:59 INFO  no build target found for C:\Users\leo11\OneDrive\Desktop\HTWG\AIN\Semester5\Web-apps\web-tui\app\web\WebTUI.scala. Using presentation compiler with project's scala-library version: 3.3.6
2025.10.16 09:01:00 WARN  no build target for: C:\Users\leo11\OneDrive\Desktop\HTWG\AIN\Semester5\Web-apps\web-tui\app\web\WebTUI.scala
2025.10.16 09:01:00 INFO  no build target found for C:\Users\leo11\OneDrive\Desktop\HTWG\AIN\Semester5\Web-apps\web-tui\app\web\WebTUI.scala. Using presentation compiler with project's scala-library version: 3.3.6
2025.10.16 09:01:57 INFO  no build target found for C:\Users\leo11\OneDrive\Desktop\HTWG\AIN\Semester5\Web-apps\web-tui\app\controllers\GameController.scala. Using presentation compiler with project's scala-library version: 3.3.6
2025.10.16 09:01:57 WARN  no build target for: C:\Users\leo11\OneDrive\Desktop\HTWG\AIN\Semester5\Web-apps\web-tui\app\controllers\GameController.scala
2025.10.16 09:01:57 INFO  no build target found for C:\Users\leo11\OneDrive\Desktop\HTWG\AIN\Semester5\Web-apps\web-tui\app\controllers\GameController.scala. Using presentation compiler with project's scala-library version: 3.3.6
2025.10.16 09:01:57 INFO  no build target found for C:\Users\leo11\OneDrive\Desktop\HTWG\AIN\Semester5\Web-apps\web-tui\app\controllers\GameController.scala. Using presentation compiler with project's scala-library version: 3.3.6
2025.10.16 09:01:57 INFO  no build target found for C:\Users\leo11\OneDrive\Desktop\HTWG\AIN\Semester5\Web-apps\web-tui\app\controllers\GameController.scala. Using presentation compiler with project's scala-library version: 3.3.6
2025.10.16 09:01:57 INFO  no build target found for C:\Users\leo11\OneDrive\Desktop\HTWG\AIN\Semester5\Web-apps\web-tui\app\controllers\GameController.scala. Using presentation compiler with project's scala-library version: 3.3.6
2025.10.16 09:02:05 INFO  no build target found for C:\Users\leo11\OneDrive\Desktop\HTWG\AIN\Semester5\Web-apps\web-tui\app\controllers\GameController.scala. Using presentation compiler with project's scala-library version: 3.3.6
2025.10.16 09:02:05 INFO  no build target found for C:\Users\leo11\OneDrive\Desktop\HTWG\AIN\Semester5\Web-apps\web-tui\app\controllers\GameController.scala. Using presentation compiler with project's scala-library version: 3.3.6
2025.10.16 09:02:06 INFO  no build target found for C:\Users\leo11\OneDrive\Desktop\HTWG\AIN\Semester5\Web-apps\web-tui\app\controllers\GameController.scala. Using presentation compiler with project's scala-library version: 3.3.6
2025.10.16 09:02:06 INFO  no build target found for C:\Users\leo11\OneDrive\Desktop\HTWG\AIN\Semester5\Web-apps\web-tui\app\controllers\GameController.scala. Using presentation compiler with project's scala-library version: 3.3.6
2025.10.16 09:02:06 INFO  no build target found for C:\Users\leo11\OneDrive\Desktop\HTWG\AIN\Semester5\Web-apps\web-tui\app\controllers\GameController.scala. Using presentation compiler with project's scala-library version: 3.3.6
2025.10.16 09:02:06 INFO  no build target found for C:\Users\leo11\OneDrive\Desktop\HTWG\AIN\Semester5\Web-apps\web-tui\app\controllers\GameController.scala. Using presentation compiler with project's scala-library version: 3.3.6
2025.10.16 09:02:07 INFO  no build target found for C:\Users\leo11\OneDrive\Desktop\HTWG\AIN\Semester5\Web-apps\web-tui\app\controllers\GameController.scala. Using presentation compiler with project's scala-library version: 3.3.6
2025.10.16 09:02:10 WARN  no build target for: C:\Users\leo11\OneDrive\Desktop\HTWG\AIN\Semester5\Web-apps\web-tui\app\controllers\GameController.scala
2025.10.16 09:02:10 INFO  no build target found for C:\Users\leo11\OneDrive\Desktop\HTWG\AIN\Semester5\Web-apps\web-tui\app\controllers\GameController.scala. Using presentation compiler with project's scala-library version: 3.3.6
2025.10.16 09:02:10 INFO  no build target found for C:\Users\leo11\OneDrive\Desktop\HTWG\AIN\Semester5\Web-apps\web-tui\app\controllers\GameController.scala. Using presentation compiler with project's scala-library version: 3.3.6
2025.10.16 09:02:10 INFO  no build target found for C:\Users\leo11\OneDrive\Desktop\HTWG\AIN\Semester5\Web-apps\web-tui\app\controllers\GameController.scala. Using presentation compiler with project's scala-library version: 3.3.6
2025.10.16 09:02:51 INFO  no build target found for C:\Users\leo11\OneDrive\Desktop\HTWG\AIN\Semester5\Web-apps\web-tui\app\controllers\GameController.scala. Using presentation compiler with project's scala-library version: 3.3.6
2025.10.16 09:09:41 INFO  no build target found for C:\Users\leo11\OneDrive\Desktop\HTWG\AIN\Semester5\Web-apps\web-tui\app\web\WebTUI.scala. Using presentation compiler with project's scala-library version: 3.3.6
2025.10.16 09:09:41 WARN  no build target for: C:\Users\leo11\OneDrive\Desktop\HTWG\AIN\Semester5\Web-apps\web-tui\app\web\WebTUI.scala
2025.10.16 09:09:41 INFO  no build target found for C:\Users\leo11\OneDrive\Desktop\HTWG\AIN\Semester5\Web-apps\web-tui\app\web\WebTUI.scala. Using presentation compiler with project's scala-library version: 3.3.6
2025.10.16 09:09:41 INFO  no build target found for C:\Users\leo11\OneDrive\Desktop\HTWG\AIN\Semester5\Web-apps\web-tui\app\web\WebTUI.scala. Using presentation compiler with project's scala-library version: 3.3.6
2025.10.16 09:09:43 INFO  no build target found for C:\Users\leo11\OneDrive\Desktop\HTWG\AIN\Semester5\Web-apps\web-tui\app\web\WebTUI.scala. Using presentation compiler with project's scala-library version: 3.3.6
2025.10.16 09:09:46 INFO  no build target found for C:\Users\leo11\OneDrive\Desktop\HTWG\AIN\Semester5\Web-apps\web-tui\app\web\WebTUI.scala. Using presentation compiler with project's scala-library version: 3.3.6
2025.10.16 09:09:46 INFO  no build target found for C:\Users\leo11\OneDrive\Desktop\HTWG\AIN\Semester5\Web-apps\web-tui\app\web\WebTUI.scala. Using presentation compiler with project's scala-library version: 3.3.6
2025.10.16 09:09:48 INFO  no build target found for C:\Users\leo11\OneDrive\Desktop\HTWG\AIN\Semester5\Web-apps\web-tui\app\web\WebTUI.scala. Using presentation compiler with project's scala-library version: 3.3.6
2025.10.16 09:09:48 INFO  no build target found for C:\Users\leo11\OneDrive\Desktop\HTWG\AIN\Semester5\Web-apps\web-tui\app\web\WebTUI.scala. Using presentation compiler with project's scala-library version: 3.3.6
2025.10.16 09:09:48 INFO  no build target found for C:\Users\leo11\OneDrive\Desktop\HTWG\AIN\Semester5\Web-apps\web-tui\app\web\WebTUI.scala. Using presentation compiler with project's scala-library version: 3.3.6
2025.10.16 09:09:49 WARN  no build target for: C:\Users\leo11\OneDrive\Desktop\HTWG\AIN\Semester5\Web-apps\web-tui\app\web\WebTUI.scala
2025.10.16 09:09:49 INFO  no build target found for C:\Users\leo11\OneDrive\Desktop\HTWG\AIN\Semester5\Web-apps\web-tui\app\web\WebTUI.scala. Using presentation compiler with project's scala-library version: 3.3.6
2025.10.16 09:12:02 INFO  no build target found for C:\Users\leo11\OneDrive\Desktop\HTWG\AIN\Semester5\Web-apps\web-tui\app\web\WebTUI.scala. Using presentation compiler with project's scala-library version: 3.3.6
2025.10.16 09:12:04 INFO  no build target found for C:\Users\leo11\OneDrive\Desktop\HTWG\AIN\Semester5\Web-apps\web-tui\app\web\WebTUI.scala. Using presentation compiler with project's scala-library version: 3.3.6
2025.10.16 09:12:04 INFO  no build target found for C:\Users\leo11\OneDrive\Desktop\HTWG\AIN\Semester5\Web-apps\web-tui\app\web\WebTUI.scala. Using presentation compiler with project's scala-library version: 3.3.6
2025.10.16 09:12:06 INFO  no build target found for C:\Users\leo11\OneDrive\Desktop\HTWG\AIN\Semester5\Web-apps\web-tui\app\web\WebTUI.scala. Using presentation compiler with project's scala-library version: 3.3.6
2025.10.16 09:12:06 INFO  no build target found for C:\Users\leo11\OneDrive\Desktop\HTWG\AIN\Semester5\Web-apps\web-tui\app\web\WebTUI.scala. Using presentation compiler with project's scala-library version: 3.3.6
2025.10.16 09:12:07 INFO  no build target found for C:\Users\leo11\OneDrive\Desktop\HTWG\AIN\Semester5\Web-apps\web-tui\app\web\WebTUI.scala. Using presentation compiler with project's scala-library version: 3.3.6
2025.10.16 09:12:08 INFO  no build target found for C:\Users\leo11\OneDrive\Desktop\HTWG\AIN\Semester5\Web-apps\web-tui\app\web\WebTUI.scala. Using presentation compiler with project's scala-library version: 3.3.6
2025.10.16 09:12:08 INFO  no build target found for C:\Users\leo11\OneDrive\Desktop\HTWG\AIN\Semester5\Web-apps\web-tui\app\web\WebTUI.scala. Using presentation compiler with project's scala-library version: 3.3.6
2025.10.16 09:12:11 INFO  no build target found for C:\Users\leo11\OneDrive\Desktop\HTWG\AIN\Semester5\Web-apps\web-tui\app\web\WebTUI.scala. Using presentation compiler with project's scala-library version: 3.3.6
2025.10.16 09:12:13 INFO  no build target found for C:\Users\leo11\OneDrive\Desktop\HTWG\AIN\Semester5\Web-apps\web-tui\app\web\WebTUI.scala. Using presentation compiler with project's scala-library version: 3.3.6
2025.10.16 09:12:13 INFO  no build target found for C:\Users\leo11\OneDrive\Desktop\HTWG\AIN\Semester5\Web-apps\web-tui\app\web\WebTUI.scala. Using presentation compiler with project's scala-library version: 3.3.6
2025.10.16 09:12:13 INFO  no build target found for C:\Users\leo11\OneDrive\Desktop\HTWG\AIN\Semester5\Web-apps\web-tui\app\web\WebTUI.scala. Using presentation compiler with project's scala-library version: 3.3.6
2025.10.16 09:12:14 INFO  no build target found for C:\Users\leo11\OneDrive\Desktop\HTWG\AIN\Semester5\Web-apps\web-tui\app\web\WebTUI.scala. Using presentation compiler with project's scala-library version: 3.3.6
2025.10.16 09:12:14 INFO  no build target found for C:\Users\leo11\OneDrive\Desktop\HTWG\AIN\Semester5\Web-apps\web-tui\app\web\WebTUI.scala. Using presentation compiler with project's scala-library version: 3.3.6
2025.10.16 09:12:14 INFO  no build target found for C:\Users\leo11\OneDrive\Desktop\HTWG\AIN\Semester5\Web-apps\web-tui\app\web\WebTUI.scala. Using presentation compiler with project's scala-library version: 3.3.6
2025.10.16 09:12:14 INFO  no build target found for C:\Users\leo11\OneDrive\Desktop\HTWG\AIN\Semester5\Web-apps\web-tui\app\web\WebTUI.scala. Using presentation compiler with project's scala-library version: 3.3.6
2025.10.16 09:12:14 INFO  Created report: Optional[file:///C:/Users/leo11/OneDrive/Desktop/HTWG/AIN/Semester5/Web-apps/web-tui/app/web/WebTUI.scala]
2025.10.16 09:12:14 INFO  empty definition using pc, found symbol in pc: java/lang/System#setErr(). (full report at: "C:\Users\leo11\OneDrive\Desktop\HTWG\AIN\Semester5\Web-apps\web-tui\.metals\.reports\metals-full\2025-10-16\r_empty-definition_09-12-14-733.md")
2025.10.16 09:12:15 INFO  no build target found for C:\Users\leo11\OneDrive\Desktop\HTWG\AIN\Semester5\Web-apps\web-tui\app\web\WebTUI.scala. Using presentation compiler with project's scala-library version: 3.3.6
2025.10.16 09:12:15 INFO  no build target found for C:\Users\leo11\OneDrive\Desktop\HTWG\AIN\Semester5\Web-apps\web-tui\app\web\WebTUI.scala. Using presentation compiler with project's scala-library version: 3.3.6
2025.10.16 09:12:15 INFO  no build target found for C:\Users\leo11\OneDrive\Desktop\HTWG\AIN\Semester5\Web-apps\web-tui\app\web\WebTUI.scala. Using presentation compiler with project's scala-library version: 3.3.6
2025.10.16 09:12:15 INFO  no build target found for C:\Users\leo11\OneDrive\Desktop\HTWG\AIN\Semester5\Web-apps\web-tui\app\web\WebTUI.scala. Using presentation compiler with project's scala-library version: 3.3.6
2025.10.16 09:12:16 INFO  no build target found for C:\Users\leo11\OneDrive\Desktop\HTWG\AIN\Semester5\Web-apps\web-tui\app\web\WebTUI.scala. Using presentation compiler with project's scala-library version: 3.3.6
2025.10.16 09:12:15 INFO  no build target found for C:\Users\leo11\OneDrive\Desktop\HTWG\AIN\Semester5\Web-apps\web-tui\app\web\WebTUI.scala. Using presentation compiler with project's scala-library version: 3.3.6
2025.10.16 09:12:16 INFO  no build target found for C:\Users\leo11\OneDrive\Desktop\HTWG\AIN\Semester5\Web-apps\web-tui\app\web\WebTUI.scala. Using presentation compiler with project's scala-library version: 3.3.6
2025.10.16 09:12:16 INFO  no build target found for C:\Users\leo11\OneDrive\Desktop\HTWG\AIN\Semester5\Web-apps\web-tui\app\web\WebTUI.scala. Using presentation compiler with project's scala-library version: 3.3.6
2025.10.16 09:12:16 INFO  no build target found for C:\Users\leo11\OneDrive\Desktop\HTWG\AIN\Semester5\Web-apps\web-tui\app\web\WebTUI.scala. Using presentation compiler with project's scala-library version: 3.3.6
2025.10.16 09:12:16 INFO  no build target found for C:\Users\leo11\OneDrive\Desktop\HTWG\AIN\Semester5\Web-apps\web-tui\app\web\WebTUI.scala. Using presentation compiler with project's scala-library version: 3.3.6
2025.10.16 09:12:17 INFO  no build target found for C:\Users\leo11\OneDrive\Desktop\HTWG\AIN\Semester5\Web-apps\web-tui\app\web\WebTUI.scala. Using presentation compiler with project's scala-library version: 3.3.6
2025.10.16 09:12:18 INFO  no build target found for C:\Users\leo11\OneDrive\Desktop\HTWG\AIN\Semester5\Web-apps\web-tui\app\web\WebTUI.scala. Using presentation compiler with project's scala-library version: 3.3.6
2025.10.16 09:12:18 WARN  no build target for: C:\Users\leo11\OneDrive\Desktop\HTWG\AIN\Semester5\Web-apps\web-tui\app\web\WebTUI.scala
2025.10.16 09:12:18 INFO  no build target found for C:\Users\leo11\OneDrive\Desktop\HTWG\AIN\Semester5\Web-apps\web-tui\app\web\WebTUI.scala. Using presentation compiler with project's scala-library version: 3.3.6
2025.10.16 09:12:20 INFO  no build target found for C:\Users\leo11\OneDrive\Desktop\HTWG\AIN\Semester5\Web-apps\web-tui\app\web\WebTUI.scala. Using presentation compiler with project's scala-library version: 3.3.6
2025.10.16 09:12:21 INFO  no build target found for C:\Users\leo11\OneDrive\Desktop\HTWG\AIN\Semester5\Web-apps\web-tui\app\web\WebTUI.scala. Using presentation compiler with project's scala-library version: 3.3.6
2025.10.16 09:15:28 INFO  no build target found for C:\Users\leo11\OneDrive\Desktop\HTWG\AIN\Semester5\Web-apps\web-tui\app\web\WebTUI.scala. Using presentation compiler with project's scala-library version: 3.3.6
2025.10.16 09:17:43 INFO  no build target found for C:\Users\leo11\OneDrive\Desktop\HTWG\AIN\Semester5\Web-apps\web-tui\app\web\WebTUI.scala. Using presentation compiler with project's scala-library version: 3.3.6
2025.10.16 09:17:44 INFO  no build target found for C:\Users\leo11\OneDrive\Desktop\HTWG\AIN\Semester5\Web-apps\web-tui\app\web\WebTUI.scala. Using presentation compiler with project's scala-library version: 3.3.6
2025.10.16 09:17:46 INFO  no build target found for C:\Users\leo11\OneDrive\Desktop\HTWG\AIN\Semester5\Web-apps\web-tui\app\web\WebTUI.scala. Using presentation compiler with project's scala-library version: 3.3.6
2025.10.16 09:17:46 INFO  no build target found for C:\Users\leo11\OneDrive\Desktop\HTWG\AIN\Semester5\Web-apps\web-tui\app\web\WebTUI.scala. Using presentation compiler with project's scala-library version: 3.3.6
2025.10.16 09:17:47 INFO  no build target found for C:\Users\leo11\OneDrive\Desktop\HTWG\AIN\Semester5\Web-apps\web-tui\app\web\WebTUI.scala. Using presentation compiler with project's scala-library version: 3.3.6
2025.10.16 09:17:47 INFO  no build target found for C:\Users\leo11\OneDrive\Desktop\HTWG\AIN\Semester5\Web-apps\web-tui\app\web\WebTUI.scala. Using presentation compiler with project's scala-library version: 3.3.6
2025.10.16 09:17:47 INFO  no build target found for C:\Users\leo11\OneDrive\Desktop\HTWG\AIN\Semester5\Web-apps\web-tui\app\web\WebTUI.scala. Using presentation compiler with project's scala-library version: 3.3.6
2025.10.16 09:17:47 INFO  no build target found for C:\Users\leo11\OneDrive\Desktop\HTWG\AIN\Semester5\Web-apps\web-tui\app\web\WebTUI.scala. Using presentation compiler with project's scala-library version: 3.3.6
2025.10.16 09:17:49 WARN  no build target for: C:\Users\leo11\OneDrive\Desktop\HTWG\AIN\Semester5\Web-apps\web-tui\app\web\WebTUI.scala
2025.10.16 09:17:49 INFO  no build target found for C:\Users\leo11\OneDrive\Desktop\HTWG\AIN\Semester5\Web-apps\web-tui\app\web\WebTUI.scala. Using presentation compiler with project's scala-library version: 3.3.6
2025.10.16 09:17:52 WARN  no build target for: C:\Users\leo11\OneDrive\Desktop\HTWG\AIN\Semester5\Web-apps\web-tui\app\controllers\GameController.scala
2025.10.16 09:17:52 INFO  no build target found for C:\Users\leo11\OneDrive\Desktop\HTWG\AIN\Semester5\Web-apps\web-tui\app\controllers\GameController.scala. Using presentation compiler with project's scala-library version: 3.3.6
2025.10.16 09:17:52 INFO  no build target found for C:\Users\leo11\OneDrive\Desktop\HTWG\AIN\Semester5\Web-apps\web-tui\app\controllers\GameController.scala. Using presentation compiler with project's scala-library version: 3.3.6
2025.10.16 09:18:07 INFO  no build target found for C:\Users\leo11\OneDrive\Desktop\HTWG\AIN\Semester5\Web-apps\web-tui\app\controllers\GameController.scala. Using presentation compiler with project's scala-library version: 3.3.6
2025.10.16 09:18:07 INFO  no build target found for C:\Users\leo11\OneDrive\Desktop\HTWG\AIN\Semester5\Web-apps\web-tui\app\controllers\GameController.scala. Using presentation compiler with project's scala-library version: 3.3.6
2025.10.16 09:18:07 INFO  no build target found for C:\Users\leo11\OneDrive\Desktop\HTWG\AIN\Semester5\Web-apps\web-tui\app\controllers\GameController.scala. Using presentation compiler with project's scala-library version: 3.3.6
2025.10.16 09:18:08 INFO  no build target found for C:\Users\leo11\OneDrive\Desktop\HTWG\AIN\Semester5\Web-apps\web-tui\app\controllers\GameController.scala. Using presentation compiler with project's scala-library version: 3.3.6
2025.10.16 09:18:07 INFO  no build target found for C:\Users\leo11\OneDrive\Desktop\HTWG\AIN\Semester5\Web-apps\web-tui\app\controllers\GameController.scala. Using presentation compiler with project's scala-library version: 3.3.6
2025.10.16 09:18:09 INFO  no build target found for C:\Users\leo11\OneDrive\Desktop\HTWG\AIN\Semester5\Web-apps\web-tui\app\controllers\GameController.scala. Using presentation compiler with project's scala-library version: 3.3.6
2025.10.16 09:18:09 WARN  no build target for: C:\Users\leo11\OneDrive\Desktop\HTWG\AIN\Semester5\Web-apps\web-tui\app\controllers\GameController.scala
2025.10.16 09:18:09 INFO  no build target found for C:\Users\leo11\OneDrive\Desktop\HTWG\AIN\Semester5\Web-apps\web-tui\app\controllers\GameController.scala. Using presentation compiler with project's scala-library version: 3.3.6
2025.10.16 09:19:49 WARN  no build target for: C:\Users\leo11\OneDrive\Desktop\HTWG\AIN\Semester5\Web-apps\web-tui\build.sbt
2025.10.16 09:19:49 INFO  no build target found for C:\Users\leo11\OneDrive\Desktop\HTWG\AIN\Semester5\Web-apps\web-tui\build.sbt. Using presentation compiler with project's scala-library version: 3.3.6
2025.10.16 09:19:50 INFO  no build target found for C:\Users\leo11\OneDrive\Desktop\HTWG\AIN\Semester5\Web-apps\web-tui\build.sbt. Using presentation compiler with project's scala-library version: 3.3.6
2025.10.16 09:19:49 INFO  no build target found for C:\Users\leo11\OneDrive\Desktop\HTWG\AIN\Semester5\Web-apps\web-tui\build.sbt. Using presentation compiler with project's scala-library version: 3.3.6
2025.10.16 09:28:20 WARN  no build target for: C:\Users\leo11\OneDrive\Desktop\HTWG\AIN\Semester5\Web-apps\web-tui\app\controllers\GameController.scala
2025.10.16 09:28:20 INFO  no build target found for C:\Users\leo11\OneDrive\Desktop\HTWG\AIN\Semester5\Web-apps\web-tui\app\controllers\GameController.scala. Using presentation compiler with project's scala-library version: 3.3.6
2025.10.16 09:28:20 INFO  no build target found for C:\Users\leo11\OneDrive\Desktop\HTWG\AIN\Semester5\Web-apps\web-tui\app\controllers\GameController.scala. Using presentation compiler with project's scala-library version: 3.3.6
2025.10.16 09:28:20 INFO  no build target found for C:\Users\leo11\OneDrive\Desktop\HTWG\AIN\Semester5\Web-apps\web-tui\app\controllers\GameController.scala. Using presentation compiler with project's scala-library version: 3.3.6
2025.10.16 09:28:20 INFO  no build target found for C:\Users\leo11\OneDrive\Desktop\HTWG\AIN\Semester5\Web-apps\web-tui\app\controllers\GameController.scala. Using presentation compiler with project's scala-library version: 3.3.6
2025.10.16 09:28:22 INFO  no build target found for C:\Users\leo11\OneDrive\Desktop\HTWG\AIN\Semester5\Web-apps\web-tui\app\controllers\GameController.scala. Using presentation compiler with project's scala-library version: 3.3.6
2025.10.16 09:28:22 INFO  no build target found for C:\Users\leo11\OneDrive\Desktop\HTWG\AIN\Semester5\Web-apps\web-tui\app\controllers\GameController.scala. Using presentation compiler with project's scala-library version: 3.3.6
2025.10.16 09:28:39 INFO  no build target found for C:\Users\leo11\OneDrive\Desktop\HTWG\AIN\Semester5\Web-apps\web-tui\app\controllers\GameController.scala. Using presentation compiler with project's scala-library version: 3.3.6
2025.10.16 09:28:46 INFO  no build target found for C:\Users\leo11\OneDrive\Desktop\HTWG\AIN\Semester5\Web-apps\web-tui\app\controllers\GameController.scala. Using presentation compiler with project's scala-library version: 3.3.6
2025.10.16 09:28:46 INFO  no build target found for C:\Users\leo11\OneDrive\Desktop\HTWG\AIN\Semester5\Web-apps\web-tui\app\controllers\GameController.scala. Using presentation compiler with project's scala-library version: 3.3.6
2025.10.16 09:28:46 INFO  no build target found for C:\Users\leo11\OneDrive\Desktop\HTWG\AIN\Semester5\Web-apps\web-tui\app\controllers\GameController.scala. Using presentation compiler with project's scala-library version: 3.3.6
2025.10.16 09:28:46 INFO  no build target found for C:\Users\leo11\OneDrive\Desktop\HTWG\AIN\Semester5\Web-apps\web-tui\app\controllers\GameController.scala. Using presentation compiler with project's scala-library version: 3.3.6
2025.10.16 09:28:46 INFO  no build target found for C:\Users\leo11\OneDrive\Desktop\HTWG\AIN\Semester5\Web-apps\web-tui\app\controllers\GameController.scala. Using presentation compiler with project's scala-library version: 3.3.6
2025.10.16 09:28:47 INFO  no build target found for C:\Users\leo11\OneDrive\Desktop\HTWG\AIN\Semester5\Web-apps\web-tui\app\controllers\GameController.scala. Using presentation compiler with project's scala-library version: 3.3.6
2025.10.16 09:28:47 INFO  no build target found for C:\Users\leo11\OneDrive\Desktop\HTWG\AIN\Semester5\Web-apps\web-tui\app\controllers\GameController.scala. Using presentation compiler with project's scala-library version: 3.3.6
2025.10.16 09:28:47 INFO  no build target found for C:\Users\leo11\OneDrive\Desktop\HTWG\AIN\Semester5\Web-apps\web-tui\app\controllers\GameController.scala. Using presentation compiler with project's scala-library version: 3.3.6
2025.10.16 09:28:48 INFO  no build target found for C:\Users\leo11\OneDrive\Desktop\HTWG\AIN\Semester5\Web-apps\web-tui\app\controllers\GameController.scala. Using presentation compiler with project's scala-library version: 3.3.6
2025.10.16 09:28:47 INFO  no build target found for C:\Users\leo11\OneDrive\Desktop\HTWG\AIN\Semester5\Web-apps\web-tui\app\controllers\GameController.scala. Using presentation compiler with project's scala-library version: 3.3.6
2025.10.16 09:28:48 INFO  no build target found for C:\Users\leo11\OneDrive\Desktop\HTWG\AIN\Semester5\Web-apps\web-tui\app\controllers\GameController.scala. Using presentation compiler with project's scala-library version: 3.3.6
2025.10.16 09:28:49 INFO  no build target found for C:\Users\leo11\OneDrive\Desktop\HTWG\AIN\Semester5\Web-apps\web-tui\app\controllers\GameController.scala. Using presentation compiler with project's scala-library version: 3.3.6
2025.10.16 09:28:54 INFO  no build target found for C:\Users\leo11\OneDrive\Desktop\HTWG\AIN\Semester5\Web-apps\web-tui\app\controllers\GameController.scala. Using presentation compiler with project's scala-library version: 3.3.6
2025.10.16 09:28:54 INFO  no build target found for C:\Users\leo11\OneDrive\Desktop\HTWG\AIN\Semester5\Web-apps\web-tui\app\controllers\GameController.scala. Using presentation compiler with project's scala-library version: 3.3.6
2025.10.16 09:28:54 INFO  no build target found for C:\Users\leo11\OneDrive\Desktop\HTWG\AIN\Semester5\Web-apps\web-tui\app\controllers\GameController.scala. Using presentation compiler with project's scala-library version: 3.3.6
Oct 16, 2025 9:28:55 AM org.eclipse.lsp4j.jsonrpc.RemoteEndpoint handleCancellation
WARNING: Unmatched cancel notification for request id 928
Oct 16, 2025 9:28:55 AM org.eclipse.lsp4j.jsonrpc.RemoteEndpoint handleCancellation
WARNING: Unmatched cancel notification for request id 929
2025.10.16 09:28:58 INFO  no build target found for C:\Users\leo11\OneDrive\Desktop\HTWG\AIN\Semester5\Web-apps\web-tui\app\controllers\GameController.scala. Using presentation compiler with project's scala-library version: 3.3.6
2025.10.16 09:29:00 INFO  no build target found for C:\Users\leo11\OneDrive\Desktop\HTWG\AIN\Semester5\Web-apps\web-tui\app\controllers\GameController.scala. Using presentation compiler with project's scala-library version: 3.3.6
2025.10.16 09:29:01 INFO  no build target found for C:\Users\leo11\OneDrive\Desktop\HTWG\AIN\Semester5\Web-apps\web-tui\app\controllers\GameController.scala. Using presentation compiler with project's scala-library version: 3.3.6
2025.10.16 09:29:01 INFO  no build target found for C:\Users\leo11\OneDrive\Desktop\HTWG\AIN\Semester5\Web-apps\web-tui\app\controllers\GameController.scala. Using presentation compiler with project's scala-library version: 3.3.6
2025.10.16 09:29:03 INFO  no build target found for C:\Users\leo11\OneDrive\Desktop\HTWG\AIN\Semester5\Web-apps\web-tui\app\controllers\GameController.scala. Using presentation compiler with project's scala-library version: 3.3.6
2025.10.16 09:29:03 INFO  no build target found for C:\Users\leo11\OneDrive\Desktop\HTWG\AIN\Semester5\Web-apps\web-tui\app\controllers\GameController.scala. Using presentation compiler with project's scala-library version: 3.3.6
2025.10.16 09:29:07 INFO  no build target found for C:\Users\leo11\OneDrive\Desktop\HTWG\AIN\Semester5\Web-apps\web-tui\app\controllers\GameController.scala. Using presentation compiler with project's scala-library version: 3.3.6
2025.10.16 09:29:07 INFO  no build target found for C:\Users\leo11\OneDrive\Desktop\HTWG\AIN\Semester5\Web-apps\web-tui\app\controllers\GameController.scala. Using presentation compiler with project's scala-library version: 3.3.6
2025.10.16 09:29:09 INFO  no build target found for C:\Users\leo11\OneDrive\Desktop\HTWG\AIN\Semester5\Web-apps\web-tui\app\controllers\GameController.scala. Using presentation compiler with project's scala-library version: 3.3.6
2025.10.16 09:29:09 INFO  no build target found for C:\Users\leo11\OneDrive\Desktop\HTWG\AIN\Semester5\Web-apps\web-tui\app\controllers\GameController.scala. Using presentation compiler with project's scala-library version: 3.3.6
2025.10.16 09:29:10 INFO  no build target found for C:\Users\leo11\OneDrive\Desktop\HTWG\AIN\Semester5\Web-apps\web-tui\app\controllers\GameController.scala. Using presentation compiler with project's scala-library version: 3.3.6
2025.10.16 09:29:10 INFO  no build target found for C:\Users\leo11\OneDrive\Desktop\HTWG\AIN\Semester5\Web-apps\web-tui\app\controllers\GameController.scala. Using presentation compiler with project's scala-library version: 3.3.6
2025.10.16 09:29:10 INFO  no build target found for C:\Users\leo11\OneDrive\Desktop\HTWG\AIN\Semester5\Web-apps\web-tui\app\controllers\GameController.scala. Using presentation compiler with project's scala-library version: 3.3.6
2025.10.16 09:29:10 INFO  no build target found for C:\Users\leo11\OneDrive\Desktop\HTWG\AIN\Semester5\Web-apps\web-tui\app\controllers\GameController.scala. Using presentation compiler with project's scala-library version: 3.3.6
2025.10.16 09:29:11 INFO  no build target found for C:\Users\leo11\OneDrive\Desktop\HTWG\AIN\Semester5\Web-apps\web-tui\app\controllers\GameController.scala. Using presentation compiler with project's scala-library version: 3.3.6
2025.10.16 09:29:11 INFO  no build target found for C:\Users\leo11\OneDrive\Desktop\HTWG\AIN\Semester5\Web-apps\web-tui\app\controllers\GameController.scala. Using presentation compiler with project's scala-library version: 3.3.6
2025.10.16 09:29:12 INFO  no build target found for C:\Users\leo11\OneDrive\Desktop\HTWG\AIN\Semester5\Web-apps\web-tui\app\controllers\GameController.scala. Using presentation compiler with project's scala-library version: 3.3.6
2025.10.16 09:29:11 INFO  no build target found for C:\Users\leo11\OneDrive\Desktop\HTWG\AIN\Semester5\Web-apps\web-tui\app\controllers\GameController.scala. Using presentation compiler with project's scala-library version: 3.3.6
2025.10.16 09:29:12 INFO  no build target found for C:\Users\leo11\OneDrive\Desktop\HTWG\AIN\Semester5\Web-apps\web-tui\app\controllers\GameController.scala. Using presentation compiler with project's scala-library version: 3.3.6
2025.10.16 09:29:13 WARN  no build target for: C:\Users\leo11\OneDrive\Desktop\HTWG\AIN\Semester5\Web-apps\web-tui\app\controllers\GameController.scala
2025.10.16 09:29:13 INFO  no build target found for C:\Users\leo11\OneDrive\Desktop\HTWG\AIN\Semester5\Web-apps\web-tui\app\controllers\GameController.scala. Using presentation compiler with project's scala-library version: 3.3.6
2025.10.16 09:30:22 INFO  no build target found for C:\Users\leo11\OneDrive\Desktop\HTWG\AIN\Semester5\Web-apps\web-tui\app\web\WebTUI.scala. Using presentation compiler with project's scala-library version: 3.3.6
2025.10.16 09:30:22 WARN  no build target for: C:\Users\leo11\OneDrive\Desktop\HTWG\AIN\Semester5\Web-apps\web-tui\app\web\WebTUI.scala
2025.10.16 09:30:22 INFO  no build target found for C:\Users\leo11\OneDrive\Desktop\HTWG\AIN\Semester5\Web-apps\web-tui\app\web\WebTUI.scala. Using presentation compiler with project's scala-library version: 3.3.6
2025.10.16 09:30:23 INFO  no build target found for C:\Users\leo11\OneDrive\Desktop\HTWG\AIN\Semester5\Web-apps\web-tui\app\web\WebTUI.scala. Using presentation compiler with project's scala-library version: 3.3.6
2025.10.16 09:30:24 INFO  no build target found for C:\Users\leo11\OneDrive\Desktop\HTWG\AIN\Semester5\Web-apps\web-tui\app\web\WebTUI.scala. Using presentation compiler with project's scala-library version: 3.3.6
2025.10.16 09:30:24 INFO  no build target found for C:\Users\leo11\OneDrive\Desktop\HTWG\AIN\Semester5\Web-apps\web-tui\app\web\WebTUI.scala. Using presentation compiler with project's scala-library version: 3.3.6
2025.10.16 09:30:25 INFO  no build target found for C:\Users\leo11\OneDrive\Desktop\HTWG\AIN\Semester5\Web-apps\web-tui\app\web\WebTUI.scala. Using presentation compiler with project's scala-library version: 3.3.6
2025.10.16 09:30:25 INFO  no build target found for C:\Users\leo11\OneDrive\Desktop\HTWG\AIN\Semester5\Web-apps\web-tui\app\web\WebTUI.scala. Using presentation compiler with project's scala-library version: 3.3.6
2025.10.16 09:30:24 INFO  no build target found for C:\Users\leo11\OneDrive\Desktop\HTWG\AIN\Semester5\Web-apps\web-tui\app\web\WebTUI.scala. Using presentation compiler with project's scala-library version: 3.3.6
2025.10.16 09:30:25 INFO  no build target found for C:\Users\leo11\OneDrive\Desktop\HTWG\AIN\Semester5\Web-apps\web-tui\app\web\WebTUI.scala. Using presentation compiler with project's scala-library version: 3.3.6
2025.10.16 09:30:26 INFO  no build target found for C:\Users\leo11\OneDrive\Desktop\HTWG\AIN\Semester5\Web-apps\web-tui\app\web\WebTUI.scala. Using presentation compiler with project's scala-library version: 3.3.6
2025.10.16 09:30:26 INFO  no build target found for C:\Users\leo11\OneDrive\Desktop\HTWG\AIN\Semester5\Web-apps\web-tui\app\web\WebTUI.scala. Using presentation compiler with project's scala-library version: 3.3.6
2025.10.16 09:30:26 INFO  no build target found for C:\Users\leo11\OneDrive\Desktop\HTWG\AIN\Semester5\Web-apps\web-tui\app\web\WebTUI.scala. Using presentation compiler with project's scala-library version: 3.3.6
2025.10.16 09:30:26 INFO  no build target found for C:\Users\leo11\OneDrive\Desktop\HTWG\AIN\Semester5\Web-apps\web-tui\app\web\WebTUI.scala. Using presentation compiler with project's scala-library version: 3.3.6
2025.10.16 09:30:28 WARN  no build target for: C:\Users\leo11\OneDrive\Desktop\HTWG\AIN\Semester5\Web-apps\web-tui\app\web\WebTUI.scala
2025.10.16 09:30:28 INFO  no build target found for C:\Users\leo11\OneDrive\Desktop\HTWG\AIN\Semester5\Web-apps\web-tui\app\web\WebTUI.scala. Using presentation compiler with project's scala-library version: 3.3.6
2025.10.16 09:31:51 INFO  no build target found for C:\Users\leo11\OneDrive\Desktop\HTWG\AIN\Semester5\Web-apps\web-tui\app\web\WebTUI.scala. Using presentation compiler with project's scala-library version: 3.3.6
2025.10.16 09:32:01 INFO  no build target found for C:\Users\leo11\OneDrive\Desktop\HTWG\AIN\Semester5\Web-apps\web-tui\app\web\WebTUI.scala. Using presentation compiler with project's scala-library version: 3.3.6
2025.10.16 09:33:48 INFO  no build target found for C:\Users\leo11\OneDrive\Desktop\HTWG\AIN\Semester5\Web-apps\web-tui\app\web\WebTUI.scala. Using presentation compiler with project's scala-library version: 3.3.6
2025.10.16 09:33:48 INFO  no build target found for C:\Users\leo11\OneDrive\Desktop\HTWG\AIN\Semester5\Web-apps\web-tui\app\web\WebTUI.scala. Using presentation compiler with project's scala-library version: 3.3.6
2025.10.16 09:33:52 INFO  no build target found for C:\Users\leo11\OneDrive\Desktop\HTWG\AIN\Semester5\Web-apps\web-tui\app\web\WebTUI.scala. Using presentation compiler with project's scala-library version: 3.3.6
2025.10.16 09:33:52 INFO  no build target found for C:\Users\leo11\OneDrive\Desktop\HTWG\AIN\Semester5\Web-apps\web-tui\app\web\WebTUI.scala. Using presentation compiler with project's scala-library version: 3.3.6
2025.10.16 09:33:53 INFO  no build target found for C:\Users\leo11\OneDrive\Desktop\HTWG\AIN\Semester5\Web-apps\web-tui\app\web\WebTUI.scala. Using presentation compiler with project's scala-library version: 3.3.6
2025.10.16 09:33:53 INFO  no build target found for C:\Users\leo11\OneDrive\Desktop\HTWG\AIN\Semester5\Web-apps\web-tui\app\web\WebTUI.scala. Using presentation compiler with project's scala-library version: 3.3.6
2025.10.16 09:33:53 INFO  no build target found for C:\Users\leo11\OneDrive\Desktop\HTWG\AIN\Semester5\Web-apps\web-tui\app\web\WebTUI.scala. Using presentation compiler with project's scala-library version: 3.3.6
2025.10.16 09:33:53 INFO  no build target found for C:\Users\leo11\OneDrive\Desktop\HTWG\AIN\Semester5\Web-apps\web-tui\app\web\WebTUI.scala. Using presentation compiler with project's scala-library version: 3.3.6
2025.10.16 09:33:53 INFO  no build target found for C:\Users\leo11\OneDrive\Desktop\HTWG\AIN\Semester5\Web-apps\web-tui\app\web\WebTUI.scala. Using presentation compiler with project's scala-library version: 3.3.6
2025.10.16 09:33:53 INFO  no build target found for C:\Users\leo11\OneDrive\Desktop\HTWG\AIN\Semester5\Web-apps\web-tui\app\web\WebTUI.scala. Using presentation compiler with project's scala-library version: 3.3.6
2025.10.16 09:33:53 INFO  no build target found for C:\Users\leo11\OneDrive\Desktop\HTWG\AIN\Semester5\Web-apps\web-tui\app\web\WebTUI.scala. Using presentation compiler with project's scala-library version: 3.3.6
2025.10.16 09:33:54 INFO  no build target found for C:\Users\leo11\OneDrive\Desktop\HTWG\AIN\Semester5\Web-apps\web-tui\app\web\WebTUI.scala. Using presentation compiler with project's scala-library version: 3.3.6
2025.10.16 09:33:53 INFO  no build target found for C:\Users\leo11\OneDrive\Desktop\HTWG\AIN\Semester5\Web-apps\web-tui\app\web\WebTUI.scala. Using presentation compiler with project's scala-library version: 3.3.6
2025.10.16 09:33:55 INFO  no build target found for C:\Users\leo11\OneDrive\Desktop\HTWG\AIN\Semester5\Web-apps\web-tui\app\web\WebTUI.scala. Using presentation compiler with project's scala-library version: 3.3.6
2025.10.16 09:33:55 WARN  no build target for: C:\Users\leo11\OneDrive\Desktop\HTWG\AIN\Semester5\Web-apps\web-tui\app\web\WebTUI.scala
2025.10.16 09:33:55 INFO  no build target found for C:\Users\leo11\OneDrive\Desktop\HTWG\AIN\Semester5\Web-apps\web-tui\app\web\WebTUI.scala. Using presentation compiler with project's scala-library version: 3.3.6
2025.10.16 09:34:03 INFO  no build target found for C:\Users\leo11\OneDrive\Desktop\HTWG\AIN\Semester5\Web-apps\web-tui\app\web\WebTUI.scala. Using presentation compiler with project's scala-library version: 3.3.6
2025.10.16 09:34:05 WARN  no build target for: C:\Users\leo11\OneDrive\Desktop\HTWG\AIN\Semester5\Web-apps\web-tui\app\controllers\GameController.scala
2025.10.16 09:34:05 INFO  no build target found for C:\Users\leo11\OneDrive\Desktop\HTWG\AIN\Semester5\Web-apps\web-tui\app\controllers\GameController.scala. Using presentation compiler with project's scala-library version: 3.3.6
2025.10.16 09:34:06 INFO  no build target found for C:\Users\leo11\OneDrive\Desktop\HTWG\AIN\Semester5\Web-apps\web-tui\app\controllers\GameController.scala. Using presentation compiler with project's scala-library version: 3.3.6
2025.10.16 09:34:05 INFO  no build target found for C:\Users\leo11\OneDrive\Desktop\HTWG\AIN\Semester5\Web-apps\web-tui\app\controllers\GameController.scala. Using presentation compiler with project's scala-library version: 3.3.6
2025.10.16 09:34:07 INFO  no build target found for C:\Users\leo11\OneDrive\Desktop\HTWG\AIN\Semester5\Web-apps\web-tui\app\controllers\GameController.scala. Using presentation compiler with project's scala-library version: 3.3.6
2025.10.16 09:34:07 INFO  no build target found for C:\Users\leo11\OneDrive\Desktop\HTWG\AIN\Semester5\Web-apps\web-tui\app\controllers\GameController.scala. Using presentation compiler with project's scala-library version: 3.3.6
2025.10.16 09:34:09 INFO  no build target found for C:\Users\leo11\OneDrive\Desktop\HTWG\AIN\Semester5\Web-apps\web-tui\app\controllers\GameController.scala. Using presentation compiler with project's scala-library version: 3.3.6
2025.10.16 09:34:09 INFO  no build target found for C:\Users\leo11\OneDrive\Desktop\HTWG\AIN\Semester5\Web-apps\web-tui\app\controllers\GameController.scala. Using presentation compiler with project's scala-library version: 3.3.6
2025.10.16 09:34:09 INFO  no build target found for C:\Users\leo11\OneDrive\Desktop\HTWG\AIN\Semester5\Web-apps\web-tui\app\controllers\GameController.scala. Using presentation compiler with project's scala-library version: 3.3.6
2025.10.16 09:34:09 INFO  no build target found for C:\Users\leo11\OneDrive\Desktop\HTWG\AIN\Semester5\Web-apps\web-tui\app\controllers\GameController.scala. Using presentation compiler with project's scala-library version: 3.3.6
2025.10.16 09:34:09 INFO  no build target found for C:\Users\leo11\OneDrive\Desktop\HTWG\AIN\Semester5\Web-apps\web-tui\app\controllers\GameController.scala. Using presentation compiler with project's scala-library version: 3.3.6
2025.10.16 09:34:09 INFO  no build target found for C:\Users\leo11\OneDrive\Desktop\HTWG\AIN\Semester5\Web-apps\web-tui\app\controllers\GameController.scala. Using presentation compiler with project's scala-library version: 3.3.6
2025.10.16 09:34:11 INFO  no build target found for C:\Users\leo11\OneDrive\Desktop\HTWG\AIN\Semester5\Web-apps\web-tui\app\controllers\GameController.scala. Using presentation compiler with project's scala-library version: 3.3.6
2025.10.16 09:34:11 INFO  no build target found for C:\Users\leo11\OneDrive\Desktop\HTWG\AIN\Semester5\Web-apps\web-tui\app\controllers\GameController.scala. Using presentation compiler with project's scala-library version: 3.3.6
2025.10.16 09:34:11 INFO  no build target found for C:\Users\leo11\OneDrive\Desktop\HTWG\AIN\Semester5\Web-apps\web-tui\app\controllers\GameController.scala. Using presentation compiler with project's scala-library version: 3.3.6
2025.10.16 09:34:11 INFO  no build target found for C:\Users\leo11\OneDrive\Desktop\HTWG\AIN\Semester5\Web-apps\web-tui\app\controllers\GameController.scala. Using presentation compiler with project's scala-library version: 3.3.6
2025.10.16 09:34:14 INFO  no build target found for C:\Users\leo11\OneDrive\Desktop\HTWG\AIN\Semester5\Web-apps\web-tui\app\controllers\GameController.scala. Using presentation compiler with project's scala-library version: 3.3.6
2025.10.16 09:34:15 INFO  no build target found for C:\Users\leo11\OneDrive\Desktop\HTWG\AIN\Semester5\Web-apps\web-tui\app\controllers\GameController.scala. Using presentation compiler with project's scala-library version: 3.3.6
2025.10.16 09:34:15 INFO  no build target found for C:\Users\leo11\OneDrive\Desktop\HTWG\AIN\Semester5\Web-apps\web-tui\app\controllers\GameController.scala. Using presentation compiler with project's scala-library version: 3.3.6
2025.10.16 09:34:28 INFO  no build target found for C:\Users\leo11\OneDrive\Desktop\HTWG\AIN\Semester5\Web-apps\web-tui\app\controllers\GameController.scala. Using presentation compiler with project's scala-library version: 3.3.6
2025.10.16 09:34:29 INFO  no build target found for C:\Users\leo11\OneDrive\Desktop\HTWG\AIN\Semester5\Web-apps\web-tui\app\controllers\GameController.scala. Using presentation compiler with project's scala-library version: 3.3.6
2025.10.16 09:34:29 INFO  no build target found for C:\Users\leo11\OneDrive\Desktop\HTWG\AIN\Semester5\Web-apps\web-tui\app\controllers\GameController.scala. Using presentation compiler with project's scala-library version: 3.3.6
2025.10.16 09:34:29 INFO  no build target found for C:\Users\leo11\OneDrive\Desktop\HTWG\AIN\Semester5\Web-apps\web-tui\app\controllers\GameController.scala. Using presentation compiler with project's scala-library version: 3.3.6
2025.10.16 09:34:29 INFO  no build target found for C:\Users\leo11\OneDrive\Desktop\HTWG\AIN\Semester5\Web-apps\web-tui\app\controllers\GameController.scala. Using presentation compiler with project's scala-library version: 3.3.6
2025.10.16 09:34:30 INFO  no build target found for C:\Users\leo11\OneDrive\Desktop\HTWG\AIN\Semester5\Web-apps\web-tui\app\controllers\GameController.scala. Using presentation compiler with project's scala-library version: 3.3.6
2025.10.16 09:34:31 WARN  no build target for: C:\Users\leo11\OneDrive\Desktop\HTWG\AIN\Semester5\Web-apps\web-tui\app\controllers\GameController.scala
2025.10.16 09:34:31 INFO  no build target found for C:\Users\leo11\OneDrive\Desktop\HTWG\AIN\Semester5\Web-apps\web-tui\app\controllers\GameController.scala. Using presentation compiler with project's scala-library version: 3.3.6
2025.10.16 09:34:31 INFO  no build target found for C:\Users\leo11\OneDrive\Desktop\HTWG\AIN\Semester5\Web-apps\web-tui\app\controllers\GameController.scala. Using presentation compiler with project's scala-library version: 3.3.6
2025.10.16 09:40:49 WARN  no build target for: C:\Users\leo11\OneDrive\Desktop\HTWG\AIN\Semester5\Web-apps\web-tui\app\controllers\GameController.scala
2025.10.16 09:40:49 INFO  no build target found for C:\Users\leo11\OneDrive\Desktop\HTWG\AIN\Semester5\Web-apps\web-tui\app\controllers\GameController.scala. Using presentation compiler with project's scala-library version: 3.3.6
2025.10.16 09:40:49 INFO  no build target found for C:\Users\leo11\OneDrive\Desktop\HTWG\AIN\Semester5\Web-apps\web-tui\app\controllers\GameController.scala. Using presentation compiler with project's scala-library version: 3.3.6
2025.10.16 09:40:49 INFO  no build target found for C:\Users\leo11\OneDrive\Desktop\HTWG\AIN\Semester5\Web-apps\web-tui\app\controllers\GameController.scala. Using presentation compiler with project's scala-library version: 3.3.6
2025.10.16 09:41:11 WARN  no build target for: C:\Users\leo11\OneDrive\Desktop\HTWG\AIN\Semester5\Web-apps\web-tui\app\controllers\GameController.scala
2025.10.16 09:41:11 INFO  no build target found for C:\Users\leo11\OneDrive\Desktop\HTWG\AIN\Semester5\Web-apps\web-tui\app\controllers\GameController.scala. Using presentation compiler with project's scala-library version: 3.3.6
2025.10.16 09:41:11 INFO  no build target found for C:\Users\leo11\OneDrive\Desktop\HTWG\AIN\Semester5\Web-apps\web-tui\app\controllers\GameController.scala. Using presentation compiler with project's scala-library version: 3.3.6
2025.10.16 09:41:11 INFO  no build target found for C:\Users\leo11\OneDrive\Desktop\HTWG\AIN\Semester5\Web-apps\web-tui\app\controllers\GameController.scala. Using presentation compiler with project's scala-library version: 3.3.6
2025.10.16 09:42:20 WARN  no build target for: C:\Users\leo11\OneDrive\Desktop\HTWG\AIN\Semester5\Web-apps\web-tui\app\web\WebTUI.scala
2025.10.16 09:42:20 INFO  no build target found for C:\Users\leo11\OneDrive\Desktop\HTWG\AIN\Semester5\Web-apps\web-tui\app\web\WebTUI.scala. Using presentation compiler with project's scala-library version: 3.3.6
2025.10.16 09:42:20 INFO  no build target found for C:\Users\leo11\OneDrive\Desktop\HTWG\AIN\Semester5\Web-apps\web-tui\app\web\WebTUI.scala. Using presentation compiler with project's scala-library version: 3.3.6
2025.10.16 09:42:20 INFO  no build target found for C:\Users\leo11\OneDrive\Desktop\HTWG\AIN\Semester5\Web-apps\web-tui\app\web\WebTUI.scala. Using presentation compiler with project's scala-library version: 3.3.6
2025.10.16 09:42:23 INFO  no build target found for C:\Users\leo11\OneDrive\Desktop\HTWG\AIN\Semester5\Web-apps\web-tui\app\web\WebTUI.scala. Using presentation compiler with project's scala-library version: 3.3.6
2025.10.16 09:42:23 INFO  no build target found for C:\Users\leo11\OneDrive\Desktop\HTWG\AIN\Semester5\Web-apps\web-tui\app\web\WebTUI.scala. Using presentation compiler with project's scala-library version: 3.3.6
2025.10.16 09:42:23 INFO  no build target found for C:\Users\leo11\OneDrive\Desktop\HTWG\AIN\Semester5\Web-apps\web-tui\app\web\WebTUI.scala. Using presentation compiler with project's scala-library version: 3.3.6
2025.10.16 09:42:25 INFO  no build target found for C:\Users\leo11\OneDrive\Desktop\HTWG\AIN\Semester5\Web-apps\web-tui\app\web\WebTUI.scala. Using presentation compiler with project's scala-library version: 3.3.6
2025.10.16 09:42:25 INFO  no build target found for C:\Users\leo11\OneDrive\Desktop\HTWG\AIN\Semester5\Web-apps\web-tui\app\web\WebTUI.scala. Using presentation compiler with project's scala-library version: 3.3.6
2025.10.16 09:42:27 INFO  no build target found for C:\Users\leo11\OneDrive\Desktop\HTWG\AIN\Semester5\Web-apps\web-tui\app\web\WebTUI.scala. Using presentation compiler with project's scala-library version: 3.3.6
2025.10.16 09:42:29 INFO  no build target found for C:\Users\leo11\OneDrive\Desktop\HTWG\AIN\Semester5\Web-apps\web-tui\app\web\WebTUI.scala. Using presentation compiler with project's scala-library version: 3.3.6
2025.10.16 09:42:41 INFO  no build target found for C:\Users\leo11\OneDrive\Desktop\HTWG\AIN\Semester5\Web-apps\web-tui\app\web\WebTUI.scala. Using presentation compiler with project's scala-library version: 3.3.6
2025.10.16 09:42:41 INFO  no build target found for C:\Users\leo11\OneDrive\Desktop\HTWG\AIN\Semester5\Web-apps\web-tui\app\web\WebTUI.scala. Using presentation compiler with project's scala-library version: 3.3.6
2025.10.16 09:42:41 INFO  no build target found for C:\Users\leo11\OneDrive\Desktop\HTWG\AIN\Semester5\Web-apps\web-tui\app\web\WebTUI.scala. Using presentation compiler with project's scala-library version: 3.3.6
2025.10.16 09:42:42 INFO  no build target found for C:\Users\leo11\OneDrive\Desktop\HTWG\AIN\Semester5\Web-apps\web-tui\app\web\WebTUI.scala. Using presentation compiler with project's scala-library version: 3.3.6
2025.10.16 09:42:42 INFO  no build target found for C:\Users\leo11\OneDrive\Desktop\HTWG\AIN\Semester5\Web-apps\web-tui\app\web\WebTUI.scala. Using presentation compiler with project's scala-library version: 3.3.6
2025.10.16 09:42:44 INFO  no build target found for C:\Users\leo11\OneDrive\Desktop\HTWG\AIN\Semester5\Web-apps\web-tui\app\web\WebTUI.scala. Using presentation compiler with project's scala-library version: 3.3.6
2025.10.16 09:42:44 INFO  no build target found for C:\Users\leo11\OneDrive\Desktop\HTWG\AIN\Semester5\Web-apps\web-tui\app\web\WebTUI.scala. Using presentation compiler with project's scala-library version: 3.3.6
2025.10.16 09:42:44 INFO  no build target found for C:\Users\leo11\OneDrive\Desktop\HTWG\AIN\Semester5\Web-apps\web-tui\app\web\WebTUI.scala. Using presentation compiler with project's scala-library version: 3.3.6
2025.10.16 09:42:44 INFO  no build target found for C:\Users\leo11\OneDrive\Desktop\HTWG\AIN\Semester5\Web-apps\web-tui\app\web\WebTUI.scala. Using presentation compiler with project's scala-library version: 3.3.6
2025.10.16 09:42:44 INFO  no build target found for C:\Users\leo11\OneDrive\Desktop\HTWG\AIN\Semester5\Web-apps\web-tui\app\web\WebTUI.scala. Using presentation compiler with project's scala-library version: 3.3.6
2025.10.16 09:42:45 INFO  no build target found for C:\Users\leo11\OneDrive\Desktop\HTWG\AIN\Semester5\Web-apps\web-tui\app\web\WebTUI.scala. Using presentation compiler with project's scala-library version: 3.3.6
2025.10.16 09:42:45 INFO  no build target found for C:\Users\leo11\OneDrive\Desktop\HTWG\AIN\Semester5\Web-apps\web-tui\app\web\WebTUI.scala. Using presentation compiler with project's scala-library version: 3.3.6
2025.10.16 09:42:45 INFO  no build target found for C:\Users\leo11\OneDrive\Desktop\HTWG\AIN\Semester5\Web-apps\web-tui\app\web\WebTUI.scala. Using presentation compiler with project's scala-library version: 3.3.6
2025.10.16 09:42:45 INFO  no build target found for C:\Users\leo11\OneDrive\Desktop\HTWG\AIN\Semester5\Web-apps\web-tui\app\web\WebTUI.scala. Using presentation compiler with project's scala-library version: 3.3.6
2025.10.16 09:42:45 INFO  no build target found for C:\Users\leo11\OneDrive\Desktop\HTWG\AIN\Semester5\Web-apps\web-tui\app\web\WebTUI.scala. Using presentation compiler with project's scala-library version: 3.3.6
2025.10.16 09:42:47 INFO  no build target found for C:\Users\leo11\OneDrive\Desktop\HTWG\AIN\Semester5\Web-apps\web-tui\app\web\WebTUI.scala. Using presentation compiler with project's scala-library version: 3.3.6
2025.10.16 09:42:52 INFO  no build target found for C:\Users\leo11\OneDrive\Desktop\HTWG\AIN\Semester5\Web-apps\web-tui\app\web\WebTUI.scala. Using presentation compiler with project's scala-library version: 3.3.6
2025.10.16 09:42:52 INFO  no build target found for C:\Users\leo11\OneDrive\Desktop\HTWG\AIN\Semester5\Web-apps\web-tui\app\web\WebTUI.scala. Using presentation compiler with project's scala-library version: 3.3.6
2025.10.16 09:42:52 INFO  no build target found for C:\Users\leo11\OneDrive\Desktop\HTWG\AIN\Semester5\Web-apps\web-tui\app\web\WebTUI.scala. Using presentation compiler with project's scala-library version: 3.3.6
2025.10.16 09:42:52 INFO  no build target found for C:\Users\leo11\OneDrive\Desktop\HTWG\AIN\Semester5\Web-apps\web-tui\app\web\WebTUI.scala. Using presentation compiler with project's scala-library version: 3.3.6
2025.10.16 09:42:53 INFO  no build target found for C:\Users\leo11\OneDrive\Desktop\HTWG\AIN\Semester5\Web-apps\web-tui\app\web\WebTUI.scala. Using presentation compiler with project's scala-library version: 3.3.6
2025.10.16 09:42:53 INFO  no build target found for C:\Users\leo11\OneDrive\Desktop\HTWG\AIN\Semester5\Web-apps\web-tui\app\web\WebTUI.scala. Using presentation compiler with project's scala-library version: 3.3.6
2025.10.16 09:42:53 INFO  no build target found for C:\Users\leo11\OneDrive\Desktop\HTWG\AIN\Semester5\Web-apps\web-tui\app\web\WebTUI.scala. Using presentation compiler with project's scala-library version: 3.3.6
2025.10.16 09:42:53 INFO  no build target found for C:\Users\leo11\OneDrive\Desktop\HTWG\AIN\Semester5\Web-apps\web-tui\app\web\WebTUI.scala. Using presentation compiler with project's scala-library version: 3.3.6
2025.10.16 09:42:53 INFO  no build target found for C:\Users\leo11\OneDrive\Desktop\HTWG\AIN\Semester5\Web-apps\web-tui\app\web\WebTUI.scala. Using presentation compiler with project's scala-library version: 3.3.6
2025.10.16 09:42:54 INFO  no build target found for C:\Users\leo11\OneDrive\Desktop\HTWG\AIN\Semester5\Web-apps\web-tui\app\web\WebTUI.scala. Using presentation compiler with project's scala-library version: 3.3.6
2025.10.16 09:42:54 INFO  Created report: Optional[file:///C:/Users/leo11/OneDrive/Desktop/HTWG/AIN/Semester5/Web-apps/web-tui/app/web/WebTUI.scala]
2025.10.16 09:42:54 INFO  empty definition using pc, found symbol in pc: java/lang/Object#synchronized(). (full report at: "C:\Users\leo11\OneDrive\Desktop\HTWG\AIN\Semester5\Web-apps\web-tui\.metals\.reports\metals-full\2025-10-16\r_empty-definition_09-42-54-111.md")
2025.10.16 09:42:56 INFO  no build target found for C:\Users\leo11\OneDrive\Desktop\HTWG\AIN\Semester5\Web-apps\web-tui\app\web\WebTUI.scala. Using presentation compiler with project's scala-library version: 3.3.6
2025.10.16 09:42:56 WARN  no build target for: C:\Users\leo11\OneDrive\Desktop\HTWG\AIN\Semester5\Web-apps\web-tui\app\web\WebTUI.scala
2025.10.16 09:42:56 INFO  no build target found for C:\Users\leo11\OneDrive\Desktop\HTWG\AIN\Semester5\Web-apps\web-tui\app\web\WebTUI.scala. Using presentation compiler with project's scala-library version: 3.3.6
2025.10.16 09:42:56 INFO  no build target found for C:\Users\leo11\OneDrive\Desktop\HTWG\AIN\Semester5\Web-apps\web-tui\app\web\WebTUI.scala. Using presentation compiler with project's scala-library version: 3.3.6
2025.10.16 09:43:25 INFO  no build target found for C:\Users\leo11\OneDrive\Desktop\HTWG\AIN\Semester5\Web-apps\web-tui\app\web\WebTUI.scala. Using presentation compiler with project's scala-library version: 3.3.6
2025.10.16 09:43:32 WARN  no build target for: C:\Users\leo11\OneDrive\Desktop\HTWG\AIN\Semester5\Web-apps\web-tui\app\controllers\GameController.scala
2025.10.16 09:43:32 INFO  no build target found for C:\Users\leo11\OneDrive\Desktop\HTWG\AIN\Semester5\Web-apps\web-tui\app\controllers\GameController.scala. Using presentation compiler with project's scala-library version: 3.3.6
2025.10.16 09:43:33 INFO  no build target found for C:\Users\leo11\OneDrive\Desktop\HTWG\AIN\Semester5\Web-apps\web-tui\app\controllers\GameController.scala. Using presentation compiler with project's scala-library version: 3.3.6
2025.10.16 09:43:32 INFO  no build target found for C:\Users\leo11\OneDrive\Desktop\HTWG\AIN\Semester5\Web-apps\web-tui\app\controllers\GameController.scala. Using presentation compiler with project's scala-library version: 3.3.6
2025.10.16 09:43:35 INFO  no build target found for C:\Users\leo11\OneDrive\Desktop\HTWG\AIN\Semester5\Web-apps\web-tui\app\controllers\GameController.scala. Using presentation compiler with project's scala-library version: 3.3.6
2025.10.16 09:43:35 INFO  no build target found for C:\Users\leo11\OneDrive\Desktop\HTWG\AIN\Semester5\Web-apps\web-tui\app\controllers\GameController.scala. Using presentation compiler with project's scala-library version: 3.3.6
2025.10.16 09:43:35 INFO  no build target found for C:\Users\leo11\OneDrive\Desktop\HTWG\AIN\Semester5\Web-apps\web-tui\app\controllers\GameController.scala. Using presentation compiler with project's scala-library version: 3.3.6
2025.10.16 09:43:35 INFO  no build target found for C:\Users\leo11\OneDrive\Desktop\HTWG\AIN\Semester5\Web-apps\web-tui\app\controllers\GameController.scala. Using presentation compiler with project's scala-library version: 3.3.6
2025.10.16 09:43:35 INFO  no build target found for C:\Users\leo11\OneDrive\Desktop\HTWG\AIN\Semester5\Web-apps\web-tui\app\controllers\GameController.scala. Using presentation compiler with project's scala-library version: 3.3.6
2025.10.16 09:43:35 INFO  no build target found for C:\Users\leo11\OneDrive\Desktop\HTWG\AIN\Semester5\Web-apps\web-tui\app\controllers\GameController.scala. Using presentation compiler with project's scala-library version: 3.3.6
2025.10.16 09:43:36 INFO  no build target found for C:\Users\leo11\OneDrive\Desktop\HTWG\AIN\Semester5\Web-apps\web-tui\app\controllers\GameController.scala. Using presentation compiler with project's scala-library version: 3.3.6
2025.10.16 09:43:36 INFO  no build target found for C:\Users\leo11\OneDrive\Desktop\HTWG\AIN\Semester5\Web-apps\web-tui\app\controllers\GameController.scala. Using presentation compiler with project's scala-library version: 3.3.6
2025.10.16 09:43:36 INFO  no build target found for C:\Users\leo11\OneDrive\Desktop\HTWG\AIN\Semester5\Web-apps\web-tui\app\controllers\GameController.scala. Using presentation compiler with project's scala-library version: 3.3.6
2025.10.16 09:43:36 INFO  no build target found for C:\Users\leo11\OneDrive\Desktop\HTWG\AIN\Semester5\Web-apps\web-tui\app\controllers\GameController.scala. Using presentation compiler with project's scala-library version: 3.3.6
2025.10.16 09:43:38 WARN  no build target for: C:\Users\leo11\OneDrive\Desktop\HTWG\AIN\Semester5\Web-apps\web-tui\app\controllers\GameController.scala
2025.10.16 09:43:38 INFO  no build target found for C:\Users\leo11\OneDrive\Desktop\HTWG\AIN\Semester5\Web-apps\web-tui\app\controllers\GameController.scala. Using presentation compiler with project's scala-library version: 3.3.6
2025.10.16 09:44:37 WARN  no build target for: C:\Users\leo11\OneDrive\Desktop\HTWG\AIN\Semester5\Web-apps\web-tui\app\controllers\GameController.scala
2025.10.16 09:44:37 INFO  no build target found for C:\Users\leo11\OneDrive\Desktop\HTWG\AIN\Semester5\Web-apps\web-tui\app\controllers\GameController.scala. Using presentation compiler with project's scala-library version: 3.3.6
2025.10.16 09:44:37 INFO  no build target found for C:\Users\leo11\OneDrive\Desktop\HTWG\AIN\Semester5\Web-apps\web-tui\app\controllers\GameController.scala. Using presentation compiler with project's scala-library version: 3.3.6
2025.10.16 09:44:41 WARN  no build target for: C:\Users\leo11\OneDrive\Desktop\HTWG\AIN\Semester5\Web-apps\web-tui\app\web\WebTUI.scala
2025.10.16 09:44:41 INFO  no build target found for C:\Users\leo11\OneDrive\Desktop\HTWG\AIN\Semester5\Web-apps\web-tui\app\web\WebTUI.scala. Using presentation compiler with project's scala-library version: 3.3.6
2025.10.16 09:44:41 INFO  no build target found for C:\Users\leo11\OneDrive\Desktop\HTWG\AIN\Semester5\Web-apps\web-tui\app\web\WebTUI.scala. Using presentation compiler with project's scala-library version: 3.3.6
2025.10.16 09:44:41 INFO  no build target found for C:\Users\leo11\OneDrive\Desktop\HTWG\AIN\Semester5\Web-apps\web-tui\app\web\WebTUI.scala. Using presentation compiler with project's scala-library version: 3.3.6
2025.10.16 09:44:47 INFO  no build target found for C:\Users\leo11\OneDrive\Desktop\HTWG\AIN\Semester5\Web-apps\web-tui\app\web\WebTUI.scala. Using presentation compiler with project's scala-library version: 3.3.6
2025.10.16 09:44:49 INFO  no build target found for C:\Users\leo11\OneDrive\Desktop\HTWG\AIN\Semester5\Web-apps\web-tui\app\web\WebTUI.scala. Using presentation compiler with project's scala-library version: 3.3.6
2025.10.16 09:44:49 INFO  no build target found for C:\Users\leo11\OneDrive\Desktop\HTWG\AIN\Semester5\Web-apps\web-tui\app\web\WebTUI.scala. Using presentation compiler with project's scala-library version: 3.3.6
2025.10.16 09:44:49 INFO  no build target found for C:\Users\leo11\OneDrive\Desktop\HTWG\AIN\Semester5\Web-apps\web-tui\app\web\WebTUI.scala. Using presentation compiler with project's scala-library version: 3.3.6
2025.10.16 09:44:49 INFO  no build target found for C:\Users\leo11\OneDrive\Desktop\HTWG\AIN\Semester5\Web-apps\web-tui\app\web\WebTUI.scala. Using presentation compiler with project's scala-library version: 3.3.6
2025.10.16 09:44:49 INFO  no build target found for C:\Users\leo11\OneDrive\Desktop\HTWG\AIN\Semester5\Web-apps\web-tui\app\web\WebTUI.scala. Using presentation compiler with project's scala-library version: 3.3.6
2025.10.16 09:44:49 INFO  no build target found for C:\Users\leo11\OneDrive\Desktop\HTWG\AIN\Semester5\Web-apps\web-tui\app\web\WebTUI.scala. Using presentation compiler with project's scala-library version: 3.3.6
2025.10.16 09:44:50 INFO  no build target found for C:\Users\leo11\OneDrive\Desktop\HTWG\AIN\Semester5\Web-apps\web-tui\app\web\WebTUI.scala. Using presentation compiler with project's scala-library version: 3.3.6
2025.10.16 09:44:49 INFO  no build target found for C:\Users\leo11\OneDrive\Desktop\HTWG\AIN\Semester5\Web-apps\web-tui\app\web\WebTUI.scala. Using presentation compiler with project's scala-library version: 3.3.6
2025.10.16 09:44:51 INFO  no build target found for C:\Users\leo11\OneDrive\Desktop\HTWG\AIN\Semester5\Web-apps\web-tui\app\web\WebTUI.scala. Using presentation compiler with project's scala-library version: 3.3.6
2025.10.16 09:44:55 WARN  no build target for: C:\Users\leo11\OneDrive\Desktop\HTWG\AIN\Semester5\Web-apps\web-tui\app\web\WebTUI.scala
2025.10.16 09:44:55 INFO  no build target found for C:\Users\leo11\OneDrive\Desktop\HTWG\AIN\Semester5\Web-apps\web-tui\app\web\WebTUI.scala. Using presentation compiler with project's scala-library version: 3.3.6
2025.10.16 09:46:27 INFO  no build target found for C:\Users\leo11\OneDrive\Desktop\HTWG\AIN\Semester5\Web-apps\web-tui\app\web\WebTUI.scala. Using presentation compiler with project's scala-library version: 3.3.6
2025.10.16 09:46:27 INFO  no build target found for C:\Users\leo11\OneDrive\Desktop\HTWG\AIN\Semester5\Web-apps\web-tui\app\web\WebTUI.scala. Using presentation compiler with project's scala-library version: 3.3.6
2025.10.16 09:46:33 INFO  no build target found for C:\Users\leo11\OneDrive\Desktop\HTWG\AIN\Semester5\Web-apps\web-tui\app\web\WebTUI.scala. Using presentation compiler with project's scala-library version: 3.3.6
2025.10.16 09:46:37 WARN  no build target for: C:\Users\leo11\OneDrive\Desktop\HTWG\AIN\Semester5\Web-apps\web-tui\app\web\GuiStarter.scala
2025.10.16 09:46:37 INFO  no build target found for C:\Users\leo11\OneDrive\Desktop\HTWG\AIN\Semester5\Web-apps\web-tui\app\web\GuiStarter.scala. Using presentation compiler with project's scala-library version: 3.3.6
2025.10.16 09:46:37 INFO  no build target found for C:\Users\leo11\OneDrive\Desktop\HTWG\AIN\Semester5\Web-apps\web-tui\app\web\GuiStarter.scala. Using presentation compiler with project's scala-library version: 3.3.6
2025.10.16 09:46:37 INFO  no build target found for C:\Users\leo11\OneDrive\Desktop\HTWG\AIN\Semester5\Web-apps\web-tui\app\web\GuiStarter.scala. Using presentation compiler with project's scala-library version: 3.3.6
2025.10.16 09:46:39 WARN  no build target for: C:\Users\leo11\OneDrive\Desktop\HTWG\AIN\Semester5\Web-apps\web-tui\app\controllers\AdminController.scala
2025.10.16 09:46:39 INFO  no build target found for C:\Users\leo11\OneDrive\Desktop\HTWG\AIN\Semester5\Web-apps\web-tui\app\controllers\AdminController.scala. Using presentation compiler with project's scala-library version: 3.3.6
2025.10.16 09:46:39 INFO  no build target found for C:\Users\leo11\OneDrive\Desktop\HTWG\AIN\Semester5\Web-apps\web-tui\app\controllers\AdminController.scala. Using presentation compiler with project's scala-library version: 3.3.6
2025.10.16 09:46:41 WARN  no build target for: C:\Users\leo11\OneDrive\Desktop\HTWG\AIN\Semester5\Web-apps\web-tui\app\backend\Backend.scala
2025.10.16 09:46:41 INFO  no build target found for C:\Users\leo11\OneDrive\Desktop\HTWG\AIN\Semester5\Web-apps\web-tui\app\backend\Backend.scala. Using presentation compiler with project's scala-library version: 3.3.6
2025.10.16 09:46:41 INFO  no build target found for C:\Users\leo11\OneDrive\Desktop\HTWG\AIN\Semester5\Web-apps\web-tui\app\backend\Backend.scala. Using presentation compiler with project's scala-library version: 3.3.6
2025.10.16 09:46:42 WARN  no build target for: C:\Users\leo11\OneDrive\Desktop\HTWG\AIN\Semester5\Web-apps\web-tui\app\controllers\GameController.scala
2025.10.16 09:46:42 INFO  no build target found for C:\Users\leo11\OneDrive\Desktop\HTWG\AIN\Semester5\Web-apps\web-tui\app\controllers\GameController.scala. Using presentation compiler with project's scala-library version: 3.3.6
2025.10.16 09:46:42 INFO  no build target found for C:\Users\leo11\OneDrive\Desktop\HTWG\AIN\Semester5\Web-apps\web-tui\app\controllers\GameController.scala. Using presentation compiler with project's scala-library version: 3.3.6
2025.10.16 09:46:43 INFO  no build target found for C:\Users\leo11\OneDrive\Desktop\HTWG\AIN\Semester5\Web-apps\web-tui\app\controllers\GameController.scala. Using presentation compiler with project's scala-library version: 3.3.6
Exception in thread "pool-353-thread-1" java.lang.InterruptedException
	at scala.meta.internal.metals.FutureCancelToken.checkCanceled(FutureCancelToken.scala:29)
	at scala.meta.internal.pc.CompilerAccess.onCompilerJobQueue$$anonfun$1(CompilerAccess.scala:244)
	at scala.meta.internal.pc.CompilerJobQueue$Job.run(CompilerJobQueue.scala:153)
	at java.base/java.util.concurrent.ThreadPoolExecutor.runWorker(ThreadPoolExecutor.java:1144)
	at java.base/java.util.concurrent.ThreadPoolExecutor$Worker.run(ThreadPoolExecutor.java:642)
	at java.base/java.lang.Thread.run(Thread.java:1570)
2025.10.16 09:46:55 WARN  no build target for: C:\Users\leo11\OneDrive\Desktop\HTWG\AIN\Semester5\Web-apps\web-tui\app\web\WebTUI.scala
2025.10.16 09:46:55 INFO  no build target found for C:\Users\leo11\OneDrive\Desktop\HTWG\AIN\Semester5\Web-apps\web-tui\app\web\WebTUI.scala. Using presentation compiler with project's scala-library version: 3.3.6
2025.10.16 09:46:55 INFO  no build target found for C:\Users\leo11\OneDrive\Desktop\HTWG\AIN\Semester5\Web-apps\web-tui\app\web\WebTUI.scala. Using presentation compiler with project's scala-library version: 3.3.6
2025.10.16 09:47:19 INFO  no build target found for C:\Users\leo11\OneDrive\Desktop\HTWG\AIN\Semester5\Web-apps\web-tui\app\web\WebTUI.scala. Using presentation compiler with project's scala-library version: 3.3.6
2025.10.16 09:47:20 INFO  no build target found for C:\Users\leo11\OneDrive\Desktop\HTWG\AIN\Semester5\Web-apps\web-tui\app\web\WebTUI.scala. Using presentation compiler with project's scala-library version: 3.3.6
2025.10.16 09:47:20 INFO  no build target found for C:\Users\leo11\OneDrive\Desktop\HTWG\AIN\Semester5\Web-apps\web-tui\app\web\WebTUI.scala. Using presentation compiler with project's scala-library version: 3.3.6
2025.10.16 09:47:21 INFO  no build target found for C:\Users\leo11\OneDrive\Desktop\HTWG\AIN\Semester5\Web-apps\web-tui\app\web\WebTUI.scala. Using presentation compiler with project's scala-library version: 3.3.6
2025.10.16 09:47:21 INFO  no build target found for C:\Users\leo11\OneDrive\Desktop\HTWG\AIN\Semester5\Web-apps\web-tui\app\web\WebTUI.scala. Using presentation compiler with project's scala-library version: 3.3.6
2025.10.16 09:47:22 INFO  no build target found for C:\Users\leo11\OneDrive\Desktop\HTWG\AIN\Semester5\Web-apps\web-tui\app\web\WebTUI.scala. Using presentation compiler with project's scala-library version: 3.3.6
2025.10.16 09:47:22 INFO  no build target found for C:\Users\leo11\OneDrive\Desktop\HTWG\AIN\Semester5\Web-apps\web-tui\app\web\WebTUI.scala. Using presentation compiler with project's scala-library version: 3.3.6
2025.10.16 09:47:22 INFO  no build target found for C:\Users\leo11\OneDrive\Desktop\HTWG\AIN\Semester5\Web-apps\web-tui\app\web\WebTUI.scala. Using presentation compiler with project's scala-library version: 3.3.6
2025.10.16 09:47:22 INFO  no build target found for C:\Users\leo11\OneDrive\Desktop\HTWG\AIN\Semester5\Web-apps\web-tui\app\web\WebTUI.scala. Using presentation compiler with project's scala-library version: 3.3.6
2025.10.16 09:47:23 INFO  no build target found for C:\Users\leo11\OneDrive\Desktop\HTWG\AIN\Semester5\Web-apps\web-tui\app\web\WebTUI.scala. Using presentation compiler with project's scala-library version: 3.3.6
2025.10.16 09:47:23 WARN  no build target for: C:\Users\leo11\OneDrive\Desktop\HTWG\AIN\Semester5\Web-apps\web-tui\app\web\WebTUI.scala
2025.10.16 09:47:23 INFO  no build target found for C:\Users\leo11\OneDrive\Desktop\HTWG\AIN\Semester5\Web-apps\web-tui\app\web\WebTUI.scala. Using presentation compiler with project's scala-library version: 3.3.6
2025.10.16 09:47:24 WARN  no build target for: C:\Users\leo11\OneDrive\Desktop\HTWG\AIN\Semester5\Web-apps\web-tui\app\web\GuiStarter.scala
2025.10.16 09:47:24 INFO  no build target found for C:\Users\leo11\OneDrive\Desktop\HTWG\AIN\Semester5\Web-apps\web-tui\app\web\GuiStarter.scala. Using presentation compiler with project's scala-library version: 3.3.6
2025.10.16 09:47:25 INFO  no build target found for C:\Users\leo11\OneDrive\Desktop\HTWG\AIN\Semester5\Web-apps\web-tui\app\web\GuiStarter.scala. Using presentation compiler with project's scala-library version: 3.3.6
2025.10.16 09:47:27 WARN  no build target for: C:\Users\leo11\OneDrive\Desktop\HTWG\AIN\Semester5\Web-apps\web-tui\app\controllers\GameController.scala
2025.10.16 09:47:27 INFO  no build target found for C:\Users\leo11\OneDrive\Desktop\HTWG\AIN\Semester5\Web-apps\web-tui\app\controllers\GameController.scala. Using presentation compiler with project's scala-library version: 3.3.6
2025.10.16 09:47:27 INFO  no build target found for C:\Users\leo11\OneDrive\Desktop\HTWG\AIN\Semester5\Web-apps\web-tui\app\controllers\GameController.scala. Using presentation compiler with project's scala-library version: 3.3.6
2025.10.16 09:47:28 INFO  no build target found for C:\Users\leo11\OneDrive\Desktop\HTWG\AIN\Semester5\Web-apps\web-tui\app\controllers\GameController.scala. Using presentation compiler with project's scala-library version: 3.3.6
2025.10.16 09:47:28 INFO  no build target found for C:\Users\leo11\OneDrive\Desktop\HTWG\AIN\Semester5\Web-apps\web-tui\app\controllers\GameController.scala. Using presentation compiler with project's scala-library version: 3.3.6
2025.10.16 09:47:36 INFO  no build target found for C:\Users\leo11\OneDrive\Desktop\HTWG\AIN\Semester5\Web-apps\web-tui\app\controllers\GameController.scala. Using presentation compiler with project's scala-library version: 3.3.6
2025.10.16 09:47:37 INFO  no build target found for C:\Users\leo11\OneDrive\Desktop\HTWG\AIN\Semester5\Web-apps\web-tui\app\controllers\GameController.scala. Using presentation compiler with project's scala-library version: 3.3.6
2025.10.16 09:47:37 INFO  no build target found for C:\Users\leo11\OneDrive\Desktop\HTWG\AIN\Semester5\Web-apps\web-tui\app\controllers\GameController.scala. Using presentation compiler with project's scala-library version: 3.3.6
2025.10.16 09:47:36 INFO  no build target found for C:\Users\leo11\OneDrive\Desktop\HTWG\AIN\Semester5\Web-apps\web-tui\app\controllers\GameController.scala. Using presentation compiler with project's scala-library version: 3.3.6
2025.10.16 09:47:39 INFO  no build target found for C:\Users\leo11\OneDrive\Desktop\HTWG\AIN\Semester5\Web-apps\web-tui\app\controllers\GameController.scala. Using presentation compiler with project's scala-library version: 3.3.6
2025.10.16 09:47:39 INFO  no build target found for C:\Users\leo11\OneDrive\Desktop\HTWG\AIN\Semester5\Web-apps\web-tui\app\controllers\GameController.scala. Using presentation compiler with project's scala-library version: 3.3.6
2025.10.16 09:47:39 INFO  no build target found for C:\Users\leo11\OneDrive\Desktop\HTWG\AIN\Semester5\Web-apps\web-tui\app\controllers\GameController.scala. Using presentation compiler with project's scala-library version: 3.3.6
2025.10.16 09:47:52 INFO  no build target found for C:\Users\leo11\OneDrive\Desktop\HTWG\AIN\Semester5\Web-apps\web-tui\app\controllers\GameController.scala. Using presentation compiler with project's scala-library version: 3.3.6
2025.10.16 09:47:52 INFO  no build target found for C:\Users\leo11\OneDrive\Desktop\HTWG\AIN\Semester5\Web-apps\web-tui\app\controllers\GameController.scala. Using presentation compiler with project's scala-library version: 3.3.6
2025.10.16 09:47:53 INFO  no build target found for C:\Users\leo11\OneDrive\Desktop\HTWG\AIN\Semester5\Web-apps\web-tui\app\controllers\GameController.scala. Using presentation compiler with project's scala-library version: 3.3.6
2025.10.16 09:47:52 INFO  no build target found for C:\Users\leo11\OneDrive\Desktop\HTWG\AIN\Semester5\Web-apps\web-tui\app\controllers\GameController.scala. Using presentation compiler with project's scala-library version: 3.3.6
2025.10.16 09:47:53 INFO  no build target found for C:\Users\leo11\OneDrive\Desktop\HTWG\AIN\Semester5\Web-apps\web-tui\app\controllers\GameController.scala. Using presentation compiler with project's scala-library version: 3.3.6
2025.10.16 09:47:55 INFO  no build target found for C:\Users\leo11\OneDrive\Desktop\HTWG\AIN\Semester5\Web-apps\web-tui\app\controllers\GameController.scala. Using presentation compiler with project's scala-library version: 3.3.6
2025.10.16 09:47:55 WARN  no build target for: C:\Users\leo11\OneDrive\Desktop\HTWG\AIN\Semester5\Web-apps\web-tui\app\controllers\GameController.scala
2025.10.16 09:47:55 INFO  no build target found for C:\Users\leo11\OneDrive\Desktop\HTWG\AIN\Semester5\Web-apps\web-tui\app\controllers\GameController.scala. Using presentation compiler with project's scala-library version: 3.3.6
2025.10.16 09:48:10 INFO  no build target found for C:\Users\leo11\OneDrive\Desktop\HTWG\AIN\Semester5\Web-apps\web-tui\app\controllers\GameController.scala. Using presentation compiler with project's scala-library version: 3.3.6
2025.10.16 09:49:05 INFO  no build target found for C:\Users\leo11\OneDrive\Desktop\HTWG\AIN\Semester5\Web-apps\web-tui\app\controllers\GameController.scala. Using presentation compiler with project's scala-library version: 3.3.6
2025.10.16 09:49:05 INFO  no build target found for C:\Users\leo11\OneDrive\Desktop\HTWG\AIN\Semester5\Web-apps\web-tui\app\controllers\GameController.scala. Using presentation compiler with project's scala-library version: 3.3.6
2025.10.16 09:49:06 INFO  no build target found for C:\Users\leo11\OneDrive\Desktop\HTWG\AIN\Semester5\Web-apps\web-tui\app\controllers\GameController.scala. Using presentation compiler with project's scala-library version: 3.3.6
2025.10.16 09:49:06 INFO  no build target found for C:\Users\leo11\OneDrive\Desktop\HTWG\AIN\Semester5\Web-apps\web-tui\app\controllers\GameController.scala. Using presentation compiler with project's scala-library version: 3.3.6
2025.10.16 09:49:07 INFO  no build target found for C:\Users\leo11\OneDrive\Desktop\HTWG\AIN\Semester5\Web-apps\web-tui\app\controllers\GameController.scala. Using presentation compiler with project's scala-library version: 3.3.6
2025.10.16 09:49:10 INFO  no build target found for C:\Users\leo11\OneDrive\Desktop\HTWG\AIN\Semester5\Web-apps\web-tui\app\controllers\GameController.scala. Using presentation compiler with project's scala-library version: 3.3.6
2025.10.16 09:49:13 INFO  no build target found for C:\Users\leo11\OneDrive\Desktop\HTWG\AIN\Semester5\Web-apps\web-tui\app\controllers\GameController.scala. Using presentation compiler with project's scala-library version: 3.3.6
2025.10.16 09:49:14 INFO  no build target found for C:\Users\leo11\OneDrive\Desktop\HTWG\AIN\Semester5\Web-apps\web-tui\app\controllers\GameController.scala. Using presentation compiler with project's scala-library version: 3.3.6
2025.10.16 09:49:15 INFO  no build target found for C:\Users\leo11\OneDrive\Desktop\HTWG\AIN\Semester5\Web-apps\web-tui\app\controllers\GameController.scala. Using presentation compiler with project's scala-library version: 3.3.6
2025.10.16 09:49:16 INFO  no build target found for C:\Users\leo11\OneDrive\Desktop\HTWG\AIN\Semester5\Web-apps\web-tui\app\controllers\GameController.scala. Using presentation compiler with project's scala-library version: 3.3.6
2025.10.16 09:49:16 INFO  no build target found for C:\Users\leo11\OneDrive\Desktop\HTWG\AIN\Semester5\Web-apps\web-tui\app\controllers\GameController.scala. Using presentation compiler with project's scala-library version: 3.3.6
2025.10.16 09:49:18 INFO  no build target found for C:\Users\leo11\OneDrive\Desktop\HTWG\AIN\Semester5\Web-apps\web-tui\app\controllers\GameController.scala. Using presentation compiler with project's scala-library version: 3.3.6
2025.10.16 09:49:18 INFO  no build target found for C:\Users\leo11\OneDrive\Desktop\HTWG\AIN\Semester5\Web-apps\web-tui\app\controllers\GameController.scala. Using presentation compiler with project's scala-library version: 3.3.6
2025.10.16 09:49:18 INFO  no build target found for C:\Users\leo11\OneDrive\Desktop\HTWG\AIN\Semester5\Web-apps\web-tui\app\controllers\GameController.scala. Using presentation compiler with project's scala-library version: 3.3.6
2025.10.16 09:49:18 INFO  no build target found for C:\Users\leo11\OneDrive\Desktop\HTWG\AIN\Semester5\Web-apps\web-tui\app\controllers\GameController.scala. Using presentation compiler with project's scala-library version: 3.3.6
2025.10.16 09:49:18 INFO  no build target found for C:\Users\leo11\OneDrive\Desktop\HTWG\AIN\Semester5\Web-apps\web-tui\app\controllers\GameController.scala. Using presentation compiler with project's scala-library version: 3.3.6
2025.10.16 09:49:20 WARN  no build target for: C:\Users\leo11\OneDrive\Desktop\HTWG\AIN\Semester5\Web-apps\web-tui\app\controllers\GameController.scala
2025.10.16 09:49:20 INFO  no build target found for C:\Users\leo11\OneDrive\Desktop\HTWG\AIN\Semester5\Web-apps\web-tui\app\controllers\GameController.scala. Using presentation compiler with project's scala-library version: 3.3.6
2025.10.16 09:55:29 INFO  no build target found for C:\Users\leo11\OneDrive\Desktop\HTWG\AIN\Semester5\Web-apps\web-tui\app\controllers\AdminController.scala. Using presentation compiler with project's scala-library version: 3.3.6
2025.10.16 09:55:29 WARN  no build target for: C:\Users\leo11\OneDrive\Desktop\HTWG\AIN\Semester5\Web-apps\web-tui\app\controllers\AdminController.scala
2025.10.16 09:55:29 INFO  no build target found for C:\Users\leo11\OneDrive\Desktop\HTWG\AIN\Semester5\Web-apps\web-tui\app\controllers\AdminController.scala. Using presentation compiler with project's scala-library version: 3.3.6
2025.10.16 09:55:29 INFO  no build target found for C:\Users\leo11\OneDrive\Desktop\HTWG\AIN\Semester5\Web-apps\web-tui\app\controllers\AdminController.scala. Using presentation compiler with project's scala-library version: 3.3.6
2025.10.16 09:55:31 INFO  no build target found for C:\Users\leo11\OneDrive\Desktop\HTWG\AIN\Semester5\Web-apps\web-tui\app\controllers\AdminController.scala. Using presentation compiler with project's scala-library version: 3.3.6
2025.10.16 09:55:33 INFO  no build target found for C:\Users\leo11\OneDrive\Desktop\HTWG\AIN\Semester5\Web-apps\web-tui\app\controllers\AdminController.scala. Using presentation compiler with project's scala-library version: 3.3.6
2025.10.16 09:55:34 INFO  no build target found for C:\Users\leo11\OneDrive\Desktop\HTWG\AIN\Semester5\Web-apps\web-tui\app\controllers\AdminController.scala. Using presentation compiler with project's scala-library version: 3.3.6
2025.10.16 09:55:35 INFO  no build target found for C:\Users\leo11\OneDrive\Desktop\HTWG\AIN\Semester5\Web-apps\web-tui\app\controllers\AdminController.scala. Using presentation compiler with project's scala-library version: 3.3.6
2025.10.16 09:55:35 INFO  no build target found for C:\Users\leo11\OneDrive\Desktop\HTWG\AIN\Semester5\Web-apps\web-tui\app\controllers\AdminController.scala. Using presentation compiler with project's scala-library version: 3.3.6
2025.10.16 09:55:35 INFO  no build target found for C:\Users\leo11\OneDrive\Desktop\HTWG\AIN\Semester5\Web-apps\web-tui\app\controllers\AdminController.scala. Using presentation compiler with project's scala-library version: 3.3.6
2025.10.16 09:55:36 INFO  no build target found for C:\Users\leo11\OneDrive\Desktop\HTWG\AIN\Semester5\Web-apps\web-tui\app\controllers\AdminController.scala. Using presentation compiler with project's scala-library version: 3.3.6
2025.10.16 09:55:36 INFO  no build target found for C:\Users\leo11\OneDrive\Desktop\HTWG\AIN\Semester5\Web-apps\web-tui\app\controllers\AdminController.scala. Using presentation compiler with project's scala-library version: 3.3.6
2025.10.16 09:55:37 INFO  no build target found for C:\Users\leo11\OneDrive\Desktop\HTWG\AIN\Semester5\Web-apps\web-tui\app\controllers\AdminController.scala. Using presentation compiler with project's scala-library version: 3.3.6
2025.10.16 09:55:36 INFO  no build target found for C:\Users\leo11\OneDrive\Desktop\HTWG\AIN\Semester5\Web-apps\web-tui\app\controllers\AdminController.scala. Using presentation compiler with project's scala-library version: 3.3.6
2025.10.16 09:55:37 INFO  no build target found for C:\Users\leo11\OneDrive\Desktop\HTWG\AIN\Semester5\Web-apps\web-tui\app\controllers\AdminController.scala. Using presentation compiler with project's scala-library version: 3.3.6
2025.10.16 09:55:37 INFO  no build target found for C:\Users\leo11\OneDrive\Desktop\HTWG\AIN\Semester5\Web-apps\web-tui\app\controllers\AdminController.scala. Using presentation compiler with project's scala-library version: 3.3.6
2025.10.16 09:55:38 INFO  no build target found for C:\Users\leo11\OneDrive\Desktop\HTWG\AIN\Semester5\Web-apps\web-tui\app\controllers\AdminController.scala. Using presentation compiler with project's scala-library version: 3.3.6
2025.10.16 09:55:40 INFO  no build target found for C:\Users\leo11\OneDrive\Desktop\HTWG\AIN\Semester5\Web-apps\web-tui\app\controllers\AdminController.scala. Using presentation compiler with project's scala-library version: 3.3.6
2025.10.16 09:55:40 INFO  no build target found for C:\Users\leo11\OneDrive\Desktop\HTWG\AIN\Semester5\Web-apps\web-tui\app\controllers\AdminController.scala. Using presentation compiler with project's scala-library version: 3.3.6
2025.10.16 09:55:47 INFO  no build target found for C:\Users\leo11\OneDrive\Desktop\HTWG\AIN\Semester5\Web-apps\web-tui\app\controllers\AdminController.scala. Using presentation compiler with project's scala-library version: 3.3.6
2025.10.16 09:55:47 INFO  no build target found for C:\Users\leo11\OneDrive\Desktop\HTWG\AIN\Semester5\Web-apps\web-tui\app\controllers\AdminController.scala. Using presentation compiler with project's scala-library version: 3.3.6
2025.10.16 09:55:50 INFO  no build target found for C:\Users\leo11\OneDrive\Desktop\HTWG\AIN\Semester5\Web-apps\web-tui\app\controllers\AdminController.scala. Using presentation compiler with project's scala-library version: 3.3.6
2025.10.16 09:55:50 INFO  no build target found for C:\Users\leo11\OneDrive\Desktop\HTWG\AIN\Semester5\Web-apps\web-tui\app\controllers\AdminController.scala. Using presentation compiler with project's scala-library version: 3.3.6
2025.10.16 09:55:51 INFO  no build target found for C:\Users\leo11\OneDrive\Desktop\HTWG\AIN\Semester5\Web-apps\web-tui\app\controllers\AdminController.scala. Using presentation compiler with project's scala-library version: 3.3.6
2025.10.16 09:55:51 INFO  no build target found for C:\Users\leo11\OneDrive\Desktop\HTWG\AIN\Semester5\Web-apps\web-tui\app\controllers\AdminController.scala. Using presentation compiler with project's scala-library version: 3.3.6
2025.10.16 09:55:53 WARN  no build target for: C:\Users\leo11\OneDrive\Desktop\HTWG\AIN\Semester5\Web-apps\web-tui\app\controllers\AdminController.scala
2025.10.16 09:55:53 INFO  no build target found for C:\Users\leo11\OneDrive\Desktop\HTWG\AIN\Semester5\Web-apps\web-tui\app\controllers\AdminController.scala. Using presentation compiler with project's scala-library version: 3.3.6
2025.10.16 09:55:54 INFO  no build target found for C:\Users\leo11\OneDrive\Desktop\HTWG\AIN\Semester5\Web-apps\web-tui\app\controllers\AdminController.scala. Using presentation compiler with project's scala-library version: 3.3.6
2025.10.16 09:56:05 WARN  no build target for: C:\Users\leo11\OneDrive\Desktop\HTWG\AIN\Semester5\Web-apps\web-tui\app\web\GuiStarter.scala
2025.10.16 09:56:05 INFO  no build target found for C:\Users\leo11\OneDrive\Desktop\HTWG\AIN\Semester5\Web-apps\web-tui\app\web\GuiStarter.scala. Using presentation compiler with project's scala-library version: 3.3.6
2025.10.16 09:56:05 INFO  no build target found for C:\Users\leo11\OneDrive\Desktop\HTWG\AIN\Semester5\Web-apps\web-tui\app\web\GuiStarter.scala. Using presentation compiler with project's scala-library version: 3.3.6
2025.10.16 09:56:14 INFO  no build target found for C:\Users\leo11\OneDrive\Desktop\HTWG\AIN\Semester5\Web-apps\web-tui\app\web\GuiStarter.scala. Using presentation compiler with project's scala-library version: 3.3.6
2025.10.16 09:56:14 INFO  no build target found for C:\Users\leo11\OneDrive\Desktop\HTWG\AIN\Semester5\Web-apps\web-tui\app\web\GuiStarter.scala. Using presentation compiler with project's scala-library version: 3.3.6
2025.10.16 09:56:18 INFO  no build target found for C:\Users\leo11\OneDrive\Desktop\HTWG\AIN\Semester5\Web-apps\web-tui\app\web\GuiStarter.scala. Using presentation compiler with project's scala-library version: 3.3.6
2025.10.16 09:56:20 INFO  no build target found for C:\Users\leo11\OneDrive\Desktop\HTWG\AIN\Semester5\Web-apps\web-tui\app\web\GuiStarter.scala. Using presentation compiler with project's scala-library version: 3.3.6
2025.10.16 09:56:20 INFO  no build target found for C:\Users\leo11\OneDrive\Desktop\HTWG\AIN\Semester5\Web-apps\web-tui\app\web\GuiStarter.scala. Using presentation compiler with project's scala-library version: 3.3.6
2025.10.16 09:56:20 INFO  no build target found for C:\Users\leo11\OneDrive\Desktop\HTWG\AIN\Semester5\Web-apps\web-tui\app\web\GuiStarter.scala. Using presentation compiler with project's scala-library version: 3.3.6
2025.10.16 09:56:21 INFO  no build target found for C:\Users\leo11\OneDrive\Desktop\HTWG\AIN\Semester5\Web-apps\web-tui\app\web\GuiStarter.scala. Using presentation compiler with project's scala-library version: 3.3.6
2025.10.16 09:56:21 INFO  no build target found for C:\Users\leo11\OneDrive\Desktop\HTWG\AIN\Semester5\Web-apps\web-tui\app\web\GuiStarter.scala. Using presentation compiler with project's scala-library version: 3.3.6
2025.10.16 09:56:23 INFO  no build target found for C:\Users\leo11\OneDrive\Desktop\HTWG\AIN\Semester5\Web-apps\web-tui\app\web\GuiStarter.scala. Using presentation compiler with project's scala-library version: 3.3.6
2025.10.16 09:56:23 INFO  no build target found for C:\Users\leo11\OneDrive\Desktop\HTWG\AIN\Semester5\Web-apps\web-tui\app\web\GuiStarter.scala. Using presentation compiler with project's scala-library version: 3.3.6
2025.10.16 09:56:23 INFO  no build target found for C:\Users\leo11\OneDrive\Desktop\HTWG\AIN\Semester5\Web-apps\web-tui\app\web\GuiStarter.scala. Using presentation compiler with project's scala-library version: 3.3.6
2025.10.16 09:56:24 INFO  no build target found for C:\Users\leo11\OneDrive\Desktop\HTWG\AIN\Semester5\Web-apps\web-tui\app\web\GuiStarter.scala. Using presentation compiler with project's scala-library version: 3.3.6
2025.10.16 09:56:24 INFO  no build target found for C:\Users\leo11\OneDrive\Desktop\HTWG\AIN\Semester5\Web-apps\web-tui\app\web\GuiStarter.scala. Using presentation compiler with project's scala-library version: 3.3.6
2025.10.16 09:56:25 INFO  no build target found for C:\Users\leo11\OneDrive\Desktop\HTWG\AIN\Semester5\Web-apps\web-tui\app\web\GuiStarter.scala. Using presentation compiler with project's scala-library version: 3.3.6
2025.10.16 09:56:25 INFO  no build target found for C:\Users\leo11\OneDrive\Desktop\HTWG\AIN\Semester5\Web-apps\web-tui\app\web\GuiStarter.scala. Using presentation compiler with project's scala-library version: 3.3.6
2025.10.16 09:56:24 INFO  no build target found for C:\Users\leo11\OneDrive\Desktop\HTWG\AIN\Semester5\Web-apps\web-tui\app\web\GuiStarter.scala. Using presentation compiler with project's scala-library version: 3.3.6
2025.10.16 09:56:26 INFO  no build target found for C:\Users\leo11\OneDrive\Desktop\HTWG\AIN\Semester5\Web-apps\web-tui\app\web\GuiStarter.scala. Using presentation compiler with project's scala-library version: 3.3.6
2025.10.16 09:56:26 INFO  no build target found for C:\Users\leo11\OneDrive\Desktop\HTWG\AIN\Semester5\Web-apps\web-tui\app\web\GuiStarter.scala. Using presentation compiler with project's scala-library version: 3.3.6
2025.10.16 09:56:26 INFO  no build target found for C:\Users\leo11\OneDrive\Desktop\HTWG\AIN\Semester5\Web-apps\web-tui\app\web\GuiStarter.scala. Using presentation compiler with project's scala-library version: 3.3.6
2025.10.16 09:56:25 INFO  no build target found for C:\Users\leo11\OneDrive\Desktop\HTWG\AIN\Semester5\Web-apps\web-tui\app\web\GuiStarter.scala. Using presentation compiler with project's scala-library version: 3.3.6
2025.10.16 09:56:26 INFO  no build target found for C:\Users\leo11\OneDrive\Desktop\HTWG\AIN\Semester5\Web-apps\web-tui\app\web\GuiStarter.scala. Using presentation compiler with project's scala-library version: 3.3.6
2025.10.16 09:56:26 INFO  no build target found for C:\Users\leo11\OneDrive\Desktop\HTWG\AIN\Semester5\Web-apps\web-tui\app\web\GuiStarter.scala. Using presentation compiler with project's scala-library version: 3.3.6
2025.10.16 09:56:28 INFO  no build target found for C:\Users\leo11\OneDrive\Desktop\HTWG\AIN\Semester5\Web-apps\web-tui\app\web\GuiStarter.scala. Using presentation compiler with project's scala-library version: 3.3.6
2025.10.16 09:56:28 WARN  no build target for: C:\Users\leo11\OneDrive\Desktop\HTWG\AIN\Semester5\Web-apps\web-tui\app\web\GuiStarter.scala
2025.10.16 09:56:28 INFO  no build target found for C:\Users\leo11\OneDrive\Desktop\HTWG\AIN\Semester5\Web-apps\web-tui\app\web\GuiStarter.scala. Using presentation compiler with project's scala-library version: 3.3.6
2025.10.16 09:56:28 INFO  no build target found for C:\Users\leo11\OneDrive\Desktop\HTWG\AIN\Semester5\Web-apps\web-tui\app\web\GuiStarter.scala. Using presentation compiler with project's scala-library version: 3.3.6
2025.10.16 09:56:28 INFO  no build target found for C:\Users\leo11\OneDrive\Desktop\HTWG\AIN\Semester5\Web-apps\web-tui\app\web\GuiStarter.scala. Using presentation compiler with project's scala-library version: 3.3.6
2025.10.16 09:56:30 INFO  no build target found for C:\Users\leo11\OneDrive\Desktop\HTWG\AIN\Semester5\Web-apps\web-tui\app\web\GuiStarter.scala. Using presentation compiler with project's scala-library version: 3.3.6
2025.10.16 09:56:30 INFO  no build target found for C:\Users\leo11\OneDrive\Desktop\HTWG\AIN\Semester5\Web-apps\web-tui\app\web\GuiStarter.scala. Using presentation compiler with project's scala-library version: 3.3.6
2025.10.16 09:56:30 INFO  no build target found for C:\Users\leo11\OneDrive\Desktop\HTWG\AIN\Semester5\Web-apps\web-tui\app\web\GuiStarter.scala. Using presentation compiler with project's scala-library version: 3.3.6
2025.10.16 09:56:32 INFO  no build target found for C:\Users\leo11\OneDrive\Desktop\HTWG\AIN\Semester5\Web-apps\web-tui\app\web\GuiStarter.scala. Using presentation compiler with project's scala-library version: 3.3.6
2025.10.16 09:56:32 INFO  no build target found for C:\Users\leo11\OneDrive\Desktop\HTWG\AIN\Semester5\Web-apps\web-tui\app\web\GuiStarter.scala. Using presentation compiler with project's scala-library version: 3.3.6
2025.10.16 09:56:32 INFO  no build target found for C:\Users\leo11\OneDrive\Desktop\HTWG\AIN\Semester5\Web-apps\web-tui\app\web\GuiStarter.scala. Using presentation compiler with project's scala-library version: 3.3.6
2025.10.16 09:56:32 INFO  no build target found for C:\Users\leo11\OneDrive\Desktop\HTWG\AIN\Semester5\Web-apps\web-tui\app\web\GuiStarter.scala. Using presentation compiler with project's scala-library version: 3.3.6
2025.10.16 09:56:32 INFO  no build target found for C:\Users\leo11\OneDrive\Desktop\HTWG\AIN\Semester5\Web-apps\web-tui\app\web\GuiStarter.scala. Using presentation compiler with project's scala-library version: 3.3.6
2025.10.16 09:56:34 WARN  no build target for: C:\Users\leo11\OneDrive\Desktop\HTWG\AIN\Semester5\Web-apps\web-tui\app\web\GuiStarter.scala
2025.10.16 09:56:34 INFO  no build target found for C:\Users\leo11\OneDrive\Desktop\HTWG\AIN\Semester5\Web-apps\web-tui\app\web\GuiStarter.scala. Using presentation compiler with project's scala-library version: 3.3.6
2025.10.16 09:56:34 INFO  no build target found for C:\Users\leo11\OneDrive\Desktop\HTWG\AIN\Semester5\Web-apps\web-tui\app\web\GuiStarter.scala. Using presentation compiler with project's scala-library version: 3.3.6
2025.10.16 09:56:45 INFO  no build target found for C:\Users\leo11\OneDrive\Desktop\HTWG\AIN\Semester5\Web-apps\web-tui\app\web\GuiStarter.scala. Using presentation compiler with project's scala-library version: 3.3.6
2025.10.16 09:56:45 INFO  no build target found for C:\Users\leo11\OneDrive\Desktop\HTWG\AIN\Semester5\Web-apps\web-tui\app\web\GuiStarter.scala. Using presentation compiler with project's scala-library version: 3.3.6
2025.10.16 09:56:45 INFO  no build target found for C:\Users\leo11\OneDrive\Desktop\HTWG\AIN\Semester5\Web-apps\web-tui\app\web\GuiStarter.scala. Using presentation compiler with project's scala-library version: 3.3.6
2025.10.16 09:56:45 INFO  no build target found for C:\Users\leo11\OneDrive\Desktop\HTWG\AIN\Semester5\Web-apps\web-tui\app\web\GuiStarter.scala. Using presentation compiler with project's scala-library version: 3.3.6
2025.10.16 09:56:45 INFO  no build target found for C:\Users\leo11\OneDrive\Desktop\HTWG\AIN\Semester5\Web-apps\web-tui\app\web\GuiStarter.scala. Using presentation compiler with project's scala-library version: 3.3.6
2025.10.16 09:56:46 INFO  no build target found for C:\Users\leo11\OneDrive\Desktop\HTWG\AIN\Semester5\Web-apps\web-tui\app\web\GuiStarter.scala. Using presentation compiler with project's scala-library version: 3.3.6
2025.10.16 09:56:45 INFO  no build target found for C:\Users\leo11\OneDrive\Desktop\HTWG\AIN\Semester5\Web-apps\web-tui\app\web\GuiStarter.scala. Using presentation compiler with project's scala-library version: 3.3.6
2025.10.16 09:56:47 INFO  no build target found for C:\Users\leo11\OneDrive\Desktop\HTWG\AIN\Semester5\Web-apps\web-tui\app\web\GuiStarter.scala. Using presentation compiler with project's scala-library version: 3.3.6
2025.10.16 09:56:47 INFO  no build target found for C:\Users\leo11\OneDrive\Desktop\HTWG\AIN\Semester5\Web-apps\web-tui\app\web\GuiStarter.scala. Using presentation compiler with project's scala-library version: 3.3.6
2025.10.16 09:56:47 INFO  no build target found for C:\Users\leo11\OneDrive\Desktop\HTWG\AIN\Semester5\Web-apps\web-tui\app\web\GuiStarter.scala. Using presentation compiler with project's scala-library version: 3.3.6
2025.10.16 09:56:47 INFO  no build target found for C:\Users\leo11\OneDrive\Desktop\HTWG\AIN\Semester5\Web-apps\web-tui\app\web\GuiStarter.scala. Using presentation compiler with project's scala-library version: 3.3.6
2025.10.16 09:56:48 INFO  no build target found for C:\Users\leo11\OneDrive\Desktop\HTWG\AIN\Semester5\Web-apps\web-tui\app\web\GuiStarter.scala. Using presentation compiler with project's scala-library version: 3.3.6
2025.10.16 09:56:47 INFO  no build target found for C:\Users\leo11\OneDrive\Desktop\HTWG\AIN\Semester5\Web-apps\web-tui\app\web\GuiStarter.scala. Using presentation compiler with project's scala-library version: 3.3.6
2025.10.16 09:56:48 INFO  no build target found for C:\Users\leo11\OneDrive\Desktop\HTWG\AIN\Semester5\Web-apps\web-tui\app\web\GuiStarter.scala. Using presentation compiler with project's scala-library version: 3.3.6
2025.10.16 09:56:48 INFO  no build target found for C:\Users\leo11\OneDrive\Desktop\HTWG\AIN\Semester5\Web-apps\web-tui\app\web\GuiStarter.scala. Using presentation compiler with project's scala-library version: 3.3.6
2025.10.16 09:56:49 INFO  no build target found for C:\Users\leo11\OneDrive\Desktop\HTWG\AIN\Semester5\Web-apps\web-tui\app\web\GuiStarter.scala. Using presentation compiler with project's scala-library version: 3.3.6
2025.10.16 09:56:49 INFO  no build target found for C:\Users\leo11\OneDrive\Desktop\HTWG\AIN\Semester5\Web-apps\web-tui\app\web\GuiStarter.scala. Using presentation compiler with project's scala-library version: 3.3.6
2025.10.16 09:56:50 INFO  no build target found for C:\Users\leo11\OneDrive\Desktop\HTWG\AIN\Semester5\Web-apps\web-tui\app\web\GuiStarter.scala. Using presentation compiler with project's scala-library version: 3.3.6
2025.10.16 09:56:55 INFO  no build target found for C:\Users\leo11\OneDrive\Desktop\HTWG\AIN\Semester5\Web-apps\web-tui\app\web\GuiStarter.scala. Using presentation compiler with project's scala-library version: 3.3.6
2025.10.16 09:56:56 INFO  no build target found for C:\Users\leo11\OneDrive\Desktop\HTWG\AIN\Semester5\Web-apps\web-tui\app\web\GuiStarter.scala. Using presentation compiler with project's scala-library version: 3.3.6
2025.10.16 09:56:58 INFO  no build target found for C:\Users\leo11\OneDrive\Desktop\HTWG\AIN\Semester5\Web-apps\web-tui\app\web\GuiStarter.scala. Using presentation compiler with project's scala-library version: 3.3.6
2025.10.16 09:56:59 INFO  no build target found for C:\Users\leo11\OneDrive\Desktop\HTWG\AIN\Semester5\Web-apps\web-tui\app\web\GuiStarter.scala. Using presentation compiler with project's scala-library version: 3.3.6
2025.10.16 09:57:01 INFO  no build target found for C:\Users\leo11\OneDrive\Desktop\HTWG\AIN\Semester5\Web-apps\web-tui\app\web\GuiStarter.scala. Using presentation compiler with project's scala-library version: 3.3.6
2025.10.16 09:57:02 INFO  no build target found for C:\Users\leo11\OneDrive\Desktop\HTWG\AIN\Semester5\Web-apps\web-tui\app\web\GuiStarter.scala. Using presentation compiler with project's scala-library version: 3.3.6
2025.10.16 09:57:02 INFO  no build target found for C:\Users\leo11\OneDrive\Desktop\HTWG\AIN\Semester5\Web-apps\web-tui\app\web\GuiStarter.scala. Using presentation compiler with project's scala-library version: 3.3.6
2025.10.16 09:57:02 INFO  no build target found for C:\Users\leo11\OneDrive\Desktop\HTWG\AIN\Semester5\Web-apps\web-tui\app\web\GuiStarter.scala. Using presentation compiler with project's scala-library version: 3.3.6
2025.10.16 09:57:06 INFO  no build target found for C:\Users\leo11\OneDrive\Desktop\HTWG\AIN\Semester5\Web-apps\web-tui\app\web\GuiStarter.scala. Using presentation compiler with project's scala-library version: 3.3.6
2025.10.16 09:57:06 INFO  no build target found for C:\Users\leo11\OneDrive\Desktop\HTWG\AIN\Semester5\Web-apps\web-tui\app\web\GuiStarter.scala. Using presentation compiler with project's scala-library version: 3.3.6
2025.10.16 09:57:06 INFO  no build target found for C:\Users\leo11\OneDrive\Desktop\HTWG\AIN\Semester5\Web-apps\web-tui\app\web\GuiStarter.scala. Using presentation compiler with project's scala-library version: 3.3.6
2025.10.16 09:57:06 INFO  no build target found for C:\Users\leo11\OneDrive\Desktop\HTWG\AIN\Semester5\Web-apps\web-tui\app\web\GuiStarter.scala. Using presentation compiler with project's scala-library version: 3.3.6
2025.10.16 09:57:11 INFO  no build target found for C:\Users\leo11\OneDrive\Desktop\HTWG\AIN\Semester5\Web-apps\web-tui\app\web\GuiStarter.scala. Using presentation compiler with project's scala-library version: 3.3.6
2025.10.16 09:57:11 INFO  no build target found for C:\Users\leo11\OneDrive\Desktop\HTWG\AIN\Semester5\Web-apps\web-tui\app\web\GuiStarter.scala. Using presentation compiler with project's scala-library version: 3.3.6
2025.10.16 09:57:12 INFO  no build target found for C:\Users\leo11\OneDrive\Desktop\HTWG\AIN\Semester5\Web-apps\web-tui\app\web\GuiStarter.scala. Using presentation compiler with project's scala-library version: 3.3.6
2025.10.16 09:57:14 INFO  no build target found for C:\Users\leo11\OneDrive\Desktop\HTWG\AIN\Semester5\Web-apps\web-tui\app\web\GuiStarter.scala. Using presentation compiler with project's scala-library version: 3.3.6
2025.10.16 09:57:15 INFO  no build target found for C:\Users\leo11\OneDrive\Desktop\HTWG\AIN\Semester5\Web-apps\web-tui\app\web\GuiStarter.scala. Using presentation compiler with project's scala-library version: 3.3.6
2025.10.16 09:57:15 INFO  no build target found for C:\Users\leo11\OneDrive\Desktop\HTWG\AIN\Semester5\Web-apps\web-tui\app\web\GuiStarter.scala. Using presentation compiler with project's scala-library version: 3.3.6
2025.10.16 09:57:15 INFO  no build target found for C:\Users\leo11\OneDrive\Desktop\HTWG\AIN\Semester5\Web-apps\web-tui\app\web\GuiStarter.scala. Using presentation compiler with project's scala-library version: 3.3.6
2025.10.16 09:57:16 INFO  no build target found for C:\Users\leo11\OneDrive\Desktop\HTWG\AIN\Semester5\Web-apps\web-tui\app\web\GuiStarter.scala. Using presentation compiler with project's scala-library version: 3.3.6
2025.10.16 09:57:16 INFO  no build target found for C:\Users\leo11\OneDrive\Desktop\HTWG\AIN\Semester5\Web-apps\web-tui\app\web\GuiStarter.scala. Using presentation compiler with project's scala-library version: 3.3.6
2025.10.16 09:57:16 INFO  no build target found for C:\Users\leo11\OneDrive\Desktop\HTWG\AIN\Semester5\Web-apps\web-tui\app\web\GuiStarter.scala. Using presentation compiler with project's scala-library version: 3.3.6
2025.10.16 09:57:18 INFO  no build target found for C:\Users\leo11\OneDrive\Desktop\HTWG\AIN\Semester5\Web-apps\web-tui\app\web\GuiStarter.scala. Using presentation compiler with project's scala-library version: 3.3.6
2025.10.16 09:57:18 INFO  no build target found for C:\Users\leo11\OneDrive\Desktop\HTWG\AIN\Semester5\Web-apps\web-tui\app\web\GuiStarter.scala. Using presentation compiler with project's scala-library version: 3.3.6
2025.10.16 09:57:18 INFO  no build target found for C:\Users\leo11\OneDrive\Desktop\HTWG\AIN\Semester5\Web-apps\web-tui\app\web\GuiStarter.scala. Using presentation compiler with project's scala-library version: 3.3.6
2025.10.16 09:57:19 INFO  no build target found for C:\Users\leo11\OneDrive\Desktop\HTWG\AIN\Semester5\Web-apps\web-tui\app\web\GuiStarter.scala. Using presentation compiler with project's scala-library version: 3.3.6
2025.10.16 09:57:29 INFO  no build target found for C:\Users\leo11\OneDrive\Desktop\HTWG\AIN\Semester5\Web-apps\web-tui\app\web\GuiStarter.scala. Using presentation compiler with project's scala-library version: 3.3.6
2025.10.16 09:57:29 INFO  no build target found for C:\Users\leo11\OneDrive\Desktop\HTWG\AIN\Semester5\Web-apps\web-tui\app\web\GuiStarter.scala. Using presentation compiler with project's scala-library version: 3.3.6
2025.10.16 09:57:29 INFO  no build target found for C:\Users\leo11\OneDrive\Desktop\HTWG\AIN\Semester5\Web-apps\web-tui\app\web\GuiStarter.scala. Using presentation compiler with project's scala-library version: 3.3.6
2025.10.16 09:57:34 INFO  no build target found for C:\Users\leo11\OneDrive\Desktop\HTWG\AIN\Semester5\Web-apps\web-tui\app\web\GuiStarter.scala. Using presentation compiler with project's scala-library version: 3.3.6
2025.10.16 09:57:34 INFO  no build target found for C:\Users\leo11\OneDrive\Desktop\HTWG\AIN\Semester5\Web-apps\web-tui\app\web\GuiStarter.scala. Using presentation compiler with project's scala-library version: 3.3.6
2025.10.16 09:57:34 INFO  no build target found for C:\Users\leo11\OneDrive\Desktop\HTWG\AIN\Semester5\Web-apps\web-tui\app\web\GuiStarter.scala. Using presentation compiler with project's scala-library version: 3.3.6
2025.10.16 09:57:35 INFO  no build target found for C:\Users\leo11\OneDrive\Desktop\HTWG\AIN\Semester5\Web-apps\web-tui\app\web\GuiStarter.scala. Using presentation compiler with project's scala-library version: 3.3.6
2025.10.16 09:57:37 INFO  no build target found for C:\Users\leo11\OneDrive\Desktop\HTWG\AIN\Semester5\Web-apps\web-tui\app\web\GuiStarter.scala. Using presentation compiler with project's scala-library version: 3.3.6
2025.10.16 09:57:37 WARN  no build target for: C:\Users\leo11\OneDrive\Desktop\HTWG\AIN\Semester5\Web-apps\web-tui\app\web\GuiStarter.scala
2025.10.16 09:57:37 INFO  no build target found for C:\Users\leo11\OneDrive\Desktop\HTWG\AIN\Semester5\Web-apps\web-tui\app\web\GuiStarter.scala. Using presentation compiler with project's scala-library version: 3.3.6
2025.10.16 09:57:50 INFO  no build target found for C:\Users\leo11\OneDrive\Desktop\HTWG\AIN\Semester5\Web-apps\web-tui\app\web\GuiStarter.scala. Using presentation compiler with project's scala-library version: 3.3.6
2025.10.16 09:57:52 INFO  no build target found for C:\Users\leo11\OneDrive\Desktop\HTWG\AIN\Semester5\Web-apps\web-tui\app\web\GuiStarter.scala. Using presentation compiler with project's scala-library version: 3.3.6
2025.10.16 09:57:53 INFO  no build target found for C:\Users\leo11\OneDrive\Desktop\HTWG\AIN\Semester5\Web-apps\web-tui\app\web\GuiStarter.scala. Using presentation compiler with project's scala-library version: 3.3.6
2025.10.16 09:57:53 INFO  no build target found for C:\Users\leo11\OneDrive\Desktop\HTWG\AIN\Semester5\Web-apps\web-tui\app\web\GuiStarter.scala. Using presentation compiler with project's scala-library version: 3.3.6
2025.10.16 09:57:54 INFO  no build target found for C:\Users\leo11\OneDrive\Desktop\HTWG\AIN\Semester5\Web-apps\web-tui\app\web\GuiStarter.scala. Using presentation compiler with project's scala-library version: 3.3.6
2025.10.16 09:57:57 INFO  no build target found for C:\Users\leo11\OneDrive\Desktop\HTWG\AIN\Semester5\Web-apps\web-tui\app\web\GuiStarter.scala. Using presentation compiler with project's scala-library version: 3.3.6
2025.10.16 09:57:57 INFO  no build target found for C:\Users\leo11\OneDrive\Desktop\HTWG\AIN\Semester5\Web-apps\web-tui\app\web\GuiStarter.scala. Using presentation compiler with project's scala-library version: 3.3.6
2025.10.16 09:57:57 INFO  no build target found for C:\Users\leo11\OneDrive\Desktop\HTWG\AIN\Semester5\Web-apps\web-tui\app\web\GuiStarter.scala. Using presentation compiler with project's scala-library version: 3.3.6
2025.10.16 09:57:57 INFO  no build target found for C:\Users\leo11\OneDrive\Desktop\HTWG\AIN\Semester5\Web-apps\web-tui\app\web\GuiStarter.scala. Using presentation compiler with project's scala-library version: 3.3.6
2025.10.16 09:57:59 INFO  no build target found for C:\Users\leo11\OneDrive\Desktop\HTWG\AIN\Semester5\Web-apps\web-tui\app\web\GuiStarter.scala. Using presentation compiler with project's scala-library version: 3.3.6
2025.10.16 09:57:59 WARN  no build target for: C:\Users\leo11\OneDrive\Desktop\HTWG\AIN\Semester5\Web-apps\web-tui\app\web\GuiStarter.scala
2025.10.16 09:57:59 INFO  no build target found for C:\Users\leo11\OneDrive\Desktop\HTWG\AIN\Semester5\Web-apps\web-tui\app\web\GuiStarter.scala. Using presentation compiler with project's scala-library version: 3.3.6
2025.10.16 09:58:16 INFO  no build target found for C:\Users\leo11\OneDrive\Desktop\HTWG\AIN\Semester5\Web-apps\web-tui\app\web\GuiStarter.scala. Using presentation compiler with project's scala-library version: 3.3.6
2025.10.16 10:00:19 INFO  no build target found for C:\Users\leo11\OneDrive\Desktop\HTWG\AIN\Semester5\Web-apps\web-tui\app\controllers\AdminController.scala. Using presentation compiler with project's scala-library version: 3.3.6
2025.10.16 10:00:19 WARN  no build target for: C:\Users\leo11\OneDrive\Desktop\HTWG\AIN\Semester5\Web-apps\web-tui\app\controllers\AdminController.scala
2025.10.16 10:00:20 INFO  no build target found for C:\Users\leo11\OneDrive\Desktop\HTWG\AIN\Semester5\Web-apps\web-tui\app\controllers\AdminController.scala. Using presentation compiler with project's scala-library version: 3.3.6
2025.10.16 10:00:19 INFO  no build target found for C:\Users\leo11\OneDrive\Desktop\HTWG\AIN\Semester5\Web-apps\web-tui\app\controllers\AdminController.scala. Using presentation compiler with project's scala-library version: 3.3.6
2025.10.16 10:00:22 INFO  no build target found for C:\Users\leo11\OneDrive\Desktop\HTWG\AIN\Semester5\Web-apps\web-tui\app\controllers\AdminController.scala. Using presentation compiler with project's scala-library version: 3.3.6
2025.10.16 10:00:22 INFO  no build target found for C:\Users\leo11\OneDrive\Desktop\HTWG\AIN\Semester5\Web-apps\web-tui\app\controllers\AdminController.scala. Using presentation compiler with project's scala-library version: 3.3.6
2025.10.16 10:00:27 WARN  no build target for: C:\Users\leo11\OneDrive\Desktop\HTWG\AIN\Semester5\Web-apps\web-tui\app\controllers\GameController.scala
2025.10.16 10:00:27 INFO  no build target found for C:\Users\leo11\OneDrive\Desktop\HTWG\AIN\Semester5\Web-apps\web-tui\app\controllers\GameController.scala. Using presentation compiler with project's scala-library version: 3.3.6
2025.10.16 10:00:27 INFO  no build target found for C:\Users\leo11\OneDrive\Desktop\HTWG\AIN\Semester5\Web-apps\web-tui\app\controllers\GameController.scala. Using presentation compiler with project's scala-library version: 3.3.6
2025.10.16 10:00:28 INFO  no build target found for C:\Users\leo11\OneDrive\Desktop\HTWG\AIN\Semester5\Web-apps\web-tui\app\controllers\GameController.scala. Using presentation compiler with project's scala-library version: 3.3.6
2025.10.16 10:00:28 INFO  no build target found for C:\Users\leo11\OneDrive\Desktop\HTWG\AIN\Semester5\Web-apps\web-tui\app\controllers\GameController.scala. Using presentation compiler with project's scala-library version: 3.3.6
2025.10.16 10:00:28 INFO  no build target found for C:\Users\leo11\OneDrive\Desktop\HTWG\AIN\Semester5\Web-apps\web-tui\app\controllers\GameController.scala. Using presentation compiler with project's scala-library version: 3.3.6
2025.10.16 10:00:30 INFO  no build target found for C:\Users\leo11\OneDrive\Desktop\HTWG\AIN\Semester5\Web-apps\web-tui\app\controllers\GameController.scala. Using presentation compiler with project's scala-library version: 3.3.6
2025.10.16 10:00:30 INFO  no build target found for C:\Users\leo11\OneDrive\Desktop\HTWG\AIN\Semester5\Web-apps\web-tui\app\controllers\GameController.scala. Using presentation compiler with project's scala-library version: 3.3.6
2025.10.16 10:00:30 INFO  no build target found for C:\Users\leo11\OneDrive\Desktop\HTWG\AIN\Semester5\Web-apps\web-tui\app\controllers\GameController.scala. Using presentation compiler with project's scala-library version: 3.3.6
2025.10.16 10:00:30 INFO  no build target found for C:\Users\leo11\OneDrive\Desktop\HTWG\AIN\Semester5\Web-apps\web-tui\app\controllers\GameController.scala. Using presentation compiler with project's scala-library version: 3.3.6
2025.10.16 10:00:32 WARN  no build target for: C:\Users\leo11\OneDrive\Desktop\HTWG\AIN\Semester5\Web-apps\web-tui\app\controllers\AdminController.scala
2025.10.16 10:00:32 INFO  no build target found for C:\Users\leo11\OneDrive\Desktop\HTWG\AIN\Semester5\Web-apps\web-tui\app\controllers\AdminController.scala. Using presentation compiler with project's scala-library version: 3.3.6
2025.10.16 10:00:32 INFO  no build target found for C:\Users\leo11\OneDrive\Desktop\HTWG\AIN\Semester5\Web-apps\web-tui\app\controllers\AdminController.scala. Using presentation compiler with project's scala-library version: 3.3.6
2025.10.16 10:00:32 INFO  no build target found for C:\Users\leo11\OneDrive\Desktop\HTWG\AIN\Semester5\Web-apps\web-tui\app\controllers\AdminController.scala. Using presentation compiler with project's scala-library version: 3.3.6
2025.10.16 10:00:32 INFO  no build target found for C:\Users\leo11\OneDrive\Desktop\HTWG\AIN\Semester5\Web-apps\web-tui\app\controllers\AdminController.scala. Using presentation compiler with project's scala-library version: 3.3.6
2025.10.16 10:00:33 INFO  no build target found for C:\Users\leo11\OneDrive\Desktop\HTWG\AIN\Semester5\Web-apps\web-tui\app\controllers\AdminController.scala. Using presentation compiler with project's scala-library version: 3.3.6
2025.10.16 10:00:33 INFO  no build target found for C:\Users\leo11\OneDrive\Desktop\HTWG\AIN\Semester5\Web-apps\web-tui\app\controllers\AdminController.scala. Using presentation compiler with project's scala-library version: 3.3.6
2025.10.16 10:00:34 INFO  no build target found for C:\Users\leo11\OneDrive\Desktop\HTWG\AIN\Semester5\Web-apps\web-tui\app\controllers\AdminController.scala. Using presentation compiler with project's scala-library version: 3.3.6
2025.10.16 10:00:34 INFO  no build target found for C:\Users\leo11\OneDrive\Desktop\HTWG\AIN\Semester5\Web-apps\web-tui\app\controllers\AdminController.scala. Using presentation compiler with project's scala-library version: 3.3.6
2025.10.16 10:00:33 INFO  no build target found for C:\Users\leo11\OneDrive\Desktop\HTWG\AIN\Semester5\Web-apps\web-tui\app\controllers\AdminController.scala. Using presentation compiler with project's scala-library version: 3.3.6
2025.10.16 10:00:34 INFO  no build target found for C:\Users\leo11\OneDrive\Desktop\HTWG\AIN\Semester5\Web-apps\web-tui\app\controllers\AdminController.scala. Using presentation compiler with project's scala-library version: 3.3.6
2025.10.16 10:00:34 INFO  no build target found for C:\Users\leo11\OneDrive\Desktop\HTWG\AIN\Semester5\Web-apps\web-tui\app\controllers\AdminController.scala. Using presentation compiler with project's scala-library version: 3.3.6
2025.10.16 10:00:34 INFO  no build target found for C:\Users\leo11\OneDrive\Desktop\HTWG\AIN\Semester5\Web-apps\web-tui\app\controllers\AdminController.scala. Using presentation compiler with project's scala-library version: 3.3.6
2025.10.16 10:00:36 INFO  no build target found for C:\Users\leo11\OneDrive\Desktop\HTWG\AIN\Semester5\Web-apps\web-tui\app\controllers\AdminController.scala. Using presentation compiler with project's scala-library version: 3.3.6
2025.10.16 10:00:36 WARN  no build target for: C:\Users\leo11\OneDrive\Desktop\HTWG\AIN\Semester5\Web-apps\web-tui\app\controllers\AdminController.scala
2025.10.16 10:00:36 INFO  no build target found for C:\Users\leo11\OneDrive\Desktop\HTWG\AIN\Semester5\Web-apps\web-tui\app\controllers\AdminController.scala. Using presentation compiler with project's scala-library version: 3.3.6
2025.10.16 10:06:22 INFO  no build target found for C:\Users\leo11\OneDrive\Desktop\HTWG\AIN\Semester5\Web-apps\web-tui\app\backend\Backend.scala. Using presentation compiler with project's scala-library version: 3.3.6
2025.10.16 10:06:22 WARN  no build target for: C:\Users\leo11\OneDrive\Desktop\HTWG\AIN\Semester5\Web-apps\web-tui\app\backend\Backend.scala
2025.10.16 10:06:22 INFO  no build target found for C:\Users\leo11\OneDrive\Desktop\HTWG\AIN\Semester5\Web-apps\web-tui\app\backend\Backend.scala. Using presentation compiler with project's scala-library version: 3.3.6
2025.10.16 10:06:22 INFO  no build target found for C:\Users\leo11\OneDrive\Desktop\HTWG\AIN\Semester5\Web-apps\web-tui\app\backend\Backend.scala. Using presentation compiler with project's scala-library version: 3.3.6
2025.10.16 10:06:24 INFO  no build target found for C:\Users\leo11\OneDrive\Desktop\HTWG\AIN\Semester5\Web-apps\web-tui\app\backend\Backend.scala. Using presentation compiler with project's scala-library version: 3.3.6
2025.10.16 10:06:24 INFO  no build target found for C:\Users\leo11\OneDrive\Desktop\HTWG\AIN\Semester5\Web-apps\web-tui\app\backend\Backend.scala. Using presentation compiler with project's scala-library version: 3.3.6
2025.10.16 10:06:25 INFO  no build target found for C:\Users\leo11\OneDrive\Desktop\HTWG\AIN\Semester5\Web-apps\web-tui\app\backend\Backend.scala. Using presentation compiler with project's scala-library version: 3.3.6
2025.10.16 10:06:25 INFO  no build target found for C:\Users\leo11\OneDrive\Desktop\HTWG\AIN\Semester5\Web-apps\web-tui\app\backend\Backend.scala. Using presentation compiler with project's scala-library version: 3.3.6
2025.10.16 10:06:26 WARN  no build target for: C:\Users\leo11\OneDrive\Desktop\HTWG\AIN\Semester5\Web-apps\web-tui\app\backend\Backend.scala
2025.10.16 10:06:26 INFO  no build target found for C:\Users\leo11\OneDrive\Desktop\HTWG\AIN\Semester5\Web-apps\web-tui\app\backend\Backend.scala. Using presentation compiler with project's scala-library version: 3.3.6
2025.10.16 10:06:44 WARN  no build target for: C:\Users\leo11\OneDrive\Desktop\HTWG\AIN\Semester5\Web-apps\web-tui\app\web\GuiStarter.scala
2025.10.16 10:06:44 INFO  no build target found for C:\Users\leo11\OneDrive\Desktop\HTWG\AIN\Semester5\Web-apps\web-tui\app\web\GuiStarter.scala. Using presentation compiler with project's scala-library version: 3.3.6
2025.10.16 10:06:44 INFO  no build target found for C:\Users\leo11\OneDrive\Desktop\HTWG\AIN\Semester5\Web-apps\web-tui\app\web\GuiStarter.scala. Using presentation compiler with project's scala-library version: 3.3.6
2025.10.16 10:06:44 INFO  no build target found for C:\Users\leo11\OneDrive\Desktop\HTWG\AIN\Semester5\Web-apps\web-tui\app\web\GuiStarter.scala. Using presentation compiler with project's scala-library version: 3.3.6
2025.10.16 10:06:44 INFO  no build target found for C:\Users\leo11\OneDrive\Desktop\HTWG\AIN\Semester5\Web-apps\web-tui\app\web\GuiStarter.scala. Using presentation compiler with project's scala-library version: 3.3.6
2025.10.16 10:06:47 INFO  no build target found for C:\Users\leo11\OneDrive\Desktop\HTWG\AIN\Semester5\Web-apps\web-tui\app\web\GuiStarter.scala. Using presentation compiler with project's scala-library version: 3.3.6
2025.10.16 10:06:47 INFO  no build target found for C:\Users\leo11\OneDrive\Desktop\HTWG\AIN\Semester5\Web-apps\web-tui\app\web\GuiStarter.scala. Using presentation compiler with project's scala-library version: 3.3.6
2025.10.16 10:06:48 INFO  no build target found for C:\Users\leo11\OneDrive\Desktop\HTWG\AIN\Semester5\Web-apps\web-tui\app\web\GuiStarter.scala. Using presentation compiler with project's scala-library version: 3.3.6
2025.10.16 10:06:48 INFO  no build target found for C:\Users\leo11\OneDrive\Desktop\HTWG\AIN\Semester5\Web-apps\web-tui\app\web\GuiStarter.scala. Using presentation compiler with project's scala-library version: 3.3.6
2025.10.16 10:06:48 INFO  no build target found for C:\Users\leo11\OneDrive\Desktop\HTWG\AIN\Semester5\Web-apps\web-tui\app\web\GuiStarter.scala. Using presentation compiler with project's scala-library version: 3.3.6
2025.10.16 10:06:48 INFO  no build target found for C:\Users\leo11\OneDrive\Desktop\HTWG\AIN\Semester5\Web-apps\web-tui\app\web\GuiStarter.scala. Using presentation compiler with project's scala-library version: 3.3.6
2025.10.16 10:06:51 WARN  no build target for: C:\Users\leo11\OneDrive\Desktop\HTWG\AIN\Semester5\Web-apps\web-tui\app\web\GuiStarter.scala
2025.10.16 10:06:51 INFO  no build target found for C:\Users\leo11\OneDrive\Desktop\HTWG\AIN\Semester5\Web-apps\web-tui\app\web\GuiStarter.scala. Using presentation compiler with project's scala-library version: 3.3.6
2025.10.16 10:06:52 INFO  no build target found for C:\Users\leo11\OneDrive\Desktop\HTWG\AIN\Semester5\Web-apps\web-tui\app\web\GuiStarter.scala. Using presentation compiler with project's scala-library version: 3.3.6
2025.10.16 10:06:52 INFO  no build target found for C:\Users\leo11\OneDrive\Desktop\HTWG\AIN\Semester5\Web-apps\web-tui\app\web\GuiStarter.scala. Using presentation compiler with project's scala-library version: 3.3.6
2025.10.16 10:07:32 WARN  no build target for: C:\Users\leo11\OneDrive\Desktop\HTWG\AIN\Semester5\Web-apps\web-tui\app\controllers\AdminController.scala
2025.10.16 10:07:32 INFO  no build target found for C:\Users\leo11\OneDrive\Desktop\HTWG\AIN\Semester5\Web-apps\web-tui\app\controllers\AdminController.scala. Using presentation compiler with project's scala-library version: 3.3.6
2025.10.16 10:07:32 INFO  no build target found for C:\Users\leo11\OneDrive\Desktop\HTWG\AIN\Semester5\Web-apps\web-tui\app\controllers\AdminController.scala. Using presentation compiler with project's scala-library version: 3.3.6
2025.10.16 10:07:32 INFO  no build target found for C:\Users\leo11\OneDrive\Desktop\HTWG\AIN\Semester5\Web-apps\web-tui\app\controllers\AdminController.scala. Using presentation compiler with project's scala-library version: 3.3.6
2025.10.16 10:07:32 INFO  no build target found for C:\Users\leo11\OneDrive\Desktop\HTWG\AIN\Semester5\Web-apps\web-tui\app\controllers\AdminController.scala. Using presentation compiler with project's scala-library version: 3.3.6
2025.10.16 10:07:33 INFO  no build target found for C:\Users\leo11\OneDrive\Desktop\HTWG\AIN\Semester5\Web-apps\web-tui\app\controllers\AdminController.scala. Using presentation compiler with project's scala-library version: 3.3.6
2025.10.16 10:07:32 INFO  no build target found for C:\Users\leo11\OneDrive\Desktop\HTWG\AIN\Semester5\Web-apps\web-tui\app\controllers\AdminController.scala. Using presentation compiler with project's scala-library version: 3.3.6
2025.10.16 10:07:35 INFO  no build target found for C:\Users\leo11\OneDrive\Desktop\HTWG\AIN\Semester5\Web-apps\web-tui\app\controllers\AdminController.scala. Using presentation compiler with project's scala-library version: 3.3.6
2025.10.16 10:07:36 INFO  no build target found for C:\Users\leo11\OneDrive\Desktop\HTWG\AIN\Semester5\Web-apps\web-tui\app\controllers\AdminController.scala. Using presentation compiler with project's scala-library version: 3.3.6
2025.10.16 10:07:37 INFO  no build target found for C:\Users\leo11\OneDrive\Desktop\HTWG\AIN\Semester5\Web-apps\web-tui\app\controllers\AdminController.scala. Using presentation compiler with project's scala-library version: 3.3.6
2025.10.16 10:07:37 INFO  no build target found for C:\Users\leo11\OneDrive\Desktop\HTWG\AIN\Semester5\Web-apps\web-tui\app\controllers\AdminController.scala. Using presentation compiler with project's scala-library version: 3.3.6
2025.10.16 10:07:37 INFO  Created report: Optional[file:///C:/Users/leo11/OneDrive/Desktop/HTWG/AIN/Semester5/Web-apps/web-tui/app/controllers/AdminController.scala]
2025.10.16 10:07:37 INFO  empty definition using pc, found symbol in pc: `<none>`. (full report at: "C:\Users\leo11\OneDrive\Desktop\HTWG\AIN\Semester5\Web-apps\web-tui\.metals\.reports\metals-full\2025-10-16\r_empty-definition_10-07-37-712.md")
2025.10.16 10:07:37 INFO  no build target found for C:\Users\leo11\OneDrive\Desktop\HTWG\AIN\Semester5\Web-apps\web-tui\app\controllers\AdminController.scala. Using presentation compiler with project's scala-library version: 3.3.6
2025.10.16 10:07:37 INFO  no build target found for C:\Users\leo11\OneDrive\Desktop\HTWG\AIN\Semester5\Web-apps\web-tui\app\controllers\AdminController.scala. Using presentation compiler with project's scala-library version: 3.3.6
2025.10.16 10:07:38 INFO  no build target found for C:\Users\leo11\OneDrive\Desktop\HTWG\AIN\Semester5\Web-apps\web-tui\app\controllers\AdminController.scala. Using presentation compiler with project's scala-library version: 3.3.6
2025.10.16 10:07:37 INFO  no build target found for C:\Users\leo11\OneDrive\Desktop\HTWG\AIN\Semester5\Web-apps\web-tui\app\controllers\AdminController.scala. Using presentation compiler with project's scala-library version: 3.3.6
2025.10.16 10:07:38 INFO  no build target found for C:\Users\leo11\OneDrive\Desktop\HTWG\AIN\Semester5\Web-apps\web-tui\app\controllers\AdminController.scala. Using presentation compiler with project's scala-library version: 3.3.6
2025.10.16 10:07:40 INFO  no build target found for C:\Users\leo11\OneDrive\Desktop\HTWG\AIN\Semester5\Web-apps\web-tui\app\controllers\AdminController.scala. Using presentation compiler with project's scala-library version: 3.3.6
2025.10.16 10:07:40 WARN  no build target for: C:\Users\leo11\OneDrive\Desktop\HTWG\AIN\Semester5\Web-apps\web-tui\app\controllers\AdminController.scala
2025.10.16 10:07:40 INFO  no build target found for C:\Users\leo11\OneDrive\Desktop\HTWG\AIN\Semester5\Web-apps\web-tui\app\controllers\AdminController.scala. Using presentation compiler with project's scala-library version: 3.3.6
2025.10.16 10:07:50 INFO  no build target found for C:\Users\leo11\OneDrive\Desktop\HTWG\AIN\Semester5\Web-apps\web-tui\app\controllers\AdminController.scala. Using presentation compiler with project's scala-library version: 3.3.6
2025.10.16 10:13:17 INFO  no build target found for C:\Users\leo11\OneDrive\Desktop\HTWG\AIN\Semester5\Web-apps\web-tui\app\controllers\APIController.scala. Using presentation compiler with project's scala-library version: 3.3.6
2025.10.16 10:13:17 INFO  no build target found for C:\Users\leo11\OneDrive\Desktop\HTWG\AIN\Semester5\Web-apps\web-tui\app\controllers\APIController.scala. Using presentation compiler with project's scala-library version: 3.3.6
2025.10.16 10:13:17 WARN  no build target for: C:\Users\leo11\OneDrive\Desktop\HTWG\AIN\Semester5\Web-apps\web-tui\app\controllers\APIController.scala
2025.10.16 10:13:17 WARN  no build target for: C:\Users\leo11\OneDrive\Desktop\HTWG\AIN\Semester5\Web-apps\web-tui\app\controllers\APIController.scala
2025.10.16 10:13:17 INFO  no build target found for C:\Users\leo11\OneDrive\Desktop\HTWG\AIN\Semester5\Web-apps\web-tui\app\controllers\APIController.scala. Using presentation compiler with project's scala-library version: 3.3.6
2025.10.16 10:13:17 WARN  Could not find semantic tokens for: file:///C:/Users/leo11/OneDrive/Desktop/HTWG/AIN/Semester5/Web-apps/web-tui/app/controllers/APIController.scala
2025.10.16 10:13:22 INFO  no build target found for C:\Users\leo11\OneDrive\Desktop\HTWG\AIN\Semester5\Web-apps\web-tui\app\controllers\APIController.scala. Using presentation compiler with project's scala-library version: 3.3.6
2025.10.16 10:13:22 INFO  no build target found for C:\Users\leo11\OneDrive\Desktop\HTWG\AIN\Semester5\Web-apps\web-tui\app\controllers\APIController.scala. Using presentation compiler with project's scala-library version: 3.3.6
2025.10.16 10:13:22 INFO  no build target found for C:\Users\leo11\OneDrive\Desktop\HTWG\AIN\Semester5\Web-apps\web-tui\app\controllers\APIController.scala. Using presentation compiler with project's scala-library version: 3.3.6
2025.10.16 10:13:23 WARN  no build target for: C:\Users\leo11\OneDrive\Desktop\HTWG\AIN\Semester5\Web-apps\web-tui\app\controllers\APIController.scala
2025.10.16 10:13:23 INFO  no build target found for C:\Users\leo11\OneDrive\Desktop\HTWG\AIN\Semester5\Web-apps\web-tui\app\controllers\APIController.scala. Using presentation compiler with project's scala-library version: 3.3.6
2025.10.16 10:15:01 INFO  no build target found for C:\Users\leo11\OneDrive\Desktop\HTWG\AIN\Semester5\Web-apps\web-tui\main\WebLog.scala. Using presentation compiler with project's scala-library version: 3.3.6
2025.10.16 10:15:01 WARN  no build target for: C:\Users\leo11\OneDrive\Desktop\HTWG\AIN\Semester5\Web-apps\web-tui\main\WebLog.scala
2025.10.16 10:15:01 INFO  no build target found for C:\Users\leo11\OneDrive\Desktop\HTWG\AIN\Semester5\Web-apps\web-tui\main\WebLog.scala. Using presentation compiler with project's scala-library version: 3.3.6
2025.10.16 10:15:01 WARN  Could not find semantic tokens for: file:///C:/Users/leo11/OneDrive/Desktop/HTWG/AIN/Semester5/Web-apps/web-tui/main/WebLog.scala
2025.10.16 10:15:01 INFO  no build target found for C:\Users\leo11\OneDrive\Desktop\HTWG\AIN\Semester5\Web-apps\web-tui\main\WebLog.scala. Using presentation compiler with project's scala-library version: 3.3.6
2025.10.16 10:15:01 WARN  Could not find semantic tokens for: file:///C:/Users/leo11/OneDrive/Desktop/HTWG/AIN/Semester5/Web-apps/web-tui/main/WebLog.scala
2025.10.16 10:15:08 INFO  no build target found for C:\Users\leo11\OneDrive\Desktop\HTWG\AIN\Semester5\Web-apps\web-tui\main\WebLog.scala. Using presentation compiler with project's scala-library version: 3.3.6
2025.10.16 10:15:08 INFO  no build target found for C:\Users\leo11\OneDrive\Desktop\HTWG\AIN\Semester5\Web-apps\web-tui\main\WebLog.scala. Using presentation compiler with project's scala-library version: 3.3.6
2025.10.16 10:15:08 INFO  no build target found for C:\Users\leo11\OneDrive\Desktop\HTWG\AIN\Semester5\Web-apps\web-tui\main\WebLog.scala. Using presentation compiler with project's scala-library version: 3.3.6
2025.10.16 10:15:11 WARN  no build target for: C:\Users\leo11\OneDrive\Desktop\HTWG\AIN\Semester5\Web-apps\web-tui\main\WebLog.scala
2025.10.16 10:15:11 INFO  no build target found for C:\Users\leo11\OneDrive\Desktop\HTWG\AIN\Semester5\Web-apps\web-tui\main\WebLog.scala. Using presentation compiler with project's scala-library version: 3.3.6
2025.10.16 10:16:51 INFO  no build target found for c:\Users\leo11\OneDrive\Desktop\HTWG\AIN\Semester5\Web-apps\web-tui\main\WebLog.scala. Using presentation compiler with project's scala-library version: 3.3.6
2025.10.16 10:16:51 WARN  no build target for: C:\Users\leo11\OneDrive\Desktop\HTWG\AIN\Semester5\Web-apps\web-tui\app\controllers\APIController.scala
2025.10.16 10:16:51 INFO  no build target found for C:\Users\leo11\OneDrive\Desktop\HTWG\AIN\Semester5\Web-apps\web-tui\app\controllers\APIController.scala. Using presentation compiler with project's scala-library version: 3.3.6
2025.10.16 10:16:51 INFO  no build target found for C:\Users\leo11\OneDrive\Desktop\HTWG\AIN\Semester5\Web-apps\web-tui\app\controllers\APIController.scala. Using presentation compiler with project's scala-library version: 3.3.6
2025.10.16 10:22:47 INFO  no build target found for C:\Users\leo11\OneDrive\Desktop\HTWG\AIN\Semester5\Web-apps\web-tui\app\controllers\APIController.scala. Using presentation compiler with project's scala-library version: 3.3.6
2025.10.16 10:22:51 INFO  no build target found for C:\Users\leo11\OneDrive\Desktop\HTWG\AIN\Semester5\Web-apps\web-tui\app\controllers\GameController.scala. Using presentation compiler with project's scala-library version: 3.3.6
2025.10.16 10:22:51 WARN  no build target for: C:\Users\leo11\OneDrive\Desktop\HTWG\AIN\Semester5\Web-apps\web-tui\app\controllers\GameController.scala
2025.10.16 10:22:51 INFO  no build target found for C:\Users\leo11\OneDrive\Desktop\HTWG\AIN\Semester5\Web-apps\web-tui\app\controllers\GameController.scala. Using presentation compiler with project's scala-library version: 3.3.6
2025.10.16 10:22:51 INFO  no build target found for C:\Users\leo11\OneDrive\Desktop\HTWG\AIN\Semester5\Web-apps\web-tui\app\controllers\GameController.scala. Using presentation compiler with project's scala-library version: 3.3.6
2025.10.16 10:22:52 INFO  no build target found for C:\Users\leo11\OneDrive\Desktop\HTWG\AIN\Semester5\Web-apps\web-tui\app\controllers\GameController.scala. Using presentation compiler with project's scala-library version: 3.3.6
2025.10.16 10:25:19 INFO  no build target found for C:\Users\leo11\OneDrive\Desktop\HTWG\AIN\Semester5\Web-apps\web-tui\app\controllers\GameController.scala. Using presentation compiler with project's scala-library version: 3.3.6
2025.10.16 11:03:26 WARN  no build target for: C:\Users\leo11\OneDrive\Desktop\HTWG\AIN\Semester5\Web-apps\web-tui\build.sbt
2025.10.16 11:03:26 INFO  no build target found for C:\Users\leo11\OneDrive\Desktop\HTWG\AIN\Semester5\Web-apps\web-tui\build.sbt. Using presentation compiler with project's scala-library version: 3.3.6
2025.10.16 11:03:26 INFO  no build target found for C:\Users\leo11\OneDrive\Desktop\HTWG\AIN\Semester5\Web-apps\web-tui\build.sbt. Using presentation compiler with project's scala-library version: 3.3.6
Oct 16, 2025 11:03:26 AM org.eclipse.lsp4j.jsonrpc.RemoteEndpoint handleCancellation
WARNING: Unmatched cancel notification for request id 1951
2025.10.16 11:05:15 INFO  Shutting down server
2025.10.16 11:05:15 INFO  shutting down Metals
2025.10.16 11:05:15 INFO  Exiting server
2025.10.19 16:59:09 INFO  Started: Metals version 1.6.3 in folders 'C:\Users\leo11\OneDrive\Desktop\HTWG\AIN\Semester5\Web-apps\play-server\ProjektMemory' for client Visual Studio Code 1.105.1.
2025.10.19 16:59:12 WARN  Using H2 2.4.240 which is newer than the version Flyway has been verified with. The latest verified version of H2 is 2.3.232.
2025.10.19 16:59:27 WARN  Build server is not auto-connectable.
2025.10.19 17:11:38 INFO  Shutting down server
2025.10.19 17:11:38 INFO  shutting down Metals
2025.10.19 17:11:38 INFO  Exiting server
2025.10.22 10:44:56 INFO  Started: Metals version 1.6.3 in folders 'C:\Users\leo11\OneDrive\Desktop\HTWG\AIN\Semester5\Web-apps\play-server\ProjektMemory' for client Visual Studio Code 1.105.1.
2025.10.22 10:44:58 WARN  Using H2 2.4.240 which is newer than the version Flyway has been verified with. The latest verified version of H2 is 2.3.232.
2025.10.22 10:45:10 WARN  Build server is not auto-connectable.
2025.10.22 10:49:54 INFO  no build target found for C:\Users\leo11\OneDrive\Desktop\HTWG\AIN\Semester5\Web-apps\play-server\ProjektMemory\app\views\explanation.scala.html.scala. Using presentation compiler with project's scala-library version: 3.3.6
2025.10.22 10:49:59 INFO  no build target found for C:\Users\leo11\OneDrive\Desktop\HTWG\AIN\Semester5\Web-apps\play-server\ProjektMemory\app\views\explanation.scala.html.scala. Using presentation compiler with project's scala-library version: 3.3.6
2025.10.22 10:49:59 WARN  no build target for: C:\Users\leo11\OneDrive\Desktop\HTWG\AIN\Semester5\Web-apps\play-server\ProjektMemory\app\views\explanation.scala.html.scala
2025.10.22 10:49:59 WARN  no build target for: C:\Users\leo11\OneDrive\Desktop\HTWG\AIN\Semester5\Web-apps\play-server\ProjektMemory\app\views\explanation.scala.html.scala
2025.10.22 10:49:59 INFO  no build target found for C:\Users\leo11\OneDrive\Desktop\HTWG\AIN\Semester5\Web-apps\play-server\ProjektMemory\app\views\explanation.scala.html.scala. Using presentation compiler with project's scala-library version: 3.3.6
2025.10.22 10:50:03 WARN  Could not find semantic tokens for: file:///C:/Users/leo11/OneDrive/Desktop/HTWG/AIN/Semester5/Web-apps/play-server/ProjektMemory/app/views/explanation.scala.html.scala
2025.10.22 10:50:04 INFO  no build target found for c:\Users\leo11\OneDrive\Desktop\HTWG\AIN\Semester5\Web-apps\play-server\ProjektMemory\app\views\explanation.scala.html.scala. Using presentation compiler with project's scala-library version: 3.3.6
Oct 22, 2025 10:52:16 AM org.eclipse.lsp4j.jsonrpc.RemoteEndpoint handleNotification
WARNING: Notification threw an exception: {
  "jsonrpc": "2.0",
  "method": "metals/didFocusTextDocument",
  "params": [
    "vscode-chat-code-block://9d86420a-f977-47bd-9cb3-bb6f32bd6cb3/response_d5681d28-71c2-4450-a89f-01fac3bb0217/4#%7B%22references%22%3A%5B%5D%7D"
  ]
}
java.nio.file.FileSystemNotFoundException: Provider "vscode-chat-code-block" not installed
	at java.base/java.nio.file.Path.of(Path.java:213)
	at java.base/java.nio.file.Paths.get(Paths.java:98)
	at scala.meta.internal.mtags.MtagsEnrichments$XtensionURIMtags.toAbsolutePath(MtagsEnrichments.scala:149)
	at scala.meta.internal.mtags.MtagsEnrichments$XtensionStringMtags.toAbsolutePath(MtagsEnrichments.scala:209)
	at scala.meta.internal.metals.MetalsEnrichments$XtensionString.toAbsolutePath(MetalsEnrichments.scala:796)
	at scala.meta.internal.metals.MetalsEnrichments$XtensionString.toAbsolutePath(MetalsEnrichments.scala:793)
	at scala.meta.internal.metals.WorkspaceLspService.didFocus(WorkspaceLspService.scala:786)
	at scala.meta.metals.lsp.DelegatingScalaService.didFocus(DelegatingScalaService.scala:42)
	at java.base/jdk.internal.reflect.DirectMethodHandleAccessor.invoke(DirectMethodHandleAccessor.java:103)
	at java.base/java.lang.reflect.Method.invoke(Method.java:580)
	at org.eclipse.lsp4j.jsonrpc.services.GenericEndpoint.lambda$recursiveFindRpcMethods$0(GenericEndpoint.java:65)
	at org.eclipse.lsp4j.jsonrpc.services.GenericEndpoint.notify(GenericEndpoint.java:160)
	at org.eclipse.lsp4j.jsonrpc.RemoteEndpoint.handleNotification(RemoteEndpoint.java:231)
	at org.eclipse.lsp4j.jsonrpc.RemoteEndpoint.consume(RemoteEndpoint.java:198)
	at org.eclipse.lsp4j.jsonrpc.json.StreamMessageProducer.handleMessage(StreamMessageProducer.java:185)
	at org.eclipse.lsp4j.jsonrpc.json.StreamMessageProducer.listen(StreamMessageProducer.java:97)
	at org.eclipse.lsp4j.jsonrpc.json.ConcurrentMessageProcessor.run(ConcurrentMessageProcessor.java:114)
	at java.base/java.util.concurrent.Executors$RunnableAdapter.call(Executors.java:572)
	at java.base/java.util.concurrent.FutureTask.run(FutureTask.java:317)
	at java.base/java.util.concurrent.ThreadPoolExecutor.runWorker(ThreadPoolExecutor.java:1144)
	at java.base/java.util.concurrent.ThreadPoolExecutor$Worker.run(ThreadPoolExecutor.java:642)
	at java.base/java.lang.Thread.run(Thread.java:1570)

2025.10.22 10:52:30 INFO  no build target found for C:\Users\leo11\OneDrive\Desktop\HTWG\AIN\Semester5\Web-apps\play-server\ProjektMemory\app\controllers\HomeController.scala. Using presentation compiler with project's scala-library version: 3.3.6
2025.10.22 10:52:30 WARN  no build target for: C:\Users\leo11\OneDrive\Desktop\HTWG\AIN\Semester5\Web-apps\play-server\ProjektMemory\app\controllers\HomeController.scala
2025.10.22 10:52:30 INFO  no build target found for C:\Users\leo11\OneDrive\Desktop\HTWG\AIN\Semester5\Web-apps\play-server\ProjektMemory\app\controllers\HomeController.scala. Using presentation compiler with project's scala-library version: 3.3.6
2025.10.22 10:52:31 INFO  no build target found for C:\Users\leo11\OneDrive\Desktop\HTWG\AIN\Semester5\Web-apps\play-server\ProjektMemory\app\controllers\HomeController.scala. Using presentation compiler with project's scala-library version: 3.3.6
2025.10.22 10:52:32 INFO  time: code lens generation in 1.61s
2025.10.22 10:52:34 INFO  no build target found for C:\Users\leo11\OneDrive\Desktop\HTWG\AIN\Semester5\Web-apps\play-server\ProjektMemory\app\controllers\HomeController.scala. Using presentation compiler with project's scala-library version: 3.3.6
2025.10.22 10:52:36 INFO  no build target found for C:\Users\leo11\OneDrive\Desktop\HTWG\AIN\Semester5\Web-apps\play-server\ProjektMemory\app\controllers\HomeController.scala. Using presentation compiler with project's scala-library version: 3.3.6
2025.10.22 10:52:36 INFO  no build target found for C:\Users\leo11\OneDrive\Desktop\HTWG\AIN\Semester5\Web-apps\play-server\ProjektMemory\app\controllers\HomeController.scala. Using presentation compiler with project's scala-library version: 3.3.6
2025.10.22 10:52:38 INFO  no build target found for C:\Users\leo11\OneDrive\Desktop\HTWG\AIN\Semester5\Web-apps\play-server\ProjektMemory\app\controllers\HomeController.scala. Using presentation compiler with project's scala-library version: 3.3.6
2025.10.22 10:52:38 INFO  no build target found for C:\Users\leo11\OneDrive\Desktop\HTWG\AIN\Semester5\Web-apps\play-server\ProjektMemory\app\controllers\HomeController.scala. Using presentation compiler with project's scala-library version: 3.3.6
2025.10.22 10:52:39 INFO  no build target found for C:\Users\leo11\OneDrive\Desktop\HTWG\AIN\Semester5\Web-apps\play-server\ProjektMemory\app\controllers\HomeController.scala. Using presentation compiler with project's scala-library version: 3.3.6
2025.10.22 10:52:39 INFO  no build target found for C:\Users\leo11\OneDrive\Desktop\HTWG\AIN\Semester5\Web-apps\play-server\ProjektMemory\app\controllers\HomeController.scala. Using presentation compiler with project's scala-library version: 3.3.6
Oct 22, 2025 10:52:39 AM org.eclipse.lsp4j.jsonrpc.RemoteEndpoint fallbackResponseError
SEVERE: Internal error: Provider "vscode-chat-code-block" not installed
java.nio.file.FileSystemNotFoundException: Provider "vscode-chat-code-block" not installed
	at java.base/java.nio.file.Path.of(Path.java:213)
	at java.base/java.nio.file.Paths.get(Paths.java:98)
	at scala.meta.internal.mtags.MtagsEnrichments$XtensionURIMtags.toAbsolutePath(MtagsEnrichments.scala:149)
	at scala.meta.internal.mtags.MtagsEnrichments$XtensionStringMtags.toAbsolutePath(MtagsEnrichments.scala:209)
	at scala.meta.internal.metals.MetalsEnrichments$XtensionString.toAbsolutePath(MetalsEnrichments.scala:796)
	at scala.meta.internal.metals.MetalsEnrichments$XtensionString.toAbsolutePath(MetalsEnrichments.scala:793)
	at scala.meta.internal.metals.WorkspaceLspService.executeCommand(WorkspaceLspService.scala:1228)
	at scala.meta.metals.lsp.DelegatingScalaService.executeCommand(DelegatingScalaService.scala:169)
	at java.base/jdk.internal.reflect.DirectMethodHandleAccessor.invoke(DirectMethodHandleAccessor.java:103)
	at java.base/java.lang.reflect.Method.invoke(Method.java:580)
	at org.eclipse.lsp4j.jsonrpc.services.GenericEndpoint.lambda$recursiveFindRpcMethods$0(GenericEndpoint.java:65)
	at org.eclipse.lsp4j.jsonrpc.services.GenericEndpoint.request(GenericEndpoint.java:128)
	at org.eclipse.lsp4j.jsonrpc.RemoteEndpoint.handleRequest(RemoteEndpoint.java:271)
	at org.eclipse.lsp4j.jsonrpc.RemoteEndpoint.consume(RemoteEndpoint.java:201)
	at org.eclipse.lsp4j.jsonrpc.json.StreamMessageProducer.handleMessage(StreamMessageProducer.java:185)
	at org.eclipse.lsp4j.jsonrpc.json.StreamMessageProducer.listen(StreamMessageProducer.java:97)
	at org.eclipse.lsp4j.jsonrpc.json.ConcurrentMessageProcessor.run(ConcurrentMessageProcessor.java:114)
	at java.base/java.util.concurrent.Executors$RunnableAdapter.call(Executors.java:572)
	at java.base/java.util.concurrent.FutureTask.run(FutureTask.java:317)
	at java.base/java.util.concurrent.ThreadPoolExecutor.runWorker(ThreadPoolExecutor.java:1144)
	at java.base/java.util.concurrent.ThreadPoolExecutor$Worker.run(ThreadPoolExecutor.java:642)
	at java.base/java.lang.Thread.run(Thread.java:1570)

2025.10.22 10:52:39 INFO  no build target found for C:\Users\leo11\OneDrive\Desktop\HTWG\AIN\Semester5\Web-apps\play-server\ProjektMemory\app\controllers\HomeController.scala. Using presentation compiler with project's scala-library version: 3.3.6
2025.10.22 10:52:40 INFO  no build target found for C:\Users\leo11\OneDrive\Desktop\HTWG\AIN\Semester5\Web-apps\play-server\ProjektMemory\app\controllers\HomeController.scala. Using presentation compiler with project's scala-library version: 3.3.6
2025.10.22 10:52:41 INFO  no build target found for C:\Users\leo11\OneDrive\Desktop\HTWG\AIN\Semester5\Web-apps\play-server\ProjektMemory\app\controllers\HomeController.scala. Using presentation compiler with project's scala-library version: 3.3.6
2025.10.22 10:52:42 WARN  no build target for: C:\Users\leo11\OneDrive\Desktop\HTWG\AIN\Semester5\Web-apps\play-server\ProjektMemory\app\controllers\HomeController.scala
2025.10.22 10:52:42 INFO  no build target found for C:\Users\leo11\OneDrive\Desktop\HTWG\AIN\Semester5\Web-apps\play-server\ProjektMemory\app\controllers\HomeController.scala. Using presentation compiler with project's scala-library version: 3.3.6
Oct 22, 2025 10:55:43 AM org.eclipse.lsp4j.jsonrpc.RemoteEndpoint handleNotification
WARNING: Notification threw an exception: {
  "jsonrpc": "2.0",
  "method": "metals/didFocusTextDocument",
  "params": [
    "vscode-chat-code-block://9d86420a-f977-47bd-9cb3-bb6f32bd6cb3/response_aa759c31-f0a5-40bb-8ec0-42c6e6b1728d/1#%7B%22references%22%3A%5B%5D%7D"
  ]
}
java.nio.file.FileSystemNotFoundException: Provider "vscode-chat-code-block" not installed
	at java.base/java.nio.file.Path.of(Path.java:213)
	at java.base/java.nio.file.Paths.get(Paths.java:98)
	at scala.meta.internal.mtags.MtagsEnrichments$XtensionURIMtags.toAbsolutePath(MtagsEnrichments.scala:149)
	at scala.meta.internal.mtags.MtagsEnrichments$XtensionStringMtags.toAbsolutePath(MtagsEnrichments.scala:209)
	at scala.meta.internal.metals.MetalsEnrichments$XtensionString.toAbsolutePath(MetalsEnrichments.scala:796)
	at scala.meta.internal.metals.MetalsEnrichments$XtensionString.toAbsolutePath(MetalsEnrichments.scala:793)
	at scala.meta.internal.metals.WorkspaceLspService.didFocus(WorkspaceLspService.scala:786)
	at scala.meta.metals.lsp.DelegatingScalaService.didFocus(DelegatingScalaService.scala:42)
	at java.base/jdk.internal.reflect.DirectMethodHandleAccessor.invoke(DirectMethodHandleAccessor.java:103)
	at java.base/java.lang.reflect.Method.invoke(Method.java:580)
	at org.eclipse.lsp4j.jsonrpc.services.GenericEndpoint.lambda$recursiveFindRpcMethods$0(GenericEndpoint.java:65)
	at org.eclipse.lsp4j.jsonrpc.services.GenericEndpoint.notify(GenericEndpoint.java:160)
	at org.eclipse.lsp4j.jsonrpc.RemoteEndpoint.handleNotification(RemoteEndpoint.java:231)
	at org.eclipse.lsp4j.jsonrpc.RemoteEndpoint.consume(RemoteEndpoint.java:198)
	at org.eclipse.lsp4j.jsonrpc.json.StreamMessageProducer.handleMessage(StreamMessageProducer.java:185)
	at org.eclipse.lsp4j.jsonrpc.json.StreamMessageProducer.listen(StreamMessageProducer.java:97)
	at org.eclipse.lsp4j.jsonrpc.json.ConcurrentMessageProcessor.run(ConcurrentMessageProcessor.java:114)
	at java.base/java.util.concurrent.Executors$RunnableAdapter.call(Executors.java:572)
	at java.base/java.util.concurrent.FutureTask.run(FutureTask.java:317)
	at java.base/java.util.concurrent.ThreadPoolExecutor.runWorker(ThreadPoolExecutor.java:1144)
	at java.base/java.util.concurrent.ThreadPoolExecutor$Worker.run(ThreadPoolExecutor.java:642)
	at java.base/java.lang.Thread.run(Thread.java:1570)

2025.10.22 10:55:50 INFO  no build target found for C:\Users\leo11\OneDrive\Desktop\HTWG\AIN\Semester5\Web-apps\play-server\ProjektMemory\app\controllers\HomeController.scala. Using presentation compiler with project's scala-library version: 3.3.6
2025.10.22 10:55:51 WARN  no build target for: C:\Users\leo11\OneDrive\Desktop\HTWG\AIN\Semester5\Web-apps\play-server\ProjektMemory\app\controllers\HomeController.scala
2025.10.22 10:55:51 INFO  no build target found for C:\Users\leo11\OneDrive\Desktop\HTWG\AIN\Semester5\Web-apps\play-server\ProjektMemory\app\controllers\HomeController.scala. Using presentation compiler with project's scala-library version: 3.3.6
2025.10.22 10:55:51 INFO  no build target found for C:\Users\leo11\OneDrive\Desktop\HTWG\AIN\Semester5\Web-apps\play-server\ProjektMemory\app\controllers\HomeController.scala. Using presentation compiler with project's scala-library version: 3.3.6
2025.10.22 10:55:51 INFO  no build target found for C:\Users\leo11\OneDrive\Desktop\HTWG\AIN\Semester5\Web-apps\play-server\ProjektMemory\app\controllers\HomeController.scala. Using presentation compiler with project's scala-library version: 3.3.6
2025.10.22 10:55:52 INFO  no build target found for C:\Users\leo11\OneDrive\Desktop\HTWG\AIN\Semester5\Web-apps\play-server\ProjektMemory\app\controllers\HomeController.scala. Using presentation compiler with project's scala-library version: 3.3.6
2025.10.22 10:55:53 INFO  no build target found for C:\Users\leo11\OneDrive\Desktop\HTWG\AIN\Semester5\Web-apps\play-server\ProjektMemory\app\controllers\HomeController.scala. Using presentation compiler with project's scala-library version: 3.3.6
Oct 22, 2025 10:55:53 AM org.eclipse.lsp4j.jsonrpc.RemoteEndpoint fallbackResponseError
SEVERE: Internal error: Provider "vscode-chat-code-block" not installed
java.nio.file.FileSystemNotFoundException: Provider "vscode-chat-code-block" not installed
	at java.base/java.nio.file.Path.of(Path.java:213)
	at java.base/java.nio.file.Paths.get(Paths.java:98)
	at scala.meta.internal.mtags.MtagsEnrichments$XtensionURIMtags.toAbsolutePath(MtagsEnrichments.scala:149)
	at scala.meta.internal.mtags.MtagsEnrichments$XtensionStringMtags.toAbsolutePath(MtagsEnrichments.scala:209)
	at scala.meta.internal.metals.MetalsEnrichments$XtensionString.toAbsolutePath(MetalsEnrichments.scala:796)
	at scala.meta.internal.metals.MetalsEnrichments$XtensionString.toAbsolutePath(MetalsEnrichments.scala:793)
	at scala.meta.internal.metals.WorkspaceLspService.executeCommand(WorkspaceLspService.scala:1228)
	at scala.meta.metals.lsp.DelegatingScalaService.executeCommand(DelegatingScalaService.scala:169)
	at java.base/jdk.internal.reflect.DirectMethodHandleAccessor.invoke(DirectMethodHandleAccessor.java:103)
	at java.base/java.lang.reflect.Method.invoke(Method.java:580)
	at org.eclipse.lsp4j.jsonrpc.services.GenericEndpoint.lambda$recursiveFindRpcMethods$0(GenericEndpoint.java:65)
	at org.eclipse.lsp4j.jsonrpc.services.GenericEndpoint.request(GenericEndpoint.java:128)
	at org.eclipse.lsp4j.jsonrpc.RemoteEndpoint.handleRequest(RemoteEndpoint.java:271)
	at org.eclipse.lsp4j.jsonrpc.RemoteEndpoint.consume(RemoteEndpoint.java:201)
	at org.eclipse.lsp4j.jsonrpc.json.StreamMessageProducer.handleMessage(StreamMessageProducer.java:185)
	at org.eclipse.lsp4j.jsonrpc.json.StreamMessageProducer.listen(StreamMessageProducer.java:97)
	at org.eclipse.lsp4j.jsonrpc.json.ConcurrentMessageProcessor.run(ConcurrentMessageProcessor.java:114)
	at java.base/java.util.concurrent.Executors$RunnableAdapter.call(Executors.java:572)
	at java.base/java.util.concurrent.FutureTask.run(FutureTask.java:317)
	at java.base/java.util.concurrent.ThreadPoolExecutor.runWorker(ThreadPoolExecutor.java:1144)
	at java.base/java.util.concurrent.ThreadPoolExecutor$Worker.run(ThreadPoolExecutor.java:642)
	at java.base/java.lang.Thread.run(Thread.java:1570)

2025.10.22 10:55:53 INFO  no build target found for C:\Users\leo11\OneDrive\Desktop\HTWG\AIN\Semester5\Web-apps\play-server\ProjektMemory\app\controllers\HomeController.scala. Using presentation compiler with project's scala-library version: 3.3.6
2025.10.22 10:55:53 INFO  no build target found for C:\Users\leo11\OneDrive\Desktop\HTWG\AIN\Semester5\Web-apps\play-server\ProjektMemory\app\controllers\HomeController.scala. Using presentation compiler with project's scala-library version: 3.3.6
2025.10.22 10:55:53 INFO  no build target found for C:\Users\leo11\OneDrive\Desktop\HTWG\AIN\Semester5\Web-apps\play-server\ProjektMemory\app\controllers\HomeController.scala. Using presentation compiler with project's scala-library version: 3.3.6
2025.10.22 10:55:56 WARN  no build target for: C:\Users\leo11\OneDrive\Desktop\HTWG\AIN\Semester5\Web-apps\play-server\ProjektMemory\app\controllers\HomeController.scala
2025.10.22 10:55:56 INFO  no build target found for C:\Users\leo11\OneDrive\Desktop\HTWG\AIN\Semester5\Web-apps\play-server\ProjektMemory\app\controllers\HomeController.scala. Using presentation compiler with project's scala-library version: 3.3.6
2025.10.22 10:57:23 WARN  no build target for: C:\Users\leo11\OneDrive\Desktop\HTWG\AIN\Semester5\Web-apps\play-server\ProjektMemory\app\controllers\HomeController.scala
2025.10.22 10:57:23 INFO  no build target found for C:\Users\leo11\OneDrive\Desktop\HTWG\AIN\Semester5\Web-apps\play-server\ProjektMemory\app\controllers\HomeController.scala. Using presentation compiler with project's scala-library version: 3.3.6
2025.10.22 10:57:24 INFO  no build target found for C:\Users\leo11\OneDrive\Desktop\HTWG\AIN\Semester5\Web-apps\play-server\ProjektMemory\app\controllers\HomeController.scala. Using presentation compiler with project's scala-library version: 3.3.6
2025.10.22 10:57:23 INFO  no build target found for C:\Users\leo11\OneDrive\Desktop\HTWG\AIN\Semester5\Web-apps\play-server\ProjektMemory\app\controllers\HomeController.scala. Using presentation compiler with project's scala-library version: 3.3.6
2025.10.22 10:57:29 INFO  no build target found for C:\Users\leo11\OneDrive\Desktop\HTWG\AIN\Semester5\Web-apps\play-server\ProjektMemory\app\controllers\HomeController.scala. Using presentation compiler with project's scala-library version: 3.3.6
2025.10.22 10:57:29 INFO  no build target found for C:\Users\leo11\OneDrive\Desktop\HTWG\AIN\Semester5\Web-apps\play-server\ProjektMemory\app\controllers\HomeController.scala. Using presentation compiler with project's scala-library version: 3.3.6
2025.10.22 10:57:40 INFO  no build target found for C:\Users\leo11\OneDrive\Desktop\HTWG\AIN\Semester5\Web-apps\play-server\ProjektMemory\app\controllers\HomeController.scala. Using presentation compiler with project's scala-library version: 3.3.6
2025.10.22 10:57:40 INFO  no build target found for C:\Users\leo11\OneDrive\Desktop\HTWG\AIN\Semester5\Web-apps\play-server\ProjektMemory\app\controllers\HomeController.scala. Using presentation compiler with project's scala-library version: 3.3.6
2025.10.22 10:57:41 INFO  no build target found for C:\Users\leo11\OneDrive\Desktop\HTWG\AIN\Semester5\Web-apps\play-server\ProjektMemory\app\controllers\HomeController.scala. Using presentation compiler with project's scala-library version: 3.3.6
2025.10.22 10:57:41 INFO  no build target found for C:\Users\leo11\OneDrive\Desktop\HTWG\AIN\Semester5\Web-apps\play-server\ProjektMemory\app\controllers\HomeController.scala. Using presentation compiler with project's scala-library version: 3.3.6
2025.10.22 10:57:41 INFO  no build target found for C:\Users\leo11\OneDrive\Desktop\HTWG\AIN\Semester5\Web-apps\play-server\ProjektMemory\app\controllers\HomeController.scala. Using presentation compiler with project's scala-library version: 3.3.6
2025.10.22 10:57:42 INFO  no build target found for C:\Users\leo11\OneDrive\Desktop\HTWG\AIN\Semester5\Web-apps\play-server\ProjektMemory\app\controllers\HomeController.scala. Using presentation compiler with project's scala-library version: 3.3.6
2025.10.22 10:57:42 INFO  no build target found for C:\Users\leo11\OneDrive\Desktop\HTWG\AIN\Semester5\Web-apps\play-server\ProjektMemory\app\controllers\HomeController.scala. Using presentation compiler with project's scala-library version: 3.3.6
2025.10.22 10:57:43 INFO  no build target found for C:\Users\leo11\OneDrive\Desktop\HTWG\AIN\Semester5\Web-apps\play-server\ProjektMemory\app\controllers\HomeController.scala. Using presentation compiler with project's scala-library version: 3.3.6
2025.10.22 10:57:43 INFO  no build target found for C:\Users\leo11\OneDrive\Desktop\HTWG\AIN\Semester5\Web-apps\play-server\ProjektMemory\app\controllers\HomeController.scala. Using presentation compiler with project's scala-library version: 3.3.6
2025.10.22 10:57:43 INFO  no build target found for C:\Users\leo11\OneDrive\Desktop\HTWG\AIN\Semester5\Web-apps\play-server\ProjektMemory\app\controllers\HomeController.scala. Using presentation compiler with project's scala-library version: 3.3.6
2025.10.22 10:57:43 INFO  no build target found for C:\Users\leo11\OneDrive\Desktop\HTWG\AIN\Semester5\Web-apps\play-server\ProjektMemory\app\controllers\HomeController.scala. Using presentation compiler with project's scala-library version: 3.3.6
2025.10.22 10:57:43 INFO  no build target found for C:\Users\leo11\OneDrive\Desktop\HTWG\AIN\Semester5\Web-apps\play-server\ProjektMemory\app\controllers\HomeController.scala. Using presentation compiler with project's scala-library version: 3.3.6
2025.10.22 10:57:45 INFO  no build target found for C:\Users\leo11\OneDrive\Desktop\HTWG\AIN\Semester5\Web-apps\play-server\ProjektMemory\app\controllers\HomeController.scala. Using presentation compiler with project's scala-library version: 3.3.6
2025.10.22 10:57:45 INFO  no build target found for C:\Users\leo11\OneDrive\Desktop\HTWG\AIN\Semester5\Web-apps\play-server\ProjektMemory\app\controllers\HomeController.scala. Using presentation compiler with project's scala-library version: 3.3.6
2025.10.22 10:57:45 INFO  no build target found for C:\Users\leo11\OneDrive\Desktop\HTWG\AIN\Semester5\Web-apps\play-server\ProjektMemory\app\controllers\HomeController.scala. Using presentation compiler with project's scala-library version: 3.3.6
2025.10.22 10:57:46 INFO  no build target found for C:\Users\leo11\OneDrive\Desktop\HTWG\AIN\Semester5\Web-apps\play-server\ProjektMemory\app\controllers\HomeController.scala. Using presentation compiler with project's scala-library version: 3.3.6
2025.10.22 10:57:46 INFO  no build target found for C:\Users\leo11\OneDrive\Desktop\HTWG\AIN\Semester5\Web-apps\play-server\ProjektMemory\app\controllers\HomeController.scala. Using presentation compiler with project's scala-library version: 3.3.6
2025.10.22 10:57:47 INFO  no build target found for C:\Users\leo11\OneDrive\Desktop\HTWG\AIN\Semester5\Web-apps\play-server\ProjektMemory\app\controllers\HomeController.scala. Using presentation compiler with project's scala-library version: 3.3.6
2025.10.22 10:57:47 INFO  no build target found for C:\Users\leo11\OneDrive\Desktop\HTWG\AIN\Semester5\Web-apps\play-server\ProjektMemory\app\controllers\HomeController.scala. Using presentation compiler with project's scala-library version: 3.3.6
2025.10.22 10:57:46 INFO  no build target found for C:\Users\leo11\OneDrive\Desktop\HTWG\AIN\Semester5\Web-apps\play-server\ProjektMemory\app\controllers\HomeController.scala. Using presentation compiler with project's scala-library version: 3.3.6
2025.10.22 10:57:47 INFO  no build target found for C:\Users\leo11\OneDrive\Desktop\HTWG\AIN\Semester5\Web-apps\play-server\ProjektMemory\app\controllers\HomeController.scala. Using presentation compiler with project's scala-library version: 3.3.6
2025.10.22 10:57:47 INFO  no build target found for C:\Users\leo11\OneDrive\Desktop\HTWG\AIN\Semester5\Web-apps\play-server\ProjektMemory\app\controllers\HomeController.scala. Using presentation compiler with project's scala-library version: 3.3.6
2025.10.22 10:57:47 INFO  no build target found for C:\Users\leo11\OneDrive\Desktop\HTWG\AIN\Semester5\Web-apps\play-server\ProjektMemory\app\controllers\HomeController.scala. Using presentation compiler with project's scala-library version: 3.3.6
2025.10.22 10:57:47 INFO  no build target found for C:\Users\leo11\OneDrive\Desktop\HTWG\AIN\Semester5\Web-apps\play-server\ProjektMemory\app\controllers\HomeController.scala. Using presentation compiler with project's scala-library version: 3.3.6
2025.10.22 10:57:49 INFO  no build target found for C:\Users\leo11\OneDrive\Desktop\HTWG\AIN\Semester5\Web-apps\play-server\ProjektMemory\app\controllers\HomeController.scala. Using presentation compiler with project's scala-library version: 3.3.6
2025.10.22 10:57:49 WARN  no build target for: C:\Users\leo11\OneDrive\Desktop\HTWG\AIN\Semester5\Web-apps\play-server\ProjektMemory\app\controllers\HomeController.scala
2025.10.22 10:57:49 INFO  no build target found for C:\Users\leo11\OneDrive\Desktop\HTWG\AIN\Semester5\Web-apps\play-server\ProjektMemory\app\controllers\HomeController.scala. Using presentation compiler with project's scala-library version: 3.3.6
2025.10.22 10:57:59 INFO  no build target found for C:\Users\leo11\OneDrive\Desktop\HTWG\AIN\Semester5\Web-apps\play-server\ProjektMemory\app\controllers\HomeController.scala. Using presentation compiler with project's scala-library version: 3.3.6
2025.10.22 10:58:50 INFO  no build target found for C:\Users\leo11\OneDrive\Desktop\HTWG\AIN\Semester5\Web-apps\play-server\ProjektMemory\app\controllers\HomeController.scala. Using presentation compiler with project's scala-library version: 3.3.6
2025.10.22 10:58:51 INFO  no build target found for C:\Users\leo11\OneDrive\Desktop\HTWG\AIN\Semester5\Web-apps\play-server\ProjektMemory\app\controllers\HomeController.scala. Using presentation compiler with project's scala-library version: 3.3.6
2025.10.22 10:58:51 INFO  no build target found for C:\Users\leo11\OneDrive\Desktop\HTWG\AIN\Semester5\Web-apps\play-server\ProjektMemory\app\controllers\HomeController.scala. Using presentation compiler with project's scala-library version: 3.3.6
2025.10.22 10:59:01 WARN  no build target for: C:\Users\leo11\OneDrive\Desktop\HTWG\AIN\Semester5\Web-apps\play-server\ProjektMemory\app\controllers\HomeController.scala
2025.10.22 10:59:01 INFO  no build target found for C:\Users\leo11\OneDrive\Desktop\HTWG\AIN\Semester5\Web-apps\play-server\ProjektMemory\app\controllers\HomeController.scala. Using presentation compiler with project's scala-library version: 3.3.6
2025.10.22 10:59:01 INFO  no build target found for C:\Users\leo11\OneDrive\Desktop\HTWG\AIN\Semester5\Web-apps\play-server\ProjektMemory\app\controllers\HomeController.scala. Using presentation compiler with project's scala-library version: 3.3.6
2025.10.22 10:59:01 INFO  no build target found for C:\Users\leo11\OneDrive\Desktop\HTWG\AIN\Semester5\Web-apps\play-server\ProjektMemory\app\controllers\HomeController.scala. Using presentation compiler with project's scala-library version: 3.3.6
2025.10.22 10:59:01 INFO  no build target found for C:\Users\leo11\OneDrive\Desktop\HTWG\AIN\Semester5\Web-apps\play-server\ProjektMemory\app\controllers\HomeController.scala. Using presentation compiler with project's scala-library version: 3.3.6
2025.10.22 10:59:03 INFO  no build target found for C:\Users\leo11\OneDrive\Desktop\HTWG\AIN\Semester5\Web-apps\play-server\ProjektMemory\app\controllers\HomeController.scala. Using presentation compiler with project's scala-library version: 3.3.6
2025.10.22 10:59:19 INFO  no build target found for C:\Users\leo11\OneDrive\Desktop\HTWG\AIN\Semester5\Web-apps\play-server\ProjektMemory\app\controllers\HomeController.scala. Using presentation compiler with project's scala-library version: 3.3.6
2025.10.22 10:59:19 INFO  no build target found for C:\Users\leo11\OneDrive\Desktop\HTWG\AIN\Semester5\Web-apps\play-server\ProjektMemory\app\controllers\HomeController.scala. Using presentation compiler with project's scala-library version: 3.3.6
2025.10.22 11:01:35 WARN  no build target for: C:\Users\leo11\OneDrive\Desktop\HTWG\AIN\Semester5\Web-apps\play-server\ProjektMemory\app\controllers\HomeController.scala
2025.10.22 11:01:35 INFO  no build target found for C:\Users\leo11\OneDrive\Desktop\HTWG\AIN\Semester5\Web-apps\play-server\ProjektMemory\app\controllers\HomeController.scala. Using presentation compiler with project's scala-library version: 3.3.6
2025.10.22 11:01:35 INFO  no build target found for C:\Users\leo11\OneDrive\Desktop\HTWG\AIN\Semester5\Web-apps\play-server\ProjektMemory\app\controllers\HomeController.scala. Using presentation compiler with project's scala-library version: 3.3.6
2025.10.22 11:01:35 INFO  no build target found for C:\Users\leo11\OneDrive\Desktop\HTWG\AIN\Semester5\Web-apps\play-server\ProjektMemory\app\controllers\HomeController.scala. Using presentation compiler with project's scala-library version: 3.3.6
2025.10.22 11:01:35 INFO  no build target found for C:\Users\leo11\OneDrive\Desktop\HTWG\AIN\Semester5\Web-apps\play-server\ProjektMemory\app\controllers\HomeController.scala. Using presentation compiler with project's scala-library version: 3.3.6
2025.10.22 11:02:46 WARN  no build target for: C:\Users\leo11\OneDrive\Desktop\HTWG\AIN\Semester5\Web-apps\play-server\ProjektMemory\app\controllers\HomeController.scala
2025.10.22 11:02:46 INFO  no build target found for C:\Users\leo11\OneDrive\Desktop\HTWG\AIN\Semester5\Web-apps\play-server\ProjektMemory\app\controllers\HomeController.scala. Using presentation compiler with project's scala-library version: 3.3.6
2025.10.22 11:02:47 INFO  no build target found for C:\Users\leo11\OneDrive\Desktop\HTWG\AIN\Semester5\Web-apps\play-server\ProjektMemory\app\controllers\HomeController.scala. Using presentation compiler with project's scala-library version: 3.3.6
2025.10.22 11:02:46 INFO  no build target found for C:\Users\leo11\OneDrive\Desktop\HTWG\AIN\Semester5\Web-apps\play-server\ProjektMemory\app\controllers\HomeController.scala. Using presentation compiler with project's scala-library version: 3.3.6
2025.10.22 11:02:46 INFO  no build target found for C:\Users\leo11\OneDrive\Desktop\HTWG\AIN\Semester5\Web-apps\play-server\ProjektMemory\app\controllers\HomeController.scala. Using presentation compiler with project's scala-library version: 3.3.6
2025.10.22 11:02:46 INFO  no build target found for C:\Users\leo11\OneDrive\Desktop\HTWG\AIN\Semester5\Web-apps\play-server\ProjektMemory\app\controllers\HomeController.scala. Using presentation compiler with project's scala-library version: 3.3.6
2025.10.22 11:05:30 WARN  no build target for: C:\Users\leo11\OneDrive\Desktop\HTWG\AIN\Semester5\Web-apps\play-server\ProjektMemory\app\controllers\HomeController.scala
2025.10.22 11:05:30 INFO  no build target found for C:\Users\leo11\OneDrive\Desktop\HTWG\AIN\Semester5\Web-apps\play-server\ProjektMemory\app\controllers\HomeController.scala. Using presentation compiler with project's scala-library version: 3.3.6
2025.10.22 11:05:30 INFO  no build target found for C:\Users\leo11\OneDrive\Desktop\HTWG\AIN\Semester5\Web-apps\play-server\ProjektMemory\app\controllers\HomeController.scala. Using presentation compiler with project's scala-library version: 3.3.6
2025.10.22 11:05:30 INFO  no build target found for C:\Users\leo11\OneDrive\Desktop\HTWG\AIN\Semester5\Web-apps\play-server\ProjektMemory\app\controllers\HomeController.scala. Using presentation compiler with project's scala-library version: 3.3.6
2025.10.22 11:05:30 INFO  no build target found for C:\Users\leo11\OneDrive\Desktop\HTWG\AIN\Semester5\Web-apps\play-server\ProjektMemory\app\controllers\HomeController.scala. Using presentation compiler with project's scala-library version: 3.3.6
2025.10.22 11:05:30 INFO  no build target found for C:\Users\leo11\OneDrive\Desktop\HTWG\AIN\Semester5\Web-apps\play-server\ProjektMemory\app\controllers\HomeController.scala. Using presentation compiler with project's scala-library version: 3.3.6
2025.10.22 11:05:35 INFO  no build target found for C:\Users\leo11\OneDrive\Desktop\HTWG\AIN\Semester5\Web-apps\play-server\ProjektMemory\app\controllers\HomeController.scala. Using presentation compiler with project's scala-library version: 3.3.6
2025.10.22 11:05:37 INFO  no build target found for C:\Users\leo11\OneDrive\Desktop\HTWG\AIN\Semester5\Web-apps\play-server\ProjektMemory\app\controllers\HomeController.scala. Using presentation compiler with project's scala-library version: 3.3.6
2025.10.22 11:05:37 INFO  no build target found for C:\Users\leo11\OneDrive\Desktop\HTWG\AIN\Semester5\Web-apps\play-server\ProjektMemory\app\controllers\HomeController.scala. Using presentation compiler with project's scala-library version: 3.3.6
2025.10.22 11:08:12 INFO  no build target found for C:\Users\leo11\OneDrive\Desktop\HTWG\AIN\Semester5\Web-apps\play-server\ProjektMemory\app\controllers\HomeController.scala. Using presentation compiler with project's scala-library version: 3.3.6
2025.10.22 11:12:17 INFO  no build target found for C:\Users\leo11\OneDrive\Desktop\HTWG\AIN\Semester5\Web-apps\play-server\ProjektMemory\app\controllers\HomeController.scala. Using presentation compiler with project's scala-library version: 3.3.6
2025.10.22 11:16:02 INFO  no build target found for C:\Users\leo11\OneDrive\Desktop\HTWG\AIN\Semester5\Web-apps\play-server\ProjektMemory\app\controllers\GameController.scala. Using presentation compiler with project's scala-library version: 3.3.6
2025.10.22 11:16:02 WARN  no build target for: C:\Users\leo11\OneDrive\Desktop\HTWG\AIN\Semester5\Web-apps\play-server\ProjektMemory\app\controllers\GameController.scala
2025.10.22 11:16:02 INFO  no build target found for C:\Users\leo11\OneDrive\Desktop\HTWG\AIN\Semester5\Web-apps\play-server\ProjektMemory\app\controllers\GameController.scala. Using presentation compiler with project's scala-library version: 3.3.6
2025.10.22 11:16:02 INFO  no build target found for C:\Users\leo11\OneDrive\Desktop\HTWG\AIN\Semester5\Web-apps\play-server\ProjektMemory\app\controllers\GameController.scala. Using presentation compiler with project's scala-library version: 3.3.6
2025.10.22 11:16:02 INFO  no build target found for C:\Users\leo11\OneDrive\Desktop\HTWG\AIN\Semester5\Web-apps\play-server\ProjektMemory\app\controllers\GameController.scala. Using presentation compiler with project's scala-library version: 3.3.6
2025.10.22 11:16:02 INFO  no build target found for C:\Users\leo11\OneDrive\Desktop\HTWG\AIN\Semester5\Web-apps\play-server\ProjektMemory\app\controllers\GameController.scala. Using presentation compiler with project's scala-library version: 3.3.6
2025.10.22 11:16:03 WARN  no build target for: C:\Users\leo11\OneDrive\Desktop\HTWG\AIN\Semester5\Web-apps\play-server\ProjektMemory\app\controllers\APIController.scala
2025.10.22 11:16:02 INFO  no build target found for C:\Users\leo11\OneDrive\Desktop\HTWG\AIN\Semester5\Web-apps\play-server\ProjektMemory\app\controllers\APIController.scala. Using presentation compiler with project's scala-library version: 3.3.6
2025.10.22 11:16:02 INFO  no build target found for C:\Users\leo11\OneDrive\Desktop\HTWG\AIN\Semester5\Web-apps\play-server\ProjektMemory\app\controllers\APIController.scala. Using presentation compiler with project's scala-library version: 3.3.6
2025.10.22 11:16:03 INFO  no build target found for C:\Users\leo11\OneDrive\Desktop\HTWG\AIN\Semester5\Web-apps\play-server\ProjektMemory\app\controllers\APIController.scala. Using presentation compiler with project's scala-library version: 3.3.6
2025.10.22 11:16:03 INFO  no build target found for C:\Users\leo11\OneDrive\Desktop\HTWG\AIN\Semester5\Web-apps\play-server\ProjektMemory\app\controllers\APIController.scala. Using presentation compiler with project's scala-library version: 3.3.6
2025.10.22 11:16:04 INFO  no build target found for C:\Users\leo11\OneDrive\Desktop\HTWG\AIN\Semester5\Web-apps\play-server\ProjektMemory\app\controllers\APIController.scala. Using presentation compiler with project's scala-library version: 3.3.6
2025.10.22 11:16:04 INFO  no build target found for C:\Users\leo11\OneDrive\Desktop\HTWG\AIN\Semester5\Web-apps\play-server\ProjektMemory\app\controllers\APIController.scala. Using presentation compiler with project's scala-library version: 3.3.6
2025.10.22 11:16:05 INFO  no build target found for C:\Users\leo11\OneDrive\Desktop\HTWG\AIN\Semester5\Web-apps\play-server\ProjektMemory\app\controllers\AdminController.scala. Using presentation compiler with project's scala-library version: 3.3.6
2025.10.22 11:16:05 WARN  no build target for: C:\Users\leo11\OneDrive\Desktop\HTWG\AIN\Semester5\Web-apps\play-server\ProjektMemory\app\controllers\AdminController.scala
2025.10.22 11:16:04 INFO  no build target found for C:\Users\leo11\OneDrive\Desktop\HTWG\AIN\Semester5\Web-apps\play-server\ProjektMemory\app\controllers\AdminController.scala. Using presentation compiler with project's scala-library version: 3.3.6
2025.10.22 11:16:05 INFO  no build target found for C:\Users\leo11\OneDrive\Desktop\HTWG\AIN\Semester5\Web-apps\play-server\ProjektMemory\app\controllers\AdminController.scala. Using presentation compiler with project's scala-library version: 3.3.6
2025.10.22 11:16:05 INFO  no build target found for C:\Users\leo11\OneDrive\Desktop\HTWG\AIN\Semester5\Web-apps\play-server\ProjektMemory\app\controllers\AdminController.scala. Using presentation compiler with project's scala-library version: 3.3.6
2025.10.22 11:16:05 INFO  no build target found for C:\Users\leo11\OneDrive\Desktop\HTWG\AIN\Semester5\Web-apps\play-server\ProjektMemory\app\controllers\AdminController.scala. Using presentation compiler with project's scala-library version: 3.3.6
2025.10.22 11:18:23 INFO  no build target found for C:\Users\leo11\OneDrive\Desktop\HTWG\AIN\Semester5\Web-apps\play-server\ProjektMemory\app\controllers\AdminController.scala. Using presentation compiler with project's scala-library version: 3.3.6
2025.10.22 11:18:23 INFO  no build target found for C:\Users\leo11\OneDrive\Desktop\HTWG\AIN\Semester5\Web-apps\play-server\ProjektMemory\app\web\WebTUI.scala. Using presentation compiler with project's scala-library version: 3.3.6
2025.10.22 11:18:23 INFO  no build target found for C:\Users\leo11\OneDrive\Desktop\HTWG\AIN\Semester5\Web-apps\play-server\ProjektMemory\app\web\WebTUI.scala. Using presentation compiler with project's scala-library version: 3.3.6
2025.10.22 11:18:23 WARN  no build target for: C:\Users\leo11\OneDrive\Desktop\HTWG\AIN\Semester5\Web-apps\play-server\ProjektMemory\app\web\WebTUI.scala
2025.10.22 11:18:24 INFO  no build target found for C:\Users\leo11\OneDrive\Desktop\HTWG\AIN\Semester5\Web-apps\play-server\ProjektMemory\app\web\WebTUI.scala. Using presentation compiler with project's scala-library version: 3.3.6
2025.10.22 11:18:24 INFO  no build target found for C:\Users\leo11\OneDrive\Desktop\HTWG\AIN\Semester5\Web-apps\play-server\ProjektMemory\app\web\WebTUI.scala. Using presentation compiler with project's scala-library version: 3.3.6
2025.10.22 11:18:26 INFO  time: code lens generation in 1.59s
2025.10.22 11:18:27 INFO  no build target found for C:\Users\leo11\OneDrive\Desktop\HTWG\AIN\Semester5\Web-apps\play-server\ProjektMemory\app\web\WebTUI.scala. Using presentation compiler with project's scala-library version: 3.3.6
2025.10.22 11:18:27 INFO  no build target found for C:\Users\leo11\OneDrive\Desktop\HTWG\AIN\Semester5\Web-apps\play-server\ProjektMemory\app\web\WebTUI.scala. Using presentation compiler with project's scala-library version: 3.3.6
2025.10.22 11:18:35 INFO  no build target found for C:\Users\leo11\OneDrive\Desktop\HTWG\AIN\Semester5\Web-apps\play-server\ProjektMemory\app\web\WebTUI.scala. Using presentation compiler with project's scala-library version: 3.3.6
2025.10.22 11:19:49 INFO  no build target found for C:\Users\leo11\OneDrive\Desktop\HTWG\AIN\Semester5\Web-apps\play-server\ProjektMemory\app\web\WebTUI.scala. Using presentation compiler with project's scala-library version: 3.3.6
2025.10.22 11:19:49 INFO  no build target found for C:\Users\leo11\OneDrive\Desktop\HTWG\AIN\Semester5\Web-apps\play-server\ProjektMemory\test\controllers\HomeControllerSpec.scala. Using presentation compiler with project's scala-library version: 3.3.6
2025.10.22 11:19:49 WARN  no build target for: C:\Users\leo11\OneDrive\Desktop\HTWG\AIN\Semester5\Web-apps\play-server\ProjektMemory\test\controllers\HomeControllerSpec.scala
2025.10.22 11:19:49 INFO  no build target found for C:\Users\leo11\OneDrive\Desktop\HTWG\AIN\Semester5\Web-apps\play-server\ProjektMemory\test\controllers\HomeControllerSpec.scala. Using presentation compiler with project's scala-library version: 3.3.6
2025.10.22 11:19:49 INFO  no build target found for C:\Users\leo11\OneDrive\Desktop\HTWG\AIN\Semester5\Web-apps\play-server\ProjektMemory\test\controllers\HomeControllerSpec.scala. Using presentation compiler with project's scala-library version: 3.3.6
2025.10.22 11:19:49 INFO  no build target found for C:\Users\leo11\OneDrive\Desktop\HTWG\AIN\Semester5\Web-apps\play-server\ProjektMemory\test\controllers\HomeControllerSpec.scala. Using presentation compiler with project's scala-library version: 3.3.6
2025.10.22 11:19:49 INFO  no build target found for C:\Users\leo11\OneDrive\Desktop\HTWG\AIN\Semester5\Web-apps\play-server\ProjektMemory\test\controllers\HomeControllerSpec.scala. Using presentation compiler with project's scala-library version: 3.3.6
2025.10.22 11:19:50 INFO  no build target found for C:\Users\leo11\OneDrive\Desktop\HTWG\AIN\Semester5\Web-apps\play-server\ProjektMemory\test\controllers\HomeControllerSpec.scala. Using presentation compiler with project's scala-library version: 3.3.6
2025.10.22 11:19:49 INFO  no build target found for C:\Users\leo11\OneDrive\Desktop\HTWG\AIN\Semester5\Web-apps\play-server\ProjektMemory\test\controllers\HomeControllerSpec.scala. Using presentation compiler with project's scala-library version: 3.3.6
2025.10.22 11:19:55 INFO  no build target found for C:\Users\leo11\OneDrive\Desktop\HTWG\AIN\Semester5\Web-apps\play-server\ProjektMemory\test\controllers\HomeControllerSpec.scala. Using presentation compiler with project's scala-library version: 3.3.6
2025.10.22 11:47:35 INFO  no build target found for C:\Users\leo11\OneDrive\Desktop\HTWG\AIN\Semester5\Web-apps\play-server\ProjektMemory\app\controllers\GameController.scala. Using presentation compiler with project's scala-library version: 3.3.6
2025.10.22 11:47:35 WARN  no build target for: C:\Users\leo11\OneDrive\Desktop\HTWG\AIN\Semester5\Web-apps\play-server\ProjektMemory\app\controllers\GameController.scala
2025.10.22 11:47:35 INFO  no build target found for C:\Users\leo11\OneDrive\Desktop\HTWG\AIN\Semester5\Web-apps\play-server\ProjektMemory\app\controllers\GameController.scala. Using presentation compiler with project's scala-library version: 3.3.6
2025.10.22 11:47:35 INFO  no build target found for C:\Users\leo11\OneDrive\Desktop\HTWG\AIN\Semester5\Web-apps\play-server\ProjektMemory\app\controllers\GameController.scala. Using presentation compiler with project's scala-library version: 3.3.6
2025.10.22 11:47:35 INFO  no build target found for C:\Users\leo11\OneDrive\Desktop\HTWG\AIN\Semester5\Web-apps\play-server\ProjektMemory\app\controllers\GameController.scala. Using presentation compiler with project's scala-library version: 3.3.6
2025.10.22 11:47:36 INFO  no build target found for C:\Users\leo11\OneDrive\Desktop\HTWG\AIN\Semester5\Web-apps\play-server\ProjektMemory\app\controllers\GameController.scala. Using presentation compiler with project's scala-library version: 3.3.6
2025.10.22 11:54:15 INFO  no build target found for C:\Users\leo11\OneDrive\Desktop\HTWG\AIN\Semester5\Web-apps\play-server\ProjektMemory\app\controllers\GameController.scala. Using presentation compiler with project's scala-library version: 3.3.6
2025.10.22 11:54:15 INFO  no build target found for C:\Users\leo11\OneDrive\Desktop\HTWG\AIN\Semester5\Web-apps\play-server\ProjektMemory\app\controllers\GameController.scala. Using presentation compiler with project's scala-library version: 3.3.6
2025.10.22 11:54:16 INFO  no build target found for C:\Users\leo11\OneDrive\Desktop\HTWG\AIN\Semester5\Web-apps\play-server\ProjektMemory\app\controllers\GameController.scala. Using presentation compiler with project's scala-library version: 3.3.6
Oct 22, 2025 12:02:08 PM org.eclipse.lsp4j.jsonrpc.services.GenericEndpoint notify
INFO: Unsupported notification method: $/setTrace
2025.10.22 12:10:00 INFO  Shutting down server
2025.10.22 12:10:00 INFO  shutting down Metals
2025.10.22 12:10:00 INFO  Exiting server
2025.10.23 09:34:32 INFO  Started: Metals version 1.6.3 in folders 'C:\Users\leo11\OneDrive\Desktop\HTWG\AIN\Semester5\Web-apps\play-server\ProjektMemory' for client Visual Studio Code 1.105.1.
2025.10.23 09:34:32 INFO  time: initialize in 0.13s
2025.10.23 09:34:35 WARN  Using H2 2.4.240 which is newer than the version Flyway has been verified with. The latest verified version of H2 is 2.3.232.
Oct 23, 2025 9:40:55 AM org.eclipse.lsp4j.jsonrpc.services.GenericEndpoint notify
INFO: Unsupported notification method: $/setTrace
2025.10.23 10:11:02 INFO  no build target found for C:\Users\leo11\OneDrive\Desktop\HTWG\AIN\Semester5\Web-apps\play-server\ProjektMemory\app\web\WebTUI.scala. Using presentation compiler with project's scala-library version: 3.3.6
2025.10.23 10:11:04 INFO  no build target found for C:\Users\leo11\OneDrive\Desktop\HTWG\AIN\Semester5\Web-apps\play-server\ProjektMemory\app\web\WebTUI.scala. Using presentation compiler with project's scala-library version: 3.3.6
2025.10.23 10:11:04 INFO  no build target found for C:\Users\leo11\OneDrive\Desktop\HTWG\AIN\Semester5\Web-apps\play-server\ProjektMemory\app\web\WebTUI.scala. Using presentation compiler with project's scala-library version: 3.3.6
Oct 23, 2025 10:11:04 AM org.eclipse.lsp4j.jsonrpc.RemoteEndpoint handleCancellation
WARNING: Unmatched cancel notification for request id 5
2025.10.23 10:11:29 INFO  no build target found for C:\Users\leo11\OneDrive\Desktop\HTWG\AIN\Semester5\Web-apps\play-server\ProjektMemory\app\web\WebTUI.scala. Using presentation compiler with project's scala-library version: 3.3.6
2025.10.23 10:11:29 INFO  no build target found for C:\Users\leo11\OneDrive\Desktop\HTWG\AIN\Semester5\Web-apps\play-server\ProjektMemory\app\controllers\AdminController.scala. Using presentation compiler with project's scala-library version: 3.3.6
2025.10.23 10:11:29 INFO  no build target found for C:\Users\leo11\OneDrive\Desktop\HTWG\AIN\Semester5\Web-apps\play-server\ProjektMemory\app\controllers\AdminController.scala. Using presentation compiler with project's scala-library version: 3.3.6
2025.10.23 10:12:23 INFO  no build target found for C:\Users\leo11\OneDrive\Desktop\HTWG\AIN\Semester5\Web-apps\play-server\ProjektMemory\app\controllers\AdminController.scala. Using presentation compiler with project's scala-library version: 3.3.6
2025.10.23 10:12:58 INFO  no build target found for C:\Users\leo11\OneDrive\Desktop\HTWG\AIN\Semester5\Web-apps\play-server\ProjektMemory\app\controllers\HomeController.scala. Using presentation compiler with project's scala-library version: 3.3.6
2025.10.23 10:12:58 INFO  no build target found for C:\Users\leo11\OneDrive\Desktop\HTWG\AIN\Semester5\Web-apps\play-server\ProjektMemory\app\controllers\HomeController.scala. Using presentation compiler with project's scala-library version: 3.3.6
2025.10.23 10:12:58 INFO  no build target found for C:\Users\leo11\OneDrive\Desktop\HTWG\AIN\Semester5\Web-apps\play-server\ProjektMemory\app\controllers\HomeController.scala. Using presentation compiler with project's scala-library version: 3.3.6
2025.10.23 10:12:58 INFO  no build target found for C:\Users\leo11\OneDrive\Desktop\HTWG\AIN\Semester5\Web-apps\play-server\ProjektMemory\app\controllers\HomeController.scala. Using presentation compiler with project's scala-library version: 3.3.6
2025.10.23 10:13:10 WARN  no build target for: C:\Users\leo11\OneDrive\Desktop\HTWG\AIN\Semester5\Web-apps\play-server\ProjektMemory\app\controllers\HomeController.scala
2025.10.23 10:13:10 INFO  no build target found for C:\Users\leo11\OneDrive\Desktop\HTWG\AIN\Semester5\Web-apps\play-server\ProjektMemory\app\controllers\HomeController.scala. Using presentation compiler with project's scala-library version: 3.3.6
2025.10.23 10:13:10 INFO  no build target found for C:\Users\leo11\OneDrive\Desktop\HTWG\AIN\Semester5\Web-apps\play-server\ProjektMemory\app\controllers\HomeController.scala. Using presentation compiler with project's scala-library version: 3.3.6
2025.10.23 10:13:10 INFO  no build target found for C:\Users\leo11\OneDrive\Desktop\HTWG\AIN\Semester5\Web-apps\play-server\ProjektMemory\app\controllers\HomeController.scala. Using presentation compiler with project's scala-library version: 3.3.6
2025.10.23 10:13:10 INFO  no build target found for C:\Users\leo11\OneDrive\Desktop\HTWG\AIN\Semester5\Web-apps\play-server\ProjektMemory\app\controllers\HomeController.scala. Using presentation compiler with project's scala-library version: 3.3.6
2025.10.23 10:13:14 INFO  no build target found for C:\Users\leo11\OneDrive\Desktop\HTWG\AIN\Semester5\Web-apps\play-server\ProjektMemory\app\controllers\HomeController.scala. Using presentation compiler with project's scala-library version: 3.3.6
2025.10.23 10:18:26 INFO  no build target found for C:\Users\leo11\OneDrive\Desktop\HTWG\AIN\Semester5\Web-apps\play-server\ProjektMemory\app\controllers\HomeController.scala. Using presentation compiler with project's scala-library version: 3.3.6
Oct 23, 2025 11:04:15 AM org.eclipse.lsp4j.jsonrpc.services.GenericEndpoint notify
INFO: Unsupported notification method: $/setTrace
2025.10.23 11:14:56 INFO  Shutting down server
2025.10.23 11:14:56 INFO  shutting down Metals
2025.10.23 11:14:56 INFO  Exiting server
2025.11.04 19:19:10 INFO  Started: Metals version 1.6.3 in folders 'C:\Users\leo11\OneDrive\Desktop\HTWG\AIN\Semester5\Web-apps\play-server\ProjektMemory' for client Visual Studio Code 1.105.1.
2025.11.04 19:19:11 INFO  time: initialize in 0.1s
2025.11.04 19:19:13 WARN  Using H2 2.4.240 which is newer than the version Flyway has been verified with. The latest verified version of H2 is 2.3.232.
2025.11.04 19:20:47 INFO  no build target found for C:\Users\leo11\OneDrive\Desktop\HTWG\AIN\Semester5\Web-apps\play-server\ProjektMemory\app\web\GuiStarter.scala. Using presentation compiler with project's scala-library version: 3.3.6
2025.11.04 19:20:52 INFO  no build target found for C:\Users\leo11\OneDrive\Desktop\HTWG\AIN\Semester5\Web-apps\play-server\ProjektMemory\app\web\GuiStarter.scala. Using presentation compiler with project's scala-library version: 3.3.6
Nov 04, 2025 7:20:52 PM org.eclipse.lsp4j.jsonrpc.RemoteEndpoint handleCancellation
WARNING: Unmatched cancel notification for request id 4
Nov 04, 2025 7:20:52 PM org.eclipse.lsp4j.jsonrpc.RemoteEndpoint handleCancellation
WARNING: Unmatched cancel notification for request id 1
2025.11.04 19:20:52 INFO  no build target found for C:\Users\leo11\OneDrive\Desktop\HTWG\AIN\Semester5\Web-apps\play-server\ProjektMemory\app\web\GuiStarter.scala. Using presentation compiler with project's scala-library version: 3.3.6
2025.11.04 19:20:52 INFO  no build target found for C:\Users\leo11\OneDrive\Desktop\HTWG\AIN\Semester5\Web-apps\play-server\ProjektMemory\app\web\GuiStarter.scala. Using presentation compiler with project's scala-library version: 3.3.6
2025.11.04 19:20:58 INFO  no build target found for C:\Users\leo11\OneDrive\Desktop\HTWG\AIN\Semester5\Web-apps\play-server\ProjektMemory\app\web\GuiStarter.scala. Using presentation compiler with project's scala-library version: 3.3.6
2025.11.04 19:20:58 INFO  no build target found for C:\Users\leo11\OneDrive\Desktop\HTWG\AIN\Semester5\Web-apps\play-server\ProjektMemory\app\web\GuiStarter.scala. Using presentation compiler with project's scala-library version: 3.3.6
2025.11.04 19:20:58 INFO  no build target found for C:\Users\leo11\OneDrive\Desktop\HTWG\AIN\Semester5\Web-apps\play-server\ProjektMemory\app\web\GuiStarter.scala. Using presentation compiler with project's scala-library version: 3.3.6
2025.11.04 19:20:58 INFO  no build target found for C:\Users\leo11\OneDrive\Desktop\HTWG\AIN\Semester5\Web-apps\play-server\ProjektMemory\app\web\GuiStarter.scala. Using presentation compiler with project's scala-library version: 3.3.6
2025.11.04 19:20:58 INFO  no build target found for C:\Users\leo11\OneDrive\Desktop\HTWG\AIN\Semester5\Web-apps\play-server\ProjektMemory\app\web\GuiStarter.scala. Using presentation compiler with project's scala-library version: 3.3.6
2025.11.04 19:20:58 INFO  no build target found for C:\Users\leo11\OneDrive\Desktop\HTWG\AIN\Semester5\Web-apps\play-server\ProjektMemory\app\web\GuiStarter.scala. Using presentation compiler with project's scala-library version: 3.3.6
2025.11.04 19:20:58 INFO  no build target found for C:\Users\leo11\OneDrive\Desktop\HTWG\AIN\Semester5\Web-apps\play-server\ProjektMemory\app\web\GuiStarter.scala. Using presentation compiler with project's scala-library version: 3.3.6
2025.11.04 19:20:58 INFO  no build target found for C:\Users\leo11\OneDrive\Desktop\HTWG\AIN\Semester5\Web-apps\play-server\ProjektMemory\app\web\GuiStarter.scala. Using presentation compiler with project's scala-library version: 3.3.6
2025.11.04 19:20:58 INFO  no build target found for C:\Users\leo11\OneDrive\Desktop\HTWG\AIN\Semester5\Web-apps\play-server\ProjektMemory\app\web\WebTUI.scala. Using presentation compiler with project's scala-library version: 3.3.6
2025.11.04 19:21:00 INFO  no build target found for C:\Users\leo11\OneDrive\Desktop\HTWG\AIN\Semester5\Web-apps\play-server\ProjektMemory\app\web\WebTUI.scala. Using presentation compiler with project's scala-library version: 3.3.6
Nov 04, 2025 7:21:00 PM org.eclipse.lsp4j.jsonrpc.RemoteEndpoint handleCancellation
WARNING: Unmatched cancel notification for request id 21
2025.11.04 19:21:00 INFO  no build target found for C:\Users\leo11\OneDrive\Desktop\HTWG\AIN\Semester5\Web-apps\play-server\ProjektMemory\app\web\WebTUI.scala. Using presentation compiler with project's scala-library version: 3.3.6
Nov 04, 2025 7:21:00 PM org.eclipse.lsp4j.jsonrpc.RemoteEndpoint handleCancellation
WARNING: Unmatched cancel notification for request id 27
2025.11.04 19:21:00 INFO  no build target found for C:\Users\leo11\OneDrive\Desktop\HTWG\AIN\Semester5\Web-apps\play-server\ProjektMemory\app\web\WebTUI.scala. Using presentation compiler with project's scala-library version: 3.3.6
2025.11.04 19:21:03 INFO  no build target found for C:\Users\leo11\OneDrive\Desktop\HTWG\AIN\Semester5\Web-apps\play-server\ProjektMemory\app\web\WebTUI.scala. Using presentation compiler with project's scala-library version: 3.3.6
2025.11.04 19:21:03 INFO  no build target found for C:\Users\leo11\OneDrive\Desktop\HTWG\AIN\Semester5\Web-apps\play-server\ProjektMemory\app\web\WebTUI.scala. Using presentation compiler with project's scala-library version: 3.3.6
2025.11.04 19:21:03 INFO  no build target found for C:\Users\leo11\OneDrive\Desktop\HTWG\AIN\Semester5\Web-apps\play-server\ProjektMemory\app\web\WebTUI.scala. Using presentation compiler with project's scala-library version: 3.3.6
2025.11.04 19:21:03 INFO  no build target found for C:\Users\leo11\OneDrive\Desktop\HTWG\AIN\Semester5\Web-apps\play-server\ProjektMemory\app\web\WebTUI.scala. Using presentation compiler with project's scala-library version: 3.3.6
2025.11.04 19:21:03 INFO  no build target found for C:\Users\leo11\OneDrive\Desktop\HTWG\AIN\Semester5\Web-apps\play-server\ProjektMemory\app\web\WebTUI.scala. Using presentation compiler with project's scala-library version: 3.3.6
2025.11.04 19:21:03 INFO  no build target found for C:\Users\leo11\OneDrive\Desktop\HTWG\AIN\Semester5\Web-apps\play-server\ProjektMemory\app\web\WebTUI.scala. Using presentation compiler with project's scala-library version: 3.3.6
2025.11.04 19:21:03 INFO  no build target found for C:\Users\leo11\OneDrive\Desktop\HTWG\AIN\Semester5\Web-apps\play-server\ProjektMemory\app\web\WebTUI.scala. Using presentation compiler with project's scala-library version: 3.3.6
2025.11.04 19:30:08 INFO  no build target found for C:\Users\leo11\OneDrive\Desktop\HTWG\AIN\Semester5\Web-apps\play-server\ProjektMemory\app\web\WebTUI.scala. Using presentation compiler with project's scala-library version: 3.3.6
2025.11.04 19:30:10 INFO  no build target found for C:\Users\leo11\OneDrive\Desktop\HTWG\AIN\Semester5\Web-apps\play-server\ProjektMemory\app\web\WebTUI.scala. Using presentation compiler with project's scala-library version: 3.3.6
2025.11.04 19:50:56 INFO  no build target found for C:\Users\leo11\OneDrive\Desktop\HTWG\AIN\Semester5\Web-apps\play-server\ProjektMemory\app\controllers\GameController.scala. Using presentation compiler with project's scala-library version: 3.3.6
2025.11.04 19:50:57 INFO  no build target found for C:\Users\leo11\OneDrive\Desktop\HTWG\AIN\Semester5\Web-apps\play-server\ProjektMemory\app\controllers\GameController.scala. Using presentation compiler with project's scala-library version: 3.3.6
2025.11.04 19:50:56 INFO  no build target found for C:\Users\leo11\OneDrive\Desktop\HTWG\AIN\Semester5\Web-apps\play-server\ProjektMemory\app\controllers\GameController.scala. Using presentation compiler with project's scala-library version: 3.3.6
2025.11.04 19:50:57 INFO  no build target found for C:\Users\leo11\OneDrive\Desktop\HTWG\AIN\Semester5\Web-apps\play-server\ProjektMemory\app\controllers\GameController.scala. Using presentation compiler with project's scala-library version: 3.3.6
2025.11.04 19:51:00 INFO  no build target found for C:\Users\leo11\OneDrive\Desktop\HTWG\AIN\Semester5\Web-apps\play-server\ProjektMemory\app\controllers\GameController.scala. Using presentation compiler with project's scala-library version: 3.3.6
2025.11.04 19:51:01 INFO  no build target found for C:\Users\leo11\OneDrive\Desktop\HTWG\AIN\Semester5\Web-apps\play-server\ProjektMemory\app\controllers\GameController.scala. Using presentation compiler with project's scala-library version: 3.3.6
2025.11.04 19:51:01 INFO  no build target found for C:\Users\leo11\OneDrive\Desktop\HTWG\AIN\Semester5\Web-apps\play-server\ProjektMemory\app\controllers\GameController.scala. Using presentation compiler with project's scala-library version: 3.3.6
2025.11.04 19:51:02 INFO  no build target found for C:\Users\leo11\OneDrive\Desktop\HTWG\AIN\Semester5\Web-apps\play-server\ProjektMemory\app\controllers\GameController.scala. Using presentation compiler with project's scala-library version: 3.3.6
2025.11.04 19:51:01 INFO  no build target found for C:\Users\leo11\OneDrive\Desktop\HTWG\AIN\Semester5\Web-apps\play-server\ProjektMemory\app\controllers\GameController.scala. Using presentation compiler with project's scala-library version: 3.3.6
2025.11.04 19:51:03 INFO  no build target found for C:\Users\leo11\OneDrive\Desktop\HTWG\AIN\Semester5\Web-apps\play-server\ProjektMemory\app\controllers\GameController.scala. Using presentation compiler with project's scala-library version: 3.3.6
2025.11.04 19:51:04 INFO  no build target found for C:\Users\leo11\OneDrive\Desktop\HTWG\AIN\Semester5\Web-apps\play-server\ProjektMemory\app\controllers\GameController.scala. Using presentation compiler with project's scala-library version: 3.3.6
2025.11.04 19:51:03 INFO  no build target found for C:\Users\leo11\OneDrive\Desktop\HTWG\AIN\Semester5\Web-apps\play-server\ProjektMemory\app\controllers\GameController.scala. Using presentation compiler with project's scala-library version: 3.3.6
2025.11.04 19:51:03 INFO  no build target found for C:\Users\leo11\OneDrive\Desktop\HTWG\AIN\Semester5\Web-apps\play-server\ProjektMemory\app\controllers\GameController.scala. Using presentation compiler with project's scala-library version: 3.3.6
2025.11.04 19:51:04 INFO  no build target found for C:\Users\leo11\OneDrive\Desktop\HTWG\AIN\Semester5\Web-apps\play-server\ProjektMemory\app\controllers\GameController.scala. Using presentation compiler with project's scala-library version: 3.3.6
2025.11.04 19:51:09 INFO  no build target found for C:\Users\leo11\OneDrive\Desktop\HTWG\AIN\Semester5\Web-apps\play-server\ProjektMemory\app\controllers\GameController.scala. Using presentation compiler with project's scala-library version: 3.3.6
2025.11.04 19:51:09 WARN  no build target for: C:\Users\leo11\OneDrive\Desktop\HTWG\AIN\Semester5\Web-apps\play-server\ProjektMemory\app\controllers\GameController.scala
2025.11.04 19:51:09 INFO  no build target found for C:\Users\leo11\OneDrive\Desktop\HTWG\AIN\Semester5\Web-apps\play-server\ProjektMemory\app\controllers\GameController.scala. Using presentation compiler with project's scala-library version: 3.3.6
2025.11.04 19:51:10 INFO  no build target found for C:\Users\leo11\OneDrive\Desktop\HTWG\AIN\Semester5\Web-apps\play-server\ProjektMemory\app\controllers\GameController.scala. Using presentation compiler with project's scala-library version: 3.3.6
2025.11.04 19:51:10 INFO  no build target found for C:\Users\leo11\OneDrive\Desktop\HTWG\AIN\Semester5\Web-apps\play-server\ProjektMemory\app\controllers\GameController.scala. Using presentation compiler with project's scala-library version: 3.3.6
2025.11.04 19:51:10 INFO  no build target found for C:\Users\leo11\OneDrive\Desktop\HTWG\AIN\Semester5\Web-apps\play-server\ProjektMemory\app\controllers\GameController.scala. Using presentation compiler with project's scala-library version: 3.3.6
2025.11.04 19:51:11 INFO  no build target found for C:\Users\leo11\OneDrive\Desktop\HTWG\AIN\Semester5\Web-apps\play-server\ProjektMemory\app\controllers\GameController.scala. Using presentation compiler with project's scala-library version: 3.3.6
2025.11.04 19:51:11 INFO  no build target found for C:\Users\leo11\OneDrive\Desktop\HTWG\AIN\Semester5\Web-apps\play-server\ProjektMemory\app\controllers\GameController.scala. Using presentation compiler with project's scala-library version: 3.3.6
2025.11.04 19:51:11 INFO  no build target found for C:\Users\leo11\OneDrive\Desktop\HTWG\AIN\Semester5\Web-apps\play-server\ProjektMemory\app\controllers\GameController.scala. Using presentation compiler with project's scala-library version: 3.3.6
2025.11.04 19:51:11 INFO  no build target found for C:\Users\leo11\OneDrive\Desktop\HTWG\AIN\Semester5\Web-apps\play-server\ProjektMemory\app\controllers\GameController.scala. Using presentation compiler with project's scala-library version: 3.3.6
2025.11.04 19:51:11 INFO  no build target found for C:\Users\leo11\OneDrive\Desktop\HTWG\AIN\Semester5\Web-apps\play-server\ProjektMemory\app\controllers\GameController.scala. Using presentation compiler with project's scala-library version: 3.3.6
2025.11.04 19:51:12 INFO  no build target found for C:\Users\leo11\OneDrive\Desktop\HTWG\AIN\Semester5\Web-apps\play-server\ProjektMemory\app\controllers\GameController.scala. Using presentation compiler with project's scala-library version: 3.3.6
2025.11.04 19:51:12 INFO  no build target found for C:\Users\leo11\OneDrive\Desktop\HTWG\AIN\Semester5\Web-apps\play-server\ProjektMemory\app\controllers\GameController.scala. Using presentation compiler with project's scala-library version: 3.3.6
2025.11.04 19:51:12 INFO  no build target found for C:\Users\leo11\OneDrive\Desktop\HTWG\AIN\Semester5\Web-apps\play-server\ProjektMemory\app\controllers\GameController.scala. Using presentation compiler with project's scala-library version: 3.3.6
2025.11.04 19:51:12 INFO  no build target found for C:\Users\leo11\OneDrive\Desktop\HTWG\AIN\Semester5\Web-apps\play-server\ProjektMemory\app\controllers\GameController.scala. Using presentation compiler with project's scala-library version: 3.3.6
2025.11.04 19:51:12 INFO  no build target found for C:\Users\leo11\OneDrive\Desktop\HTWG\AIN\Semester5\Web-apps\play-server\ProjektMemory\app\controllers\GameController.scala. Using presentation compiler with project's scala-library version: 3.3.6
2025.11.04 19:51:13 INFO  no build target found for C:\Users\leo11\OneDrive\Desktop\HTWG\AIN\Semester5\Web-apps\play-server\ProjektMemory\app\controllers\GameController.scala. Using presentation compiler with project's scala-library version: 3.3.6
2025.11.04 19:51:13 INFO  no build target found for C:\Users\leo11\OneDrive\Desktop\HTWG\AIN\Semester5\Web-apps\play-server\ProjektMemory\app\controllers\GameController.scala. Using presentation compiler with project's scala-library version: 3.3.6
2025.11.04 19:51:13 INFO  no build target found for C:\Users\leo11\OneDrive\Desktop\HTWG\AIN\Semester5\Web-apps\play-server\ProjektMemory\app\controllers\GameController.scala. Using presentation compiler with project's scala-library version: 3.3.6
2025.11.04 19:51:13 INFO  no build target found for C:\Users\leo11\OneDrive\Desktop\HTWG\AIN\Semester5\Web-apps\play-server\ProjektMemory\app\controllers\GameController.scala. Using presentation compiler with project's scala-library version: 3.3.6
2025.11.04 19:51:14 INFO  no build target found for C:\Users\leo11\OneDrive\Desktop\HTWG\AIN\Semester5\Web-apps\play-server\ProjektMemory\app\controllers\GameController.scala. Using presentation compiler with project's scala-library version: 3.3.6
2025.11.04 19:51:15 INFO  no build target found for C:\Users\leo11\OneDrive\Desktop\HTWG\AIN\Semester5\Web-apps\play-server\ProjektMemory\app\controllers\GameController.scala. Using presentation compiler with project's scala-library version: 3.3.6
2025.11.04 19:51:15 INFO  no build target found for C:\Users\leo11\OneDrive\Desktop\HTWG\AIN\Semester5\Web-apps\play-server\ProjektMemory\app\controllers\GameController.scala. Using presentation compiler with project's scala-library version: 3.3.6
2025.11.04 19:51:15 INFO  no build target found for C:\Users\leo11\OneDrive\Desktop\HTWG\AIN\Semester5\Web-apps\play-server\ProjektMemory\app\controllers\GameController.scala. Using presentation compiler with project's scala-library version: 3.3.6
2025.11.04 19:51:15 INFO  no build target found for C:\Users\leo11\OneDrive\Desktop\HTWG\AIN\Semester5\Web-apps\play-server\ProjektMemory\app\controllers\GameController.scala. Using presentation compiler with project's scala-library version: 3.3.6
2025.11.04 19:51:15 INFO  no build target found for C:\Users\leo11\OneDrive\Desktop\HTWG\AIN\Semester5\Web-apps\play-server\ProjektMemory\app\controllers\GameController.scala. Using presentation compiler with project's scala-library version: 3.3.6
2025.11.04 19:51:15 INFO  no build target found for C:\Users\leo11\OneDrive\Desktop\HTWG\AIN\Semester5\Web-apps\play-server\ProjektMemory\app\controllers\GameController.scala. Using presentation compiler with project's scala-library version: 3.3.6
2025.11.04 19:51:16 INFO  no build target found for C:\Users\leo11\OneDrive\Desktop\HTWG\AIN\Semester5\Web-apps\play-server\ProjektMemory\app\controllers\GameController.scala. Using presentation compiler with project's scala-library version: 3.3.6
2025.11.04 19:51:16 INFO  no build target found for C:\Users\leo11\OneDrive\Desktop\HTWG\AIN\Semester5\Web-apps\play-server\ProjektMemory\app\controllers\GameController.scala. Using presentation compiler with project's scala-library version: 3.3.6
2025.11.04 19:51:16 INFO  no build target found for C:\Users\leo11\OneDrive\Desktop\HTWG\AIN\Semester5\Web-apps\play-server\ProjektMemory\app\controllers\GameController.scala. Using presentation compiler with project's scala-library version: 3.3.6
2025.11.04 19:51:16 INFO  no build target found for C:\Users\leo11\OneDrive\Desktop\HTWG\AIN\Semester5\Web-apps\play-server\ProjektMemory\app\controllers\GameController.scala. Using presentation compiler with project's scala-library version: 3.3.6
2025.11.04 19:51:16 INFO  no build target found for C:\Users\leo11\OneDrive\Desktop\HTWG\AIN\Semester5\Web-apps\play-server\ProjektMemory\app\controllers\GameController.scala. Using presentation compiler with project's scala-library version: 3.3.6
2025.11.04 19:51:16 INFO  no build target found for C:\Users\leo11\OneDrive\Desktop\HTWG\AIN\Semester5\Web-apps\play-server\ProjektMemory\app\controllers\GameController.scala. Using presentation compiler with project's scala-library version: 3.3.6
2025.11.04 19:51:17 INFO  no build target found for C:\Users\leo11\OneDrive\Desktop\HTWG\AIN\Semester5\Web-apps\play-server\ProjektMemory\app\controllers\GameController.scala. Using presentation compiler with project's scala-library version: 3.3.6
2025.11.04 19:51:17 INFO  no build target found for C:\Users\leo11\OneDrive\Desktop\HTWG\AIN\Semester5\Web-apps\play-server\ProjektMemory\app\controllers\GameController.scala. Using presentation compiler with project's scala-library version: 3.3.6
2025.11.04 19:51:17 INFO  no build target found for C:\Users\leo11\OneDrive\Desktop\HTWG\AIN\Semester5\Web-apps\play-server\ProjektMemory\app\controllers\GameController.scala. Using presentation compiler with project's scala-library version: 3.3.6
2025.11.04 19:51:17 INFO  no build target found for C:\Users\leo11\OneDrive\Desktop\HTWG\AIN\Semester5\Web-apps\play-server\ProjektMemory\app\controllers\GameController.scala. Using presentation compiler with project's scala-library version: 3.3.6
2025.11.04 19:51:19 INFO  no build target found for C:\Users\leo11\OneDrive\Desktop\HTWG\AIN\Semester5\Web-apps\play-server\ProjektMemory\app\controllers\GameController.scala. Using presentation compiler with project's scala-library version: 3.3.6
2025.11.04 19:51:19 INFO  no build target found for C:\Users\leo11\OneDrive\Desktop\HTWG\AIN\Semester5\Web-apps\play-server\ProjektMemory\app\controllers\GameController.scala. Using presentation compiler with project's scala-library version: 3.3.6
2025.11.04 19:51:19 INFO  no build target found for C:\Users\leo11\OneDrive\Desktop\HTWG\AIN\Semester5\Web-apps\play-server\ProjektMemory\app\controllers\GameController.scala. Using presentation compiler with project's scala-library version: 3.3.6
2025.11.04 19:51:19 INFO  no build target found for C:\Users\leo11\OneDrive\Desktop\HTWG\AIN\Semester5\Web-apps\play-server\ProjektMemory\app\controllers\GameController.scala. Using presentation compiler with project's scala-library version: 3.3.6
2025.11.04 19:51:19 INFO  no build target found for C:\Users\leo11\OneDrive\Desktop\HTWG\AIN\Semester5\Web-apps\play-server\ProjektMemory\app\controllers\GameController.scala. Using presentation compiler with project's scala-library version: 3.3.6
2025.11.04 19:51:19 INFO  no build target found for C:\Users\leo11\OneDrive\Desktop\HTWG\AIN\Semester5\Web-apps\play-server\ProjektMemory\app\controllers\GameController.scala. Using presentation compiler with project's scala-library version: 3.3.6
2025.11.04 19:51:19 INFO  no build target found for C:\Users\leo11\OneDrive\Desktop\HTWG\AIN\Semester5\Web-apps\play-server\ProjektMemory\app\controllers\GameController.scala. Using presentation compiler with project's scala-library version: 3.3.6
2025.11.04 19:51:20 INFO  no build target found for C:\Users\leo11\OneDrive\Desktop\HTWG\AIN\Semester5\Web-apps\play-server\ProjektMemory\app\controllers\GameController.scala. Using presentation compiler with project's scala-library version: 3.3.6
2025.11.04 19:51:20 INFO  no build target found for C:\Users\leo11\OneDrive\Desktop\HTWG\AIN\Semester5\Web-apps\play-server\ProjektMemory\app\controllers\GameController.scala. Using presentation compiler with project's scala-library version: 3.3.6
2025.11.04 19:51:21 INFO  no build target found for C:\Users\leo11\OneDrive\Desktop\HTWG\AIN\Semester5\Web-apps\play-server\ProjektMemory\app\controllers\GameController.scala. Using presentation compiler with project's scala-library version: 3.3.6
2025.11.04 19:51:20 INFO  no build target found for C:\Users\leo11\OneDrive\Desktop\HTWG\AIN\Semester5\Web-apps\play-server\ProjektMemory\app\controllers\GameController.scala. Using presentation compiler with project's scala-library version: 3.3.6
2025.11.04 19:51:20 INFO  no build target found for C:\Users\leo11\OneDrive\Desktop\HTWG\AIN\Semester5\Web-apps\play-server\ProjektMemory\app\controllers\GameController.scala. Using presentation compiler with project's scala-library version: 3.3.6
2025.11.04 19:51:21 INFO  no build target found for C:\Users\leo11\OneDrive\Desktop\HTWG\AIN\Semester5\Web-apps\play-server\ProjektMemory\app\controllers\GameController.scala. Using presentation compiler with project's scala-library version: 3.3.6
2025.11.04 19:51:20 INFO  no build target found for C:\Users\leo11\OneDrive\Desktop\HTWG\AIN\Semester5\Web-apps\play-server\ProjektMemory\app\controllers\GameController.scala. Using presentation compiler with project's scala-library version: 3.3.6
2025.11.04 19:51:23 WARN  no build target for: C:\Users\leo11\OneDrive\Desktop\HTWG\AIN\Semester5\Web-apps\play-server\ProjektMemory\app\controllers\GameController.scala
2025.11.04 19:51:23 INFO  no build target found for C:\Users\leo11\OneDrive\Desktop\HTWG\AIN\Semester5\Web-apps\play-server\ProjektMemory\app\controllers\GameController.scala. Using presentation compiler with project's scala-library version: 3.3.6
2025.11.04 19:51:23 INFO  no build target found for C:\Users\leo11\OneDrive\Desktop\HTWG\AIN\Semester5\Web-apps\play-server\ProjektMemory\app\controllers\GameController.scala. Using presentation compiler with project's scala-library version: 3.3.6
2025.11.04 19:51:53 INFO  no build target found for C:\Users\leo11\OneDrive\Desktop\HTWG\AIN\Semester5\Web-apps\play-server\ProjektMemory\app\views\main_bootstrap.scala.html.scala. Using presentation compiler with project's scala-library version: 3.3.6
2025.11.04 19:51:53 WARN  no build target for: C:\Users\leo11\OneDrive\Desktop\HTWG\AIN\Semester5\Web-apps\play-server\ProjektMemory\app\views\main_bootstrap.scala.html.scala
2025.11.04 19:51:53 INFO  no build target found for C:\Users\leo11\OneDrive\Desktop\HTWG\AIN\Semester5\Web-apps\play-server\ProjektMemory\app\views\main_bootstrap.scala.html.scala. Using presentation compiler with project's scala-library version: 3.3.6
2025.11.04 19:51:54 INFO  no build target found for C:\Users\leo11\OneDrive\Desktop\HTWG\AIN\Semester5\Web-apps\play-server\ProjektMemory\app\controllers\GameController.scala. Using presentation compiler with project's scala-library version: 3.3.6
2025.11.04 19:51:54 INFO  no build target found for C:\Users\leo11\OneDrive\Desktop\HTWG\AIN\Semester5\Web-apps\play-server\ProjektMemory\app\views\main_bootstrap.scala.html.scala. Using presentation compiler with project's scala-library version: 3.3.6
2025.11.04 19:51:54 WARN  Could not find semantic tokens for: file:///C:/Users/leo11/OneDrive/Desktop/HTWG/AIN/Semester5/Web-apps/play-server/ProjektMemory/app/views/main_bootstrap.scala.html.scala
2025.11.04 19:52:06 INFO  no build target found for c:\Users\leo11\OneDrive\Desktop\HTWG\AIN\Semester5\Web-apps\play-server\ProjektMemory\app\views\main_bootstrap.scala.html.scala. Using presentation compiler with project's scala-library version: 3.3.6
2025.11.04 19:52:09 INFO  no build target found for C:\Users\leo11\OneDrive\Desktop\HTWG\AIN\Semester5\Web-apps\play-server\ProjektMemory\app\controllers\GameController.scala. Using presentation compiler with project's scala-library version: 3.3.6
2025.11.04 20:01:51 INFO  no build target found for C:\Users\leo11\OneDrive\Desktop\HTWG\AIN\Semester5\Web-apps\play-server\ProjektMemory\app\controllers\GameController.scala. Using presentation compiler with project's scala-library version: 3.3.6
2025.11.04 20:01:52 INFO  no build target found for C:\Users\leo11\OneDrive\Desktop\HTWG\AIN\Semester5\Web-apps\play-server\ProjektMemory\app\controllers\GameController.scala. Using presentation compiler with project's scala-library version: 3.3.6
2025.11.04 20:01:53 INFO  no build target found for C:\Users\leo11\OneDrive\Desktop\HTWG\AIN\Semester5\Web-apps\play-server\ProjektMemory\app\controllers\GameController.scala. Using presentation compiler with project's scala-library version: 3.3.6
Nov 04, 2025 8:01:53 PM org.eclipse.lsp4j.jsonrpc.RemoteEndpoint handleCancellation
WARNING: Unmatched cancel notification for request id 182
2025.11.04 20:01:53 INFO  no build target found for C:\Users\leo11\OneDrive\Desktop\HTWG\AIN\Semester5\Web-apps\play-server\ProjektMemory\app\controllers\GameController.scala. Using presentation compiler with project's scala-library version: 3.3.6
2025.11.04 20:01:57 WARN  no build target for: C:\Users\leo11\OneDrive\Desktop\HTWG\AIN\Semester5\Web-apps\play-server\ProjektMemory\app\controllers\GameController.scala
2025.11.04 20:01:57 INFO  no build target found for C:\Users\leo11\OneDrive\Desktop\HTWG\AIN\Semester5\Web-apps\play-server\ProjektMemory\app\controllers\GameController.scala. Using presentation compiler with project's scala-library version: 3.3.6
2025.11.04 20:01:58 INFO  no build target found for C:\Users\leo11\OneDrive\Desktop\HTWG\AIN\Semester5\Web-apps\play-server\ProjektMemory\app\controllers\GameController.scala. Using presentation compiler with project's scala-library version: 3.3.6
2025.11.04 20:01:57 INFO  no build target found for C:\Users\leo11\OneDrive\Desktop\HTWG\AIN\Semester5\Web-apps\play-server\ProjektMemory\app\controllers\GameController.scala. Using presentation compiler with project's scala-library version: 3.3.6
2025.11.04 20:01:57 INFO  no build target found for C:\Users\leo11\OneDrive\Desktop\HTWG\AIN\Semester5\Web-apps\play-server\ProjektMemory\app\controllers\GameController.scala. Using presentation compiler with project's scala-library version: 3.3.6
Nov 04, 2025 8:01:58 PM org.eclipse.lsp4j.jsonrpc.RemoteEndpoint handleCancellation
WARNING: Unmatched cancel notification for request id 192
2025.11.04 20:01:57 INFO  no build target found for C:\Users\leo11\OneDrive\Desktop\HTWG\AIN\Semester5\Web-apps\play-server\ProjektMemory\app\controllers\GameController.scala. Using presentation compiler with project's scala-library version: 3.3.6
2025.11.04 20:02:01 INFO  no build target found for C:\Users\leo11\OneDrive\Desktop\HTWG\AIN\Semester5\Web-apps\play-server\ProjektMemory\app\controllers\GameController.scala. Using presentation compiler with project's scala-library version: 3.3.6
2025.11.04 20:02:01 INFO  no build target found for C:\Users\leo11\OneDrive\Desktop\HTWG\AIN\Semester5\Web-apps\play-server\ProjektMemory\app\controllers\GameController.scala. Using presentation compiler with project's scala-library version: 3.3.6
2025.11.04 20:02:01 INFO  no build target found for C:\Users\leo11\OneDrive\Desktop\HTWG\AIN\Semester5\Web-apps\play-server\ProjektMemory\app\controllers\GameController.scala. Using presentation compiler with project's scala-library version: 3.3.6
Exception in thread "pool-41-thread-1" java.lang.InterruptedException
	at scala.meta.internal.metals.FutureCancelToken.checkCanceled(FutureCancelToken.scala:29)
	at scala.meta.internal.pc.CompilerAccess.onCompilerJobQueue$$anonfun$1(CompilerAccess.scala:244)
	at scala.meta.internal.pc.CompilerJobQueue$Job.run(CompilerJobQueue.scala:153)
	at java.base/java.util.concurrent.ThreadPoolExecutor.runWorker(ThreadPoolExecutor.java:1144)
	at java.base/java.util.concurrent.ThreadPoolExecutor$Worker.run(ThreadPoolExecutor.java:642)
	at java.base/java.lang.Thread.run(Thread.java:1570)
2025.11.04 20:02:01 INFO  no build target found for C:\Users\leo11\OneDrive\Desktop\HTWG\AIN\Semester5\Web-apps\play-server\ProjektMemory\app\controllers\GameController.scala. Using presentation compiler with project's scala-library version: 3.3.6
2025.11.04 20:02:03 INFO  no build target found for C:\Users\leo11\OneDrive\Desktop\HTWG\AIN\Semester5\Web-apps\play-server\ProjektMemory\app\controllers\GameController.scala. Using presentation compiler with project's scala-library version: 3.3.6
2025.11.04 20:02:03 INFO  no build target found for C:\Users\leo11\OneDrive\Desktop\HTWG\AIN\Semester5\Web-apps\play-server\ProjektMemory\app\controllers\GameController.scala. Using presentation compiler with project's scala-library version: 3.3.6
2025.11.04 20:02:04 INFO  no build target found for C:\Users\leo11\OneDrive\Desktop\HTWG\AIN\Semester5\Web-apps\play-server\ProjektMemory\app\controllers\GameController.scala. Using presentation compiler with project's scala-library version: 3.3.6
2025.11.04 20:02:04 INFO  no build target found for C:\Users\leo11\OneDrive\Desktop\HTWG\AIN\Semester5\Web-apps\play-server\ProjektMemory\app\controllers\GameController.scala. Using presentation compiler with project's scala-library version: 3.3.6
2025.11.04 20:02:04 INFO  no build target found for C:\Users\leo11\OneDrive\Desktop\HTWG\AIN\Semester5\Web-apps\play-server\ProjektMemory\app\controllers\GameController.scala. Using presentation compiler with project's scala-library version: 3.3.6
Nov 04, 2025 8:02:04 PM org.eclipse.lsp4j.jsonrpc.RemoteEndpoint handleCancellation
WARNING: Unmatched cancel notification for request id 208
2025.11.04 20:02:04 INFO  no build target found for C:\Users\leo11\OneDrive\Desktop\HTWG\AIN\Semester5\Web-apps\play-server\ProjektMemory\app\controllers\GameController.scala. Using presentation compiler with project's scala-library version: 3.3.6
2025.11.04 20:02:04 INFO  no build target found for C:\Users\leo11\OneDrive\Desktop\HTWG\AIN\Semester5\Web-apps\play-server\ProjektMemory\app\controllers\GameController.scala. Using presentation compiler with project's scala-library version: 3.3.6
2025.11.04 20:02:04 INFO  no build target found for C:\Users\leo11\OneDrive\Desktop\HTWG\AIN\Semester5\Web-apps\play-server\ProjektMemory\app\controllers\GameController.scala. Using presentation compiler with project's scala-library version: 3.3.6
2025.11.04 20:02:05 INFO  no build target found for C:\Users\leo11\OneDrive\Desktop\HTWG\AIN\Semester5\Web-apps\play-server\ProjektMemory\app\controllers\GameController.scala. Using presentation compiler with project's scala-library version: 3.3.6
2025.11.04 20:02:04 INFO  Created report: Optional[file:///C:/Users/leo11/OneDrive/Desktop/HTWG/AIN/Semester5/Web-apps/play-server/ProjektMemory/app/controllers/GameController.scala]
2025.11.04 20:02:04 INFO  empty definition using pc, found symbol in pc: `<none>`. (full report at: "C:\Users\leo11\OneDrive\Desktop\HTWG\AIN\Semester5\Web-apps\play-server\ProjektMemory\.metals\.reports\metals-full\2025-11-04\r_empty-definition_20-02-05-445.md")
2025.11.04 20:02:05 INFO  no build target found for C:\Users\leo11\OneDrive\Desktop\HTWG\AIN\Semester5\Web-apps\play-server\ProjektMemory\app\controllers\GameController.scala. Using presentation compiler with project's scala-library version: 3.3.6
2025.11.04 20:02:05 INFO  no build target found for C:\Users\leo11\OneDrive\Desktop\HTWG\AIN\Semester5\Web-apps\play-server\ProjektMemory\app\controllers\GameController.scala. Using presentation compiler with project's scala-library version: 3.3.6
2025.11.04 20:02:08 INFO  no build target found for C:\Users\leo11\OneDrive\Desktop\HTWG\AIN\Semester5\Web-apps\play-server\ProjektMemory\app\controllers\GameController.scala. Using presentation compiler with project's scala-library version: 3.3.6
2025.11.04 20:02:08 INFO  no build target found for C:\Users\leo11\OneDrive\Desktop\HTWG\AIN\Semester5\Web-apps\play-server\ProjektMemory\app\controllers\GameController.scala. Using presentation compiler with project's scala-library version: 3.3.6
2025.11.04 20:02:08 INFO  no build target found for C:\Users\leo11\OneDrive\Desktop\HTWG\AIN\Semester5\Web-apps\play-server\ProjektMemory\app\controllers\GameController.scala. Using presentation compiler with project's scala-library version: 3.3.6Nov 04, 2025 8:02:08 PM org.eclipse.lsp4j.jsonrpc.RemoteEndpoint handleCancellation
WARNING: Unmatched cancel notification for request id 225

2025.11.04 20:02:08 INFO  no build target found for C:\Users\leo11\OneDrive\Desktop\HTWG\AIN\Semester5\Web-apps\play-server\ProjektMemory\app\controllers\GameController.scala. Using presentation compiler with project's scala-library version: 3.3.6
2025.11.04 20:02:08 INFO  no build target found for C:\Users\leo11\OneDrive\Desktop\HTWG\AIN\Semester5\Web-apps\play-server\ProjektMemory\app\controllers\GameController.scala. Using presentation compiler with project's scala-library version: 3.3.6
2025.11.04 20:02:10 WARN  no build target for: C:\Users\leo11\OneDrive\Desktop\HTWG\AIN\Semester5\Web-apps\play-server\ProjektMemory\app\controllers\GameController.scala
2025.11.04 20:02:10 INFO  no build target found for C:\Users\leo11\OneDrive\Desktop\HTWG\AIN\Semester5\Web-apps\play-server\ProjektMemory\app\controllers\GameController.scala. Using presentation compiler with project's scala-library version: 3.3.6
2025.11.04 20:02:10 INFO  no build target found for C:\Users\leo11\OneDrive\Desktop\HTWG\AIN\Semester5\Web-apps\play-server\ProjektMemory\app\controllers\GameController.scala. Using presentation compiler with project's scala-library version: 3.3.6
2025.11.04 20:02:10 INFO  no build target found for C:\Users\leo11\OneDrive\Desktop\HTWG\AIN\Semester5\Web-apps\play-server\ProjektMemory\app\controllers\GameController.scala. Using presentation compiler with project's scala-library version: 3.3.6
2025.11.04 20:02:10 INFO  no build target found for C:\Users\leo11\OneDrive\Desktop\HTWG\AIN\Semester5\Web-apps\play-server\ProjektMemory\app\controllers\GameController.scala. Using presentation compiler with project's scala-library version: 3.3.6
2025.11.04 20:02:12 INFO  no build target found for C:\Users\leo11\OneDrive\Desktop\HTWG\AIN\Semester5\Web-apps\play-server\ProjektMemory\app\controllers\GameController.scala. Using presentation compiler with project's scala-library version: 3.3.6
2025.11.04 20:06:31 WARN  no build target for: C:\Users\leo11\OneDrive\Desktop\HTWG\AIN\Semester5\Web-apps\play-server\ProjektMemory\app\controllers\GameController.scala
2025.11.04 20:06:31 INFO  no build target found for C:\Users\leo11\OneDrive\Desktop\HTWG\AIN\Semester5\Web-apps\play-server\ProjektMemory\app\controllers\GameController.scala. Using presentation compiler with project's scala-library version: 3.3.6
2025.11.04 20:06:32 INFO  no build target found for C:\Users\leo11\OneDrive\Desktop\HTWG\AIN\Semester5\Web-apps\play-server\ProjektMemory\app\controllers\GameController.scala. Using presentation compiler with project's scala-library version: 3.3.6
Nov 04, 2025 8:06:32 PM org.eclipse.lsp4j.jsonrpc.RemoteEndpoint handleCancellation
WARNING: Unmatched cancel notification for request id 244
Nov 04, 2025 8:06:32 PM org.eclipse.lsp4j.jsonrpc.RemoteEndpoint handleCancellation
WARNING: Unmatched cancel notification for request id 243
2025.11.04 20:06:31 INFO  no build target found for C:\Users\leo11\OneDrive\Desktop\HTWG\AIN\Semester5\Web-apps\play-server\ProjektMemory\app\controllers\GameController.scala. Using presentation compiler with project's scala-library version: 3.3.6
2025.11.04 20:06:33 INFO  no build target found for C:\Users\leo11\OneDrive\Desktop\HTWG\AIN\Semester5\Web-apps\play-server\ProjektMemory\app\controllers\GameController.scala. Using presentation compiler with project's scala-library version: 3.3.6
2025.11.04 20:07:02 INFO  no build target found for C:\Users\leo11\OneDrive\Desktop\HTWG\AIN\Semester5\Web-apps\play-server\ProjektMemory\app\controllers\GameController.scala. Using presentation compiler with project's scala-library version: 3.3.6
2025.11.04 20:07:02 INFO  no build target found for C:\Users\leo11\OneDrive\Desktop\HTWG\AIN\Semester5\Web-apps\play-server\ProjektMemory\app\controllers\GameController.scala. Using presentation compiler with project's scala-library version: 3.3.6
2025.11.05 12:30:31 INFO  no build target found for C:\Users\leo11\OneDrive\Desktop\HTWG\AIN\Semester5\Web-apps\play-server\ProjektMemory\app\backend\Backend.scala. Using presentation compiler with project's scala-library version: 3.3.6
2025.11.05 12:30:32 INFO  no build target found for C:\Users\leo11\OneDrive\Desktop\HTWG\AIN\Semester5\Web-apps\play-server\ProjektMemory\app\backend\Backend.scala. Using presentation compiler with project's scala-library version: 3.3.6
2025.11.05 12:30:38 INFO  no build target found for C:\Users\leo11\OneDrive\Desktop\HTWG\AIN\Semester5\Web-apps\play-server\ProjektMemory\app\backend\Backend.scala. Using presentation compiler with project's scala-library version: 3.3.6
2025.11.05 12:30:38 INFO  no build target found for C:\Users\leo11\OneDrive\Desktop\HTWG\AIN\Semester5\Web-apps\play-server\ProjektMemory\app\controllers\AdminController.scala. Using presentation compiler with project's scala-library version: 3.3.6
2025.11.05 12:30:38 INFO  no build target found for C:\Users\leo11\OneDrive\Desktop\HTWG\AIN\Semester5\Web-apps\play-server\ProjektMemory\app\controllers\AdminController.scala. Using presentation compiler with project's scala-library version: 3.3.6
2025.11.05 12:30:44 INFO  no build target found for C:\Users\leo11\OneDrive\Desktop\HTWG\AIN\Semester5\Web-apps\play-server\ProjektMemory\app\controllers\AdminController.scala. Using presentation compiler with project's scala-library version: 3.3.6
2025.11.05 12:30:44 INFO  no build target found for C:\Users\leo11\OneDrive\Desktop\HTWG\AIN\Semester5\Web-apps\play-server\ProjektMemory\app\controllers\APIController.scala. Using presentation compiler with project's scala-library version: 3.3.6
2025.11.05 12:30:44 INFO  no build target found for C:\Users\leo11\OneDrive\Desktop\HTWG\AIN\Semester5\Web-apps\play-server\ProjektMemory\app\controllers\APIController.scala. Using presentation compiler with project's scala-library version: 3.3.6
2025.11.05 12:30:49 WARN  no build target for: C:\Users\leo11\OneDrive\Desktop\HTWG\AIN\Semester5\Web-apps\play-server\ProjektMemory\app\controllers\GameController.scala
2025.11.05 12:30:49 INFO  no build target found for C:\Users\leo11\OneDrive\Desktop\HTWG\AIN\Semester5\Web-apps\play-server\ProjektMemory\app\controllers\GameController.scala. Using presentation compiler with project's scala-library version: 3.3.6
2025.11.05 12:30:49 INFO  no build target found for C:\Users\leo11\OneDrive\Desktop\HTWG\AIN\Semester5\Web-apps\play-server\ProjektMemory\app\controllers\GameController.scala. Using presentation compiler with project's scala-library version: 3.3.6
2025.11.05 12:30:51 INFO  no build target found for C:\Users\leo11\OneDrive\Desktop\HTWG\AIN\Semester5\Web-apps\play-server\ProjektMemory\app\controllers\APIController.scala. Using presentation compiler with project's scala-library version: 3.3.6
2025.11.05 12:30:51 INFO  no build target found for C:\Users\leo11\OneDrive\Desktop\HTWG\AIN\Semester5\Web-apps\play-server\ProjektMemory\app\controllers\HomeController.scala. Using presentation compiler with project's scala-library version: 3.3.6
2025.11.05 12:30:51 INFO  no build target found for C:\Users\leo11\OneDrive\Desktop\HTWG\AIN\Semester5\Web-apps\play-server\ProjektMemory\app\controllers\HomeController.scala. Using presentation compiler with project's scala-library version: 3.3.6
Nov 05, 2025 12:30:51 PM org.eclipse.lsp4j.jsonrpc.RemoteEndpoint handleCancellation
WARNING: Unmatched cancel notification for request id 300
2025.11.05 12:30:51 INFO  no build target found for C:\Users\leo11\OneDrive\Desktop\HTWG\AIN\Semester5\Web-apps\play-server\ProjektMemory\app\controllers\HomeController.scala. Using presentation compiler with project's scala-library version: 3.3.6
2025.11.05 12:30:56 INFO  no build target found for C:\Users\leo11\OneDrive\Desktop\HTWG\AIN\Semester5\Web-apps\play-server\ProjektMemory\app\controllers\HomeController.scala. Using presentation compiler with project's scala-library version: 3.3.6
2025.11.05 12:30:56 INFO  no build target found for C:\Users\leo11\OneDrive\Desktop\HTWG\AIN\Semester5\Web-apps\play-server\ProjektMemory\app\backend\Backend.scala. Using presentation compiler with project's scala-library version: 3.3.6
2025.11.05 12:30:57 INFO  no build target found for C:\Users\leo11\OneDrive\Desktop\HTWG\AIN\Semester5\Web-apps\play-server\ProjektMemory\app\backend\Backend.scala. Using presentation compiler with project's scala-library version: 3.3.6
2025.11.05 12:30:58 INFO  no build target found for C:\Users\leo11\OneDrive\Desktop\HTWG\AIN\Semester5\Web-apps\play-server\ProjektMemory\app\backend\Backend.scala. Using presentation compiler with project's scala-library version: 3.3.6
2025.11.05 12:30:59 INFO  no build target found for C:\Users\leo11\OneDrive\Desktop\HTWG\AIN\Semester5\Web-apps\play-server\ProjektMemory\app\backend\Backend.scala. Using presentation compiler with project's scala-library version: 3.3.6
2025.11.05 12:30:59 INFO  no build target found for C:\Users\leo11\OneDrive\Desktop\HTWG\AIN\Semester5\Web-apps\play-server\ProjektMemory\app\backend\Backend.scala. Using presentation compiler with project's scala-library version: 3.3.6
2025.11.05 12:30:59 INFO  no build target found for C:\Users\leo11\OneDrive\Desktop\HTWG\AIN\Semester5\Web-apps\play-server\ProjektMemory\app\backend\Backend.scala. Using presentation compiler with project's scala-library version: 3.3.6
2025.11.05 12:33:45 INFO  no build target found for C:\Users\leo11\OneDrive\Desktop\HTWG\AIN\Semester5\Web-apps\play-server\ProjektMemory\app\backend\Backend.scala. Using presentation compiler with project's scala-library version: 3.3.6
2025.11.05 12:38:44 WARN  no build target for: C:\Users\leo11\OneDrive\Desktop\HTWG\AIN\Semester5\Web-apps\play-server\ProjektMemory\app\backend\Backend.scala
2025.11.05 12:38:44 INFO  no build target found for C:\Users\leo11\OneDrive\Desktop\HTWG\AIN\Semester5\Web-apps\play-server\ProjektMemory\app\backend\Backend.scala. Using presentation compiler with project's scala-library version: 3.3.6
2025.11.05 12:38:44 INFO  no build target found for C:\Users\leo11\OneDrive\Desktop\HTWG\AIN\Semester5\Web-apps\play-server\ProjektMemory\app\backend\Backend.scala. Using presentation compiler with project's scala-library version: 3.3.6
2025.11.05 12:38:45 INFO  no build target found for C:\Users\leo11\OneDrive\Desktop\HTWG\AIN\Semester5\Web-apps\play-server\ProjektMemory\app\backend\Backend.scala. Using presentation compiler with project's scala-library version: 3.3.6
2025.11.05 12:38:45 INFO  no build target found for C:\Users\leo11\OneDrive\Desktop\HTWG\AIN\Semester5\Web-apps\play-server\ProjektMemory\app\backend\Backend.scala. Using presentation compiler with project's scala-library version: 3.3.6
2025.11.05 12:38:46 INFO  no build target found for C:\Users\leo11\OneDrive\Desktop\HTWG\AIN\Semester5\Web-apps\play-server\ProjektMemory\app\backend\Backend.scala. Using presentation compiler with project's scala-library version: 3.3.6
2025.11.05 12:38:47 INFO  no build target found for C:\Users\leo11\OneDrive\Desktop\HTWG\AIN\Semester5\Web-apps\play-server\ProjektMemory\app\backend\Backend.scala. Using presentation compiler with project's scala-library version: 3.3.6
2025.11.05 12:38:47 INFO  no build target found for C:\Users\leo11\OneDrive\Desktop\HTWG\AIN\Semester5\Web-apps\play-server\ProjektMemory\app\backend\Backend.scala. Using presentation compiler with project's scala-library version: 3.3.6
2025.11.05 12:38:49 INFO  no build target found for C:\Users\leo11\OneDrive\Desktop\HTWG\AIN\Semester5\Web-apps\play-server\ProjektMemory\app\backend\Backend.scala. Using presentation compiler with project's scala-library version: 3.3.6
2025.11.05 12:38:51 INFO  no build target found for C:\Users\leo11\OneDrive\Desktop\HTWG\AIN\Semester5\Web-apps\play-server\ProjektMemory\app\backend\Backend.scala. Using presentation compiler with project's scala-library version: 3.3.6
2025.11.05 12:38:51 INFO  no build target found for C:\Users\leo11\OneDrive\Desktop\HTWG\AIN\Semester5\Web-apps\play-server\ProjektMemory\app\backend\Backend.scala. Using presentation compiler with project's scala-library version: 3.3.6
2025.11.05 12:38:51 INFO  no build target found for C:\Users\leo11\OneDrive\Desktop\HTWG\AIN\Semester5\Web-apps\play-server\ProjektMemory\app\backend\Backend.scala. Using presentation compiler with project's scala-library version: 3.3.6
2025.11.05 12:38:51 INFO  no build target found for C:\Users\leo11\OneDrive\Desktop\HTWG\AIN\Semester5\Web-apps\play-server\ProjektMemory\app\backend\Backend.scala. Using presentation compiler with project's scala-library version: 3.3.6
2025.11.05 12:38:53 INFO  no build target found for C:\Users\leo11\OneDrive\Desktop\HTWG\AIN\Semester5\Web-apps\play-server\ProjektMemory\app\backend\Backend.scala. Using presentation compiler with project's scala-library version: 3.3.6
2025.11.05 12:38:54 INFO  no build target found for C:\Users\leo11\OneDrive\Desktop\HTWG\AIN\Semester5\Web-apps\play-server\ProjektMemory\app\backend\Backend.scala. Using presentation compiler with project's scala-library version: 3.3.6
2025.11.05 12:39:05 INFO  no build target found for C:\Users\leo11\OneDrive\Desktop\HTWG\AIN\Semester5\Web-apps\play-server\ProjektMemory\app\backend\Backend.scala. Using presentation compiler with project's scala-library version: 3.3.6
2025.11.05 12:39:05 INFO  no build target found for C:\Users\leo11\OneDrive\Desktop\HTWG\AIN\Semester5\Web-apps\play-server\ProjektMemory\app\backend\Backend.scala. Using presentation compiler with project's scala-library version: 3.3.6
2025.11.05 12:39:05 INFO  no build target found for C:\Users\leo11\OneDrive\Desktop\HTWG\AIN\Semester5\Web-apps\play-server\ProjektMemory\app\backend\Backend.scala. Using presentation compiler with project's scala-library version: 3.3.6
2025.11.05 12:39:17 WARN  no build target for: C:\Users\leo11\OneDrive\Desktop\HTWG\AIN\Semester5\Web-apps\play-server\ProjektMemory\app\controllers\GameController.scala
2025.11.05 12:39:17 INFO  no build target found for C:\Users\leo11\OneDrive\Desktop\HTWG\AIN\Semester5\Web-apps\play-server\ProjektMemory\app\controllers\GameController.scala. Using presentation compiler with project's scala-library version: 3.3.6
2025.11.05 12:39:17 INFO  no build target found for C:\Users\leo11\OneDrive\Desktop\HTWG\AIN\Semester5\Web-apps\play-server\ProjektMemory\app\controllers\GameController.scala. Using presentation compiler with project's scala-library version: 3.3.6
2025.11.05 12:39:17 INFO  no build target found for C:\Users\leo11\OneDrive\Desktop\HTWG\AIN\Semester5\Web-apps\play-server\ProjektMemory\app\controllers\GameController.scala. Using presentation compiler with project's scala-library version: 3.3.6
2025.11.05 12:39:32 INFO  no build target found for C:\Users\leo11\OneDrive\Desktop\HTWG\AIN\Semester5\Web-apps\play-server\ProjektMemory\app\controllers\GameController.scala. Using presentation compiler with project's scala-library version: 3.3.6
2025.11.05 12:39:32 INFO  no build target found for C:\Users\leo11\OneDrive\Desktop\HTWG\AIN\Semester5\Web-apps\play-server\ProjektMemory\app\controllers\GameController.scala. Using presentation compiler with project's scala-library version: 3.3.6
2025.11.05 12:39:32 INFO  no build target found for C:\Users\leo11\OneDrive\Desktop\HTWG\AIN\Semester5\Web-apps\play-server\ProjektMemory\app\controllers\GameController.scala. Using presentation compiler with project's scala-library version: 3.3.6
2025.11.05 12:39:33 INFO  no build target found for C:\Users\leo11\OneDrive\Desktop\HTWG\AIN\Semester5\Web-apps\play-server\ProjektMemory\app\controllers\GameController.scala. Using presentation compiler with project's scala-library version: 3.3.6
2025.11.05 12:39:33 INFO  no build target found for C:\Users\leo11\OneDrive\Desktop\HTWG\AIN\Semester5\Web-apps\play-server\ProjektMemory\app\controllers\GameController.scala. Using presentation compiler with project's scala-library version: 3.3.6
2025.11.05 12:39:33 INFO  no build target found for C:\Users\leo11\OneDrive\Desktop\HTWG\AIN\Semester5\Web-apps\play-server\ProjektMemory\app\controllers\GameController.scala. Using presentation compiler with project's scala-library version: 3.3.6
2025.11.05 12:39:39 INFO  no build target found for C:\Users\leo11\OneDrive\Desktop\HTWG\AIN\Semester5\Web-apps\play-server\ProjektMemory\app\controllers\GameController.scala. Using presentation compiler with project's scala-library version: 3.3.6
2025.11.05 12:39:39 INFO  no build target found for C:\Users\leo11\OneDrive\Desktop\HTWG\AIN\Semester5\Web-apps\play-server\ProjektMemory\app\controllers\GameController.scala. Using presentation compiler with project's scala-library version: 3.3.6
2025.11.05 12:39:42 INFO  no build target found for C:\Users\leo11\OneDrive\Desktop\HTWG\AIN\Semester5\Web-apps\play-server\ProjektMemory\app\controllers\GameController.scala. Using presentation compiler with project's scala-library version: 3.3.6
2025.11.05 12:39:42 INFO  no build target found for C:\Users\leo11\OneDrive\Desktop\HTWG\AIN\Semester5\Web-apps\play-server\ProjektMemory\app\controllers\GameController.scala. Using presentation compiler with project's scala-library version: 3.3.6
2025.11.05 12:39:42 INFO  no build target found for C:\Users\leo11\OneDrive\Desktop\HTWG\AIN\Semester5\Web-apps\play-server\ProjektMemory\app\controllers\GameController.scala. Using presentation compiler with project's scala-library version: 3.3.6
2025.11.05 12:39:44 INFO  no build target found for C:\Users\leo11\OneDrive\Desktop\HTWG\AIN\Semester5\Web-apps\play-server\ProjektMemory\app\controllers\GameController.scala. Using presentation compiler with project's scala-library version: 3.3.6
2025.11.05 12:39:44 INFO  no build target found for C:\Users\leo11\OneDrive\Desktop\HTWG\AIN\Semester5\Web-apps\play-server\ProjektMemory\app\controllers\GameController.scala. Using presentation compiler with project's scala-library version: 3.3.6
2025.11.05 12:39:49 INFO  no build target found for C:\Users\leo11\OneDrive\Desktop\HTWG\AIN\Semester5\Web-apps\play-server\ProjektMemory\app\controllers\GameController.scala. Using presentation compiler with project's scala-library version: 3.3.6
2025.11.05 12:39:49 INFO  no build target found for C:\Users\leo11\OneDrive\Desktop\HTWG\AIN\Semester5\Web-apps\play-server\ProjektMemory\app\controllers\GameController.scala. Using presentation compiler with project's scala-library version: 3.3.6
2025.11.05 12:39:52 WARN  no build target for: C:\Users\leo11\OneDrive\Desktop\HTWG\AIN\Semester5\Web-apps\play-server\ProjektMemory\app\controllers\GameController.scala
2025.11.05 12:39:52 INFO  no build target found for C:\Users\leo11\OneDrive\Desktop\HTWG\AIN\Semester5\Web-apps\play-server\ProjektMemory\app\controllers\GameController.scala. Using presentation compiler with project's scala-library version: 3.3.6
2025.11.05 12:39:53 INFO  no build target found for C:\Users\leo11\OneDrive\Desktop\HTWG\AIN\Semester5\Web-apps\play-server\ProjektMemory\app\controllers\GameController.scala. Using presentation compiler with project's scala-library version: 3.3.6
2025.11.05 12:39:52 INFO  no build target found for C:\Users\leo11\OneDrive\Desktop\HTWG\AIN\Semester5\Web-apps\play-server\ProjektMemory\app\controllers\GameController.scala. Using presentation compiler with project's scala-library version: 3.3.6
2025.11.05 12:39:54 INFO  no build target found for C:\Users\leo11\OneDrive\Desktop\HTWG\AIN\Semester5\Web-apps\play-server\ProjektMemory\app\controllers\GameController.scala. Using presentation compiler with project's scala-library version: 3.3.6
2025.11.05 12:39:57 WARN  no build target for: C:\Users\leo11\OneDrive\Desktop\HTWG\AIN\Semester5\Web-apps\play-server\ProjektMemory\app\controllers\GameController.scala
2025.11.05 12:39:57 INFO  no build target found for C:\Users\leo11\OneDrive\Desktop\HTWG\AIN\Semester5\Web-apps\play-server\ProjektMemory\app\controllers\GameController.scala. Using presentation compiler with project's scala-library version: 3.3.6
2025.11.05 12:39:57 INFO  no build target found for C:\Users\leo11\OneDrive\Desktop\HTWG\AIN\Semester5\Web-apps\play-server\ProjektMemory\app\controllers\GameController.scala. Using presentation compiler with project's scala-library version: 3.3.6
2025.11.05 12:40:01 INFO  no build target found for C:\Users\leo11\OneDrive\Desktop\HTWG\AIN\Semester5\Web-apps\play-server\ProjektMemory\app\controllers\GameController.scala. Using presentation compiler with project's scala-library version: 3.3.6
2025.11.05 12:40:01 INFO  no build target found for C:\Users\leo11\OneDrive\Desktop\HTWG\AIN\Semester5\Web-apps\play-server\ProjektMemory\app\controllers\GameController.scala. Using presentation compiler with project's scala-library version: 3.3.6
2025.11.05 12:40:01 INFO  no build target found for C:\Users\leo11\OneDrive\Desktop\HTWG\AIN\Semester5\Web-apps\play-server\ProjektMemory\app\controllers\GameController.scala. Using presentation compiler with project's scala-library version: 3.3.6
2025.11.05 12:40:05 INFO  no build target found for C:\Users\leo11\OneDrive\Desktop\HTWG\AIN\Semester5\Web-apps\play-server\ProjektMemory\app\controllers\GameController.scala. Using presentation compiler with project's scala-library version: 3.3.6
2025.11.05 12:40:06 INFO  no build target found for C:\Users\leo11\OneDrive\Desktop\HTWG\AIN\Semester5\Web-apps\play-server\ProjektMemory\app\controllers\GameController.scala. Using presentation compiler with project's scala-library version: 3.3.6
2025.11.05 12:40:06 INFO  no build target found for C:\Users\leo11\OneDrive\Desktop\HTWG\AIN\Semester5\Web-apps\play-server\ProjektMemory\app\controllers\GameController.scala. Using presentation compiler with project's scala-library version: 3.3.6
2025.11.05 12:40:06 INFO  no build target found for C:\Users\leo11\OneDrive\Desktop\HTWG\AIN\Semester5\Web-apps\play-server\ProjektMemory\app\controllers\GameController.scala. Using presentation compiler with project's scala-library version: 3.3.6
2025.11.05 12:40:07 INFO  no build target found for C:\Users\leo11\OneDrive\Desktop\HTWG\AIN\Semester5\Web-apps\play-server\ProjektMemory\app\controllers\GameController.scala. Using presentation compiler with project's scala-library version: 3.3.6
2025.11.05 12:40:07 WARN  no build target for: C:\Users\leo11\OneDrive\Desktop\HTWG\AIN\Semester5\Web-apps\play-server\ProjektMemory\app\controllers\GameController.scala
2025.11.05 12:40:07 INFO  no build target found for C:\Users\leo11\OneDrive\Desktop\HTWG\AIN\Semester5\Web-apps\play-server\ProjektMemory\app\controllers\GameController.scala. Using presentation compiler with project's scala-library version: 3.3.6
2025.11.05 12:43:08 WARN  no build target for: C:\Users\leo11\OneDrive\Desktop\HTWG\AIN\Semester5\Web-apps\play-server\ProjektMemory\app\controllers\GameController.scala
2025.11.05 12:43:08 INFO  no build target found for C:\Users\leo11\OneDrive\Desktop\HTWG\AIN\Semester5\Web-apps\play-server\ProjektMemory\app\controllers\GameController.scala. Using presentation compiler with project's scala-library version: 3.3.6
2025.11.05 12:43:08 INFO  no build target found for C:\Users\leo11\OneDrive\Desktop\HTWG\AIN\Semester5\Web-apps\play-server\ProjektMemory\app\controllers\GameController.scala. Using presentation compiler with project's scala-library version: 3.3.6
2025.11.05 12:43:08 INFO  no build target found for C:\Users\leo11\OneDrive\Desktop\HTWG\AIN\Semester5\Web-apps\play-server\ProjektMemory\app\controllers\GameController.scala. Using presentation compiler with project's scala-library version: 3.3.6
2025.11.05 12:43:08 INFO  no build target found for C:\Users\leo11\OneDrive\Desktop\HTWG\AIN\Semester5\Web-apps\play-server\ProjektMemory\app\controllers\GameController.scala. Using presentation compiler with project's scala-library version: 3.3.6
2025.11.05 12:43:10 INFO  no build target found for C:\Users\leo11\OneDrive\Desktop\HTWG\AIN\Semester5\Web-apps\play-server\ProjektMemory\app\controllers\GameController.scala. Using presentation compiler with project's scala-library version: 3.3.6
2025.11.05 12:43:18 INFO  no build target found for C:\Users\leo11\OneDrive\Desktop\HTWG\AIN\Semester5\Web-apps\play-server\ProjektMemory\app\controllers\GameController.scala. Using presentation compiler with project's scala-library version: 3.3.6
2025.11.05 12:43:19 INFO  no build target found for C:\Users\leo11\OneDrive\Desktop\HTWG\AIN\Semester5\Web-apps\play-server\ProjektMemory\app\controllers\GameController.scala. Using presentation compiler with project's scala-library version: 3.3.6
2025.11.05 12:43:19 INFO  no build target found for C:\Users\leo11\OneDrive\Desktop\HTWG\AIN\Semester5\Web-apps\play-server\ProjektMemory\app\controllers\GameController.scala. Using presentation compiler with project's scala-library version: 3.3.6
2025.11.05 12:43:19 INFO  no build target found for C:\Users\leo11\OneDrive\Desktop\HTWG\AIN\Semester5\Web-apps\play-server\ProjektMemory\app\controllers\GameController.scala. Using presentation compiler with project's scala-library version: 3.3.6
2025.11.05 12:43:20 INFO  no build target found for C:\Users\leo11\OneDrive\Desktop\HTWG\AIN\Semester5\Web-apps\play-server\ProjektMemory\app\controllers\GameController.scala. Using presentation compiler with project's scala-library version: 3.3.6
2025.11.05 12:43:20 INFO  no build target found for C:\Users\leo11\OneDrive\Desktop\HTWG\AIN\Semester5\Web-apps\play-server\ProjektMemory\app\controllers\GameController.scala. Using presentation compiler with project's scala-library version: 3.3.6
2025.11.05 12:43:21 INFO  no build target found for C:\Users\leo11\OneDrive\Desktop\HTWG\AIN\Semester5\Web-apps\play-server\ProjektMemory\app\controllers\GameController.scala. Using presentation compiler with project's scala-library version: 3.3.6
2025.11.05 12:43:21 INFO  no build target found for C:\Users\leo11\OneDrive\Desktop\HTWG\AIN\Semester5\Web-apps\play-server\ProjektMemory\app\controllers\GameController.scala. Using presentation compiler with project's scala-library version: 3.3.6
2025.11.05 12:43:21 INFO  no build target found for C:\Users\leo11\OneDrive\Desktop\HTWG\AIN\Semester5\Web-apps\play-server\ProjektMemory\app\controllers\GameController.scala. Using presentation compiler with project's scala-library version: 3.3.6
2025.11.05 12:43:21 INFO  no build target found for C:\Users\leo11\OneDrive\Desktop\HTWG\AIN\Semester5\Web-apps\play-server\ProjektMemory\app\controllers\GameController.scala. Using presentation compiler with project's scala-library version: 3.3.6
2025.11.05 12:43:22 INFO  no build target found for C:\Users\leo11\OneDrive\Desktop\HTWG\AIN\Semester5\Web-apps\play-server\ProjektMemory\app\controllers\GameController.scala. Using presentation compiler with project's scala-library version: 3.3.6
2025.11.05 12:43:24 WARN  no build target for: C:\Users\leo11\OneDrive\Desktop\HTWG\AIN\Semester5\Web-apps\play-server\ProjektMemory\app\controllers\GameController.scala
2025.11.05 12:43:24 INFO  no build target found for C:\Users\leo11\OneDrive\Desktop\HTWG\AIN\Semester5\Web-apps\play-server\ProjektMemory\app\controllers\GameController.scala. Using presentation compiler with project's scala-library version: 3.3.6
2025.11.05 12:43:24 INFO  no build target found for C:\Users\leo11\OneDrive\Desktop\HTWG\AIN\Semester5\Web-apps\play-server\ProjektMemory\app\controllers\GameController.scala. Using presentation compiler with project's scala-library version: 3.3.6
2025.11.05 12:44:27 INFO  no build target found for C:\Users\leo11\OneDrive\Desktop\HTWG\AIN\Semester5\Web-apps\play-server\ProjektMemory\app\controllers\GameController.scala. Using presentation compiler with project's scala-library version: 3.3.6
2025.11.05 12:44:27 INFO  no build target found for C:\Users\leo11\OneDrive\Desktop\HTWG\AIN\Semester5\Web-apps\play-server\ProjektMemory\app\controllers\GameController.scala. Using presentation compiler with project's scala-library version: 3.3.6
2025.11.05 12:44:28 INFO  no build target found for C:\Users\leo11\OneDrive\Desktop\HTWG\AIN\Semester5\Web-apps\play-server\ProjektMemory\app\controllers\GameController.scala. Using presentation compiler with project's scala-library version: 3.3.6
2025.11.05 12:44:29 INFO  no build target found for C:\Users\leo11\OneDrive\Desktop\HTWG\AIN\Semester5\Web-apps\play-server\ProjektMemory\app\controllers\GameController.scala. Using presentation compiler with project's scala-library version: 3.3.6
2025.11.05 12:44:30 INFO  no build target found for C:\Users\leo11\OneDrive\Desktop\HTWG\AIN\Semester5\Web-apps\play-server\ProjektMemory\app\controllers\GameController.scala. Using presentation compiler with project's scala-library version: 3.3.6
2025.11.05 12:44:32 INFO  no build target found for C:\Users\leo11\OneDrive\Desktop\HTWG\AIN\Semester5\Web-apps\play-server\ProjektMemory\app\controllers\GameController.scala. Using presentation compiler with project's scala-library version: 3.3.6
2025.11.05 12:44:32 INFO  no build target found for C:\Users\leo11\OneDrive\Desktop\HTWG\AIN\Semester5\Web-apps\play-server\ProjektMemory\app\controllers\GameController.scala. Using presentation compiler with project's scala-library version: 3.3.6
2025.11.05 12:44:32 INFO  no build target found for C:\Users\leo11\OneDrive\Desktop\HTWG\AIN\Semester5\Web-apps\play-server\ProjektMemory\app\controllers\GameController.scala. Using presentation compiler with project's scala-library version: 3.3.6
2025.11.05 12:44:32 INFO  no build target found for C:\Users\leo11\OneDrive\Desktop\HTWG\AIN\Semester5\Web-apps\play-server\ProjektMemory\app\controllers\GameController.scala. Using presentation compiler with project's scala-library version: 3.3.6
2025.11.05 12:44:34 INFO  no build target found for C:\Users\leo11\OneDrive\Desktop\HTWG\AIN\Semester5\Web-apps\play-server\ProjektMemory\app\controllers\GameController.scala. Using presentation compiler with project's scala-library version: 3.3.6
2025.11.05 12:44:34 INFO  no build target found for C:\Users\leo11\OneDrive\Desktop\HTWG\AIN\Semester5\Web-apps\play-server\ProjektMemory\app\controllers\GameController.scala. Using presentation compiler with project's scala-library version: 3.3.6
2025.11.05 12:44:34 INFO  no build target found for C:\Users\leo11\OneDrive\Desktop\HTWG\AIN\Semester5\Web-apps\play-server\ProjektMemory\app\controllers\GameController.scala. Using presentation compiler with project's scala-library version: 3.3.6
2025.11.05 12:44:34 INFO  no build target found for C:\Users\leo11\OneDrive\Desktop\HTWG\AIN\Semester5\Web-apps\play-server\ProjektMemory\app\controllers\GameController.scala. Using presentation compiler with project's scala-library version: 3.3.6
2025.11.05 12:44:34 INFO  no build target found for C:\Users\leo11\OneDrive\Desktop\HTWG\AIN\Semester5\Web-apps\play-server\ProjektMemory\app\controllers\GameController.scala. Using presentation compiler with project's scala-library version: 3.3.6
2025.11.05 12:44:35 INFO  no build target found for C:\Users\leo11\OneDrive\Desktop\HTWG\AIN\Semester5\Web-apps\play-server\ProjektMemory\app\controllers\GameController.scala. Using presentation compiler with project's scala-library version: 3.3.6
2025.11.05 12:44:35 INFO  no build target found for C:\Users\leo11\OneDrive\Desktop\HTWG\AIN\Semester5\Web-apps\play-server\ProjektMemory\app\controllers\GameController.scala. Using presentation compiler with project's scala-library version: 3.3.6
2025.11.05 12:44:34 INFO  no build target found for C:\Users\leo11\OneDrive\Desktop\HTWG\AIN\Semester5\Web-apps\play-server\ProjektMemory\app\controllers\GameController.scala. Using presentation compiler with project's scala-library version: 3.3.6
2025.11.05 12:44:34 INFO  no build target found for C:\Users\leo11\OneDrive\Desktop\HTWG\AIN\Semester5\Web-apps\play-server\ProjektMemory\app\controllers\GameController.scala. Using presentation compiler with project's scala-library version: 3.3.6
2025.11.05 12:44:36 INFO  no build target found for C:\Users\leo11\OneDrive\Desktop\HTWG\AIN\Semester5\Web-apps\play-server\ProjektMemory\app\controllers\GameController.scala. Using presentation compiler with project's scala-library version: 3.3.6
2025.11.05 12:44:36 INFO  no build target found for C:\Users\leo11\OneDrive\Desktop\HTWG\AIN\Semester5\Web-apps\play-server\ProjektMemory\app\controllers\GameController.scala. Using presentation compiler with project's scala-library version: 3.3.6
2025.11.05 12:44:37 INFO  no build target found for C:\Users\leo11\OneDrive\Desktop\HTWG\AIN\Semester5\Web-apps\play-server\ProjektMemory\app\controllers\GameController.scala. Using presentation compiler with project's scala-library version: 3.3.6
2025.11.05 12:44:39 WARN  no build target for: C:\Users\leo11\OneDrive\Desktop\HTWG\AIN\Semester5\Web-apps\play-server\ProjektMemory\app\controllers\GameController.scala
2025.11.05 12:44:39 INFO  no build target found for C:\Users\leo11\OneDrive\Desktop\HTWG\AIN\Semester5\Web-apps\play-server\ProjektMemory\app\controllers\GameController.scala. Using presentation compiler with project's scala-library version: 3.3.6
2025.11.05 12:44:39 INFO  no build target found for C:\Users\leo11\OneDrive\Desktop\HTWG\AIN\Semester5\Web-apps\play-server\ProjektMemory\app\controllers\GameController.scala. Using presentation compiler with project's scala-library version: 3.3.6
2025.11.05 12:45:04 INFO  no build target found for C:\Users\leo11\OneDrive\Desktop\HTWG\AIN\Semester5\Web-apps\play-server\ProjektMemory\app\controllers\GameController.scala. Using presentation compiler with project's scala-library version: 3.3.6
2025.11.05 12:45:04 INFO  no build target found for C:\Users\leo11\OneDrive\Desktop\HTWG\AIN\Semester5\Web-apps\play-server\ProjektMemory\app\controllers\GameController.scala. Using presentation compiler with project's scala-library version: 3.3.6
2025.11.05 12:45:05 INFO  no build target found for C:\Users\leo11\OneDrive\Desktop\HTWG\AIN\Semester5\Web-apps\play-server\ProjektMemory\app\controllers\GameController.scala. Using presentation compiler with project's scala-library version: 3.3.6
2025.11.05 12:45:05 INFO  no build target found for C:\Users\leo11\OneDrive\Desktop\HTWG\AIN\Semester5\Web-apps\play-server\ProjektMemory\app\controllers\GameController.scala. Using presentation compiler with project's scala-library version: 3.3.6
2025.11.05 12:45:05 INFO  no build target found for C:\Users\leo11\OneDrive\Desktop\HTWG\AIN\Semester5\Web-apps\play-server\ProjektMemory\app\controllers\GameController.scala. Using presentation compiler with project's scala-library version: 3.3.6
2025.11.05 12:45:07 WARN  no build target for: C:\Users\leo11\OneDrive\Desktop\HTWG\AIN\Semester5\Web-apps\play-server\ProjektMemory\app\controllers\GameController.scala
2025.11.05 12:45:07 INFO  no build target found for C:\Users\leo11\OneDrive\Desktop\HTWG\AIN\Semester5\Web-apps\play-server\ProjektMemory\app\controllers\GameController.scala. Using presentation compiler with project's scala-library version: 3.3.6
2025.11.05 12:45:07 INFO  no build target found for C:\Users\leo11\OneDrive\Desktop\HTWG\AIN\Semester5\Web-apps\play-server\ProjektMemory\app\controllers\GameController.scala. Using presentation compiler with project's scala-library version: 3.3.6
2025.11.05 12:45:18 INFO  no build target found for C:\Users\leo11\OneDrive\Desktop\HTWG\AIN\Semester5\Web-apps\play-server\ProjektMemory\app\controllers\GameController.scala. Using presentation compiler with project's scala-library version: 3.3.6
2025.11.05 12:45:18 INFO  no build target found for C:\Users\leo11\OneDrive\Desktop\HTWG\AIN\Semester5\Web-apps\play-server\ProjektMemory\app\controllers\GameController.scala. Using presentation compiler with project's scala-library version: 3.3.6
2025.11.05 12:45:29 INFO  no build target found for C:\Users\leo11\OneDrive\Desktop\HTWG\AIN\Semester5\Web-apps\play-server\ProjektMemory\app\controllers\GameController.scala. Using presentation compiler with project's scala-library version: 3.3.6
2025.11.05 12:45:29 INFO  no build target found for C:\Users\leo11\OneDrive\Desktop\HTWG\AIN\Semester5\Web-apps\play-server\ProjektMemory\app\controllers\GameController.scala. Using presentation compiler with project's scala-library version: 3.3.6
2025.11.05 12:45:33 INFO  no build target found for C:\Users\leo11\OneDrive\Desktop\HTWG\AIN\Semester5\Web-apps\play-server\ProjektMemory\app\controllers\GameController.scala. Using presentation compiler with project's scala-library version: 3.3.6
2025.11.05 12:45:45 INFO  no build target found for C:\Users\leo11\OneDrive\Desktop\HTWG\AIN\Semester5\Web-apps\play-server\ProjektMemory\app\controllers\GameController.scala. Using presentation compiler with project's scala-library version: 3.3.6
2025.11.05 12:45:45 INFO  no build target found for C:\Users\leo11\OneDrive\Desktop\HTWG\AIN\Semester5\Web-apps\play-server\ProjektMemory\app\controllers\GameController.scala. Using presentation compiler with project's scala-library version: 3.3.6
2025.11.05 12:45:45 INFO  no build target found for C:\Users\leo11\OneDrive\Desktop\HTWG\AIN\Semester5\Web-apps\play-server\ProjektMemory\app\controllers\GameController.scala. Using presentation compiler with project's scala-library version: 3.3.6
2025.11.05 12:45:45 INFO  no build target found for C:\Users\leo11\OneDrive\Desktop\HTWG\AIN\Semester5\Web-apps\play-server\ProjektMemory\app\controllers\GameController.scala. Using presentation compiler with project's scala-library version: 3.3.6
2025.11.05 12:45:46 INFO  no build target found for C:\Users\leo11\OneDrive\Desktop\HTWG\AIN\Semester5\Web-apps\play-server\ProjektMemory\app\controllers\GameController.scala. Using presentation compiler with project's scala-library version: 3.3.6
2025.11.05 12:45:46 INFO  no build target found for C:\Users\leo11\OneDrive\Desktop\HTWG\AIN\Semester5\Web-apps\play-server\ProjektMemory\app\controllers\GameController.scala. Using presentation compiler with project's scala-library version: 3.3.6
2025.11.05 12:45:46 INFO  no build target found for C:\Users\leo11\OneDrive\Desktop\HTWG\AIN\Semester5\Web-apps\play-server\ProjektMemory\app\controllers\GameController.scala. Using presentation compiler with project's scala-library version: 3.3.6
2025.11.05 12:45:47 INFO  no build target found for C:\Users\leo11\OneDrive\Desktop\HTWG\AIN\Semester5\Web-apps\play-server\ProjektMemory\app\controllers\GameController.scala. Using presentation compiler with project's scala-library version: 3.3.6
2025.11.05 12:45:49 WARN  no build target for: C:\Users\leo11\OneDrive\Desktop\HTWG\AIN\Semester5\Web-apps\play-server\ProjektMemory\app\controllers\GameController.scala
2025.11.05 12:45:49 INFO  no build target found for C:\Users\leo11\OneDrive\Desktop\HTWG\AIN\Semester5\Web-apps\play-server\ProjektMemory\app\controllers\GameController.scala. Using presentation compiler with project's scala-library version: 3.3.6
2025.11.05 12:45:49 INFO  no build target found for C:\Users\leo11\OneDrive\Desktop\HTWG\AIN\Semester5\Web-apps\play-server\ProjektMemory\app\controllers\GameController.scala. Using presentation compiler with project's scala-library version: 3.3.6
2025.11.05 12:45:49 INFO  no build target found for C:\Users\leo11\OneDrive\Desktop\HTWG\AIN\Semester5\Web-apps\play-server\ProjektMemory\app\controllers\GameController.scala. Using presentation compiler with project's scala-library version: 3.3.6
2025.11.05 12:49:29 WARN  no build target for: C:\Users\leo11\OneDrive\Desktop\HTWG\AIN\Semester5\Web-apps\play-server\ProjektMemory\app\controllers\GameController.scala
2025.11.05 12:49:29 INFO  no build target found for C:\Users\leo11\OneDrive\Desktop\HTWG\AIN\Semester5\Web-apps\play-server\ProjektMemory\app\controllers\GameController.scala. Using presentation compiler with project's scala-library version: 3.3.6
2025.11.05 12:49:29 INFO  no build target found for C:\Users\leo11\OneDrive\Desktop\HTWG\AIN\Semester5\Web-apps\play-server\ProjektMemory\app\controllers\GameController.scala. Using presentation compiler with project's scala-library version: 3.3.6
2025.11.05 12:49:29 INFO  no build target found for C:\Users\leo11\OneDrive\Desktop\HTWG\AIN\Semester5\Web-apps\play-server\ProjektMemory\app\controllers\GameController.scala. Using presentation compiler with project's scala-library version: 3.3.6
2025.11.05 12:49:29 INFO  no build target found for C:\Users\leo11\OneDrive\Desktop\HTWG\AIN\Semester5\Web-apps\play-server\ProjektMemory\app\controllers\GameController.scala. Using presentation compiler with project's scala-library version: 3.3.6
2025.11.05 12:49:32 INFO  no build target found for C:\Users\leo11\OneDrive\Desktop\HTWG\AIN\Semester5\Web-apps\play-server\ProjektMemory\app\controllers\GameController.scala. Using presentation compiler with project's scala-library version: 3.3.6
2025.11.05 12:49:32 INFO  no build target found for C:\Users\leo11\OneDrive\Desktop\HTWG\AIN\Semester5\Web-apps\play-server\ProjektMemory\app\controllers\GameController.scala. Using presentation compiler with project's scala-library version: 3.3.6
2025.11.05 12:49:32 INFO  no build target found for C:\Users\leo11\OneDrive\Desktop\HTWG\AIN\Semester5\Web-apps\play-server\ProjektMemory\app\controllers\GameController.scala. Using presentation compiler with project's scala-library version: 3.3.6
2025.11.05 12:49:32 INFO  no build target found for C:\Users\leo11\OneDrive\Desktop\HTWG\AIN\Semester5\Web-apps\play-server\ProjektMemory\app\controllers\GameController.scala. Using presentation compiler with project's scala-library version: 3.3.6
2025.11.05 12:49:32 INFO  empty definition using pc, found symbol in pc: `<none>`. (full report at: "C:\Users\leo11\OneDrive\Desktop\HTWG\AIN\Semester5\Web-apps\play-server\ProjektMemory\.metals\.reports\metals-full\2025-11-04\r_empty-definition_20-02-05-445.md")
2025.11.05 12:49:32 INFO  no build target found for C:\Users\leo11\OneDrive\Desktop\HTWG\AIN\Semester5\Web-apps\play-server\ProjektMemory\app\controllers\GameController.scala. Using presentation compiler with project's scala-library version: 3.3.6
2025.11.05 12:49:32 INFO  no build target found for C:\Users\leo11\OneDrive\Desktop\HTWG\AIN\Semester5\Web-apps\play-server\ProjektMemory\app\controllers\GameController.scala. Using presentation compiler with project's scala-library version: 3.3.6
2025.11.05 12:49:35 WARN  no build target for: C:\Users\leo11\OneDrive\Desktop\HTWG\AIN\Semester5\Web-apps\play-server\ProjektMemory\app\controllers\GameController.scala
2025.11.05 12:49:35 INFO  no build target found for C:\Users\leo11\OneDrive\Desktop\HTWG\AIN\Semester5\Web-apps\play-server\ProjektMemory\app\controllers\GameController.scala. Using presentation compiler with project's scala-library version: 3.3.6
2025.11.05 12:50:46 INFO  no build target found for C:\Users\leo11\OneDrive\Desktop\HTWG\AIN\Semester5\Web-apps\play-server\ProjektMemory\app\controllers\GameController.scala. Using presentation compiler with project's scala-library version: 3.3.6
2025.11.05 12:50:46 INFO  no build target found for C:\Users\leo11\OneDrive\Desktop\HTWG\AIN\Semester5\Web-apps\play-server\ProjektMemory\app\controllers\GameController.scala. Using presentation compiler with project's scala-library version: 3.3.6
2025.11.05 12:50:46 INFO  no build target found for C:\Users\leo11\OneDrive\Desktop\HTWG\AIN\Semester5\Web-apps\play-server\ProjektMemory\app\controllers\GameController.scala. Using presentation compiler with project's scala-library version: 3.3.6
2025.11.05 12:50:48 INFO  no build target found for C:\Users\leo11\OneDrive\Desktop\HTWG\AIN\Semester5\Web-apps\play-server\ProjektMemory\app\controllers\GameController.scala. Using presentation compiler with project's scala-library version: 3.3.6
2025.11.05 12:50:48 INFO  no build target found for C:\Users\leo11\OneDrive\Desktop\HTWG\AIN\Semester5\Web-apps\play-server\ProjektMemory\app\controllers\GameController.scala. Using presentation compiler with project's scala-library version: 3.3.6
2025.11.05 12:50:48 INFO  no build target found for C:\Users\leo11\OneDrive\Desktop\HTWG\AIN\Semester5\Web-apps\play-server\ProjektMemory\app\controllers\GameController.scala. Using presentation compiler with project's scala-library version: 3.3.6
2025.11.05 12:50:48 INFO  no build target found for C:\Users\leo11\OneDrive\Desktop\HTWG\AIN\Semester5\Web-apps\play-server\ProjektMemory\app\controllers\GameController.scala. Using presentation compiler with project's scala-library version: 3.3.6
2025.11.05 12:50:48 INFO  no build target found for C:\Users\leo11\OneDrive\Desktop\HTWG\AIN\Semester5\Web-apps\play-server\ProjektMemory\app\controllers\GameController.scala. Using presentation compiler with project's scala-library version: 3.3.6
2025.11.05 12:50:49 INFO  no build target found for C:\Users\leo11\OneDrive\Desktop\HTWG\AIN\Semester5\Web-apps\play-server\ProjektMemory\app\controllers\GameController.scala. Using presentation compiler with project's scala-library version: 3.3.6
2025.11.05 12:50:50 INFO  no build target found for C:\Users\leo11\OneDrive\Desktop\HTWG\AIN\Semester5\Web-apps\play-server\ProjektMemory\app\controllers\GameController.scala. Using presentation compiler with project's scala-library version: 3.3.6
2025.11.05 12:50:50 INFO  no build target found for C:\Users\leo11\OneDrive\Desktop\HTWG\AIN\Semester5\Web-apps\play-server\ProjektMemory\app\controllers\GameController.scala. Using presentation compiler with project's scala-library version: 3.3.6
2025.11.05 12:50:50 INFO  no build target found for C:\Users\leo11\OneDrive\Desktop\HTWG\AIN\Semester5\Web-apps\play-server\ProjektMemory\app\controllers\GameController.scala. Using presentation compiler with project's scala-library version: 3.3.6
2025.11.05 12:50:51 INFO  no build target found for C:\Users\leo11\OneDrive\Desktop\HTWG\AIN\Semester5\Web-apps\play-server\ProjektMemory\app\controllers\GameController.scala. Using presentation compiler with project's scala-library version: 3.3.6
2025.11.05 12:50:51 INFO  no build target found for C:\Users\leo11\OneDrive\Desktop\HTWG\AIN\Semester5\Web-apps\play-server\ProjektMemory\app\controllers\GameController.scala. Using presentation compiler with project's scala-library version: 3.3.6
2025.11.05 12:50:51 INFO  no build target found for C:\Users\leo11\OneDrive\Desktop\HTWG\AIN\Semester5\Web-apps\play-server\ProjektMemory\app\controllers\GameController.scala. Using presentation compiler with project's scala-library version: 3.3.6
2025.11.05 12:50:52 INFO  no build target found for C:\Users\leo11\OneDrive\Desktop\HTWG\AIN\Semester5\Web-apps\play-server\ProjektMemory\app\controllers\GameController.scala. Using presentation compiler with project's scala-library version: 3.3.6
2025.11.05 12:50:52 INFO  no build target found for C:\Users\leo11\OneDrive\Desktop\HTWG\AIN\Semester5\Web-apps\play-server\ProjektMemory\app\controllers\GameController.scala. Using presentation compiler with project's scala-library version: 3.3.6
2025.11.05 12:50:52 INFO  no build target found for C:\Users\leo11\OneDrive\Desktop\HTWG\AIN\Semester5\Web-apps\play-server\ProjektMemory\app\controllers\GameController.scala. Using presentation compiler with project's scala-library version: 3.3.6
2025.11.05 12:50:52 INFO  no build target found for C:\Users\leo11\OneDrive\Desktop\HTWG\AIN\Semester5\Web-apps\play-server\ProjektMemory\app\controllers\GameController.scala. Using presentation compiler with project's scala-library version: 3.3.6
2025.11.05 12:50:52 INFO  no build target found for C:\Users\leo11\OneDrive\Desktop\HTWG\AIN\Semester5\Web-apps\play-server\ProjektMemory\app\controllers\GameController.scala. Using presentation compiler with project's scala-library version: 3.3.6
2025.11.05 12:50:55 INFO  no build target found for C:\Users\leo11\OneDrive\Desktop\HTWG\AIN\Semester5\Web-apps\play-server\ProjektMemory\app\controllers\GameController.scala. Using presentation compiler with project's scala-library version: 3.3.6
2025.11.05 12:50:57 INFO  no build target found for C:\Users\leo11\OneDrive\Desktop\HTWG\AIN\Semester5\Web-apps\play-server\ProjektMemory\app\controllers\GameController.scala. Using presentation compiler with project's scala-library version: 3.3.6
2025.11.05 12:50:57 INFO  no build target found for C:\Users\leo11\OneDrive\Desktop\HTWG\AIN\Semester5\Web-apps\play-server\ProjektMemory\app\controllers\GameController.scala. Using presentation compiler with project's scala-library version: 3.3.6
2025.11.05 12:50:58 INFO  no build target found for C:\Users\leo11\OneDrive\Desktop\HTWG\AIN\Semester5\Web-apps\play-server\ProjektMemory\app\controllers\GameController.scala. Using presentation compiler with project's scala-library version: 3.3.6
2025.11.05 12:51:03 INFO  no build target found for C:\Users\leo11\OneDrive\Desktop\HTWG\AIN\Semester5\Web-apps\play-server\ProjektMemory\app\controllers\GameController.scala. Using presentation compiler with project's scala-library version: 3.3.6
2025.11.05 12:51:03 INFO  no build target found for C:\Users\leo11\OneDrive\Desktop\HTWG\AIN\Semester5\Web-apps\play-server\ProjektMemory\app\controllers\GameController.scala. Using presentation compiler with project's scala-library version: 3.3.6
2025.11.05 12:51:04 INFO  no build target found for C:\Users\leo11\OneDrive\Desktop\HTWG\AIN\Semester5\Web-apps\play-server\ProjektMemory\app\controllers\GameController.scala. Using presentation compiler with project's scala-library version: 3.3.6
2025.11.05 12:51:06 INFO  no build target found for C:\Users\leo11\OneDrive\Desktop\HTWG\AIN\Semester5\Web-apps\play-server\ProjektMemory\app\controllers\GameController.scala. Using presentation compiler with project's scala-library version: 3.3.6
2025.11.05 12:51:07 INFO  no build target found for C:\Users\leo11\OneDrive\Desktop\HTWG\AIN\Semester5\Web-apps\play-server\ProjektMemory\app\controllers\GameController.scala. Using presentation compiler with project's scala-library version: 3.3.6
2025.11.05 12:51:07 WARN  no build target for: C:\Users\leo11\OneDrive\Desktop\HTWG\AIN\Semester5\Web-apps\play-server\ProjektMemory\app\controllers\GameController.scala
2025.11.05 12:51:07 INFO  no build target found for C:\Users\leo11\OneDrive\Desktop\HTWG\AIN\Semester5\Web-apps\play-server\ProjektMemory\app\controllers\GameController.scala. Using presentation compiler with project's scala-library version: 3.3.6
2025.11.05 12:51:09 WARN  no build target for: C:\Users\leo11\OneDrive\Desktop\HTWG\AIN\Semester5\Web-apps\play-server\ProjektMemory\app\backend\Backend.scala
2025.11.05 12:51:09 INFO  no build target found for C:\Users\leo11\OneDrive\Desktop\HTWG\AIN\Semester5\Web-apps\play-server\ProjektMemory\app\backend\Backend.scala. Using presentation compiler with project's scala-library version: 3.3.6
2025.11.05 12:51:09 INFO  no build target found for C:\Users\leo11\OneDrive\Desktop\HTWG\AIN\Semester5\Web-apps\play-server\ProjektMemory\app\backend\Backend.scala. Using presentation compiler with project's scala-library version: 3.3.6
2025.11.05 12:51:09 INFO  no build target found for C:\Users\leo11\OneDrive\Desktop\HTWG\AIN\Semester5\Web-apps\play-server\ProjektMemory\app\backend\Backend.scala. Using presentation compiler with project's scala-library version: 3.3.6
2025.11.05 12:54:19 WARN  no build target for: C:\Users\leo11\OneDrive\Desktop\HTWG\AIN\Semester5\Web-apps\play-server\ProjektMemory\app\controllers\GameController.scala
2025.11.05 12:54:19 INFO  no build target found for C:\Users\leo11\OneDrive\Desktop\HTWG\AIN\Semester5\Web-apps\play-server\ProjektMemory\app\controllers\GameController.scala. Using presentation compiler with project's scala-library version: 3.3.6
2025.11.05 12:54:19 INFO  no build target found for C:\Users\leo11\OneDrive\Desktop\HTWG\AIN\Semester5\Web-apps\play-server\ProjektMemory\app\controllers\GameController.scala. Using presentation compiler with project's scala-library version: 3.3.6
2025.11.05 12:54:19 INFO  no build target found for C:\Users\leo11\OneDrive\Desktop\HTWG\AIN\Semester5\Web-apps\play-server\ProjektMemory\app\controllers\GameController.scala. Using presentation compiler with project's scala-library version: 3.3.6
2025.11.05 12:54:21 INFO  no build target found for C:\Users\leo11\OneDrive\Desktop\HTWG\AIN\Semester5\Web-apps\play-server\ProjektMemory\app\controllers\GameController.scala. Using presentation compiler with project's scala-library version: 3.3.6
2025.11.05 12:54:22 INFO  no build target found for C:\Users\leo11\OneDrive\Desktop\HTWG\AIN\Semester5\Web-apps\play-server\ProjektMemory\app\controllers\GameController.scala. Using presentation compiler with project's scala-library version: 3.3.6
2025.11.05 12:54:23 INFO  no build target found for C:\Users\leo11\OneDrive\Desktop\HTWG\AIN\Semester5\Web-apps\play-server\ProjektMemory\app\controllers\GameController.scala. Using presentation compiler with project's scala-library version: 3.3.6
2025.11.05 12:54:23 INFO  no build target found for C:\Users\leo11\OneDrive\Desktop\HTWG\AIN\Semester5\Web-apps\play-server\ProjektMemory\app\controllers\GameController.scala. Using presentation compiler with project's scala-library version: 3.3.6
2025.11.05 12:54:23 INFO  empty definition using pc, found symbol in pc: `<none>`. (full report at: "C:\Users\leo11\OneDrive\Desktop\HTWG\AIN\Semester5\Web-apps\play-server\ProjektMemory\.metals\.reports\metals-full\2025-11-04\r_empty-definition_20-02-05-445.md")
2025.11.05 12:54:30 WARN  no build target for: C:\Users\leo11\OneDrive\Desktop\HTWG\AIN\Semester5\Web-apps\play-server\ProjektMemory\app\backend\Backend.scala
2025.11.05 12:54:30 INFO  no build target found for C:\Users\leo11\OneDrive\Desktop\HTWG\AIN\Semester5\Web-apps\play-server\ProjektMemory\app\backend\Backend.scala. Using presentation compiler with project's scala-library version: 3.3.6
2025.11.05 12:54:30 INFO  no build target found for C:\Users\leo11\OneDrive\Desktop\HTWG\AIN\Semester5\Web-apps\play-server\ProjektMemory\app\backend\Backend.scala. Using presentation compiler with project's scala-library version: 3.3.6
2025.11.05 12:54:31 INFO  no build target found for C:\Users\leo11\OneDrive\Desktop\HTWG\AIN\Semester5\Web-apps\play-server\ProjektMemory\app\backend\Backend.scala. Using presentation compiler with project's scala-library version: 3.3.6
2025.11.05 12:59:23 INFO  no build target found for C:\Users\leo11\OneDrive\Desktop\HTWG\AIN\Semester5\Web-apps\play-server\ProjektMemory\app\controllers\GameController.scala. Using presentation compiler with project's scala-library version: 3.3.6
2025.11.05 12:59:23 WARN  no build target for: C:\Users\leo11\OneDrive\Desktop\HTWG\AIN\Semester5\Web-apps\play-server\ProjektMemory\app\controllers\GameController.scala
2025.11.05 12:59:23 INFO  no build target found for C:\Users\leo11\OneDrive\Desktop\HTWG\AIN\Semester5\Web-apps\play-server\ProjektMemory\app\controllers\GameController.scala. Using presentation compiler with project's scala-library version: 3.3.6
2025.11.05 12:59:23 INFO  no build target found for C:\Users\leo11\OneDrive\Desktop\HTWG\AIN\Semester5\Web-apps\play-server\ProjektMemory\app\controllers\GameController.scala. Using presentation compiler with project's scala-library version: 3.3.6
2025.11.05 12:59:23 INFO  no build target found for C:\Users\leo11\OneDrive\Desktop\HTWG\AIN\Semester5\Web-apps\play-server\ProjektMemory\app\controllers\GameController.scala. Using presentation compiler with project's scala-library version: 3.3.6
2025.11.05 12:59:23 INFO  no build target found for C:\Users\leo11\OneDrive\Desktop\HTWG\AIN\Semester5\Web-apps\play-server\ProjektMemory\app\controllers\GameController.scala. Using presentation compiler with project's scala-library version: 3.3.6
2025.11.05 12:59:26 INFO  no build target found for C:\Users\leo11\OneDrive\Desktop\HTWG\AIN\Semester5\Web-apps\play-server\ProjektMemory\app\controllers\GameController.scala. Using presentation compiler with project's scala-library version: 3.3.6
2025.11.05 12:59:27 INFO  no build target found for C:\Users\leo11\OneDrive\Desktop\HTWG\AIN\Semester5\Web-apps\play-server\ProjektMemory\app\controllers\GameController.scala. Using presentation compiler with project's scala-library version: 3.3.6
2025.11.05 12:59:27 INFO  no build target found for C:\Users\leo11\OneDrive\Desktop\HTWG\AIN\Semester5\Web-apps\play-server\ProjektMemory\app\controllers\GameController.scala. Using presentation compiler with project's scala-library version: 3.3.6
2025.11.05 12:59:26 INFO  no build target found for C:\Users\leo11\OneDrive\Desktop\HTWG\AIN\Semester5\Web-apps\play-server\ProjektMemory\app\controllers\GameController.scala. Using presentation compiler with project's scala-library version: 3.3.6
2025.11.05 12:59:26 INFO  no build target found for C:\Users\leo11\OneDrive\Desktop\HTWG\AIN\Semester5\Web-apps\play-server\ProjektMemory\app\controllers\GameController.scala. Using presentation compiler with project's scala-library version: 3.3.6
2025.11.05 12:59:27 INFO  no build target found for C:\Users\leo11\OneDrive\Desktop\HTWG\AIN\Semester5\Web-apps\play-server\ProjektMemory\app\controllers\GameController.scala. Using presentation compiler with project's scala-library version: 3.3.6
2025.11.05 12:59:28 INFO  no build target found for C:\Users\leo11\OneDrive\Desktop\HTWG\AIN\Semester5\Web-apps\play-server\ProjektMemory\app\controllers\GameController.scala. Using presentation compiler with project's scala-library version: 3.3.6
2025.11.05 12:59:28 INFO  empty definition using pc, found symbol in pc: `<none>`. (full report at: "C:\Users\leo11\OneDrive\Desktop\HTWG\AIN\Semester5\Web-apps\play-server\ProjektMemory\.metals\.reports\metals-full\2025-11-04\r_empty-definition_20-02-05-445.md")
2025.11.05 12:59:30 WARN  no build target for: C:\Users\leo11\OneDrive\Desktop\HTWG\AIN\Semester5\Web-apps\play-server\ProjektMemory\app\controllers\GameController.scala
2025.11.05 12:59:30 INFO  no build target found for C:\Users\leo11\OneDrive\Desktop\HTWG\AIN\Semester5\Web-apps\play-server\ProjektMemory\app\controllers\GameController.scala. Using presentation compiler with project's scala-library version: 3.3.6
2025.11.05 12:59:32 INFO  no build target found for C:\Users\leo11\OneDrive\Desktop\HTWG\AIN\Semester5\Web-apps\play-server\ProjektMemory\app\controllers\GameController.scala. Using presentation compiler with project's scala-library version: 3.3.6
2025.11.05 12:59:34 INFO  no build target found for C:\Users\leo11\OneDrive\Desktop\HTWG\AIN\Semester5\Web-apps\play-server\ProjektMemory\app\controllers\GameController.scala. Using presentation compiler with project's scala-library version: 3.3.6
2025.11.05 12:59:35 INFO  no build target found for C:\Users\leo11\OneDrive\Desktop\HTWG\AIN\Semester5\Web-apps\play-server\ProjektMemory\app\controllers\GameController.scala. Using presentation compiler with project's scala-library version: 3.3.6
2025.11.05 12:59:36 INFO  no build target found for C:\Users\leo11\OneDrive\Desktop\HTWG\AIN\Semester5\Web-apps\play-server\ProjektMemory\app\controllers\GameController.scala. Using presentation compiler with project's scala-library version: 3.3.6
2025.11.05 12:59:36 INFO  no build target found for C:\Users\leo11\OneDrive\Desktop\HTWG\AIN\Semester5\Web-apps\play-server\ProjektMemory\app\controllers\GameController.scala. Using presentation compiler with project's scala-library version: 3.3.6
2025.11.05 12:59:36 INFO  no build target found for C:\Users\leo11\OneDrive\Desktop\HTWG\AIN\Semester5\Web-apps\play-server\ProjektMemory\app\controllers\GameController.scala. Using presentation compiler with project's scala-library version: 3.3.6
2025.11.05 12:59:37 INFO  no build target found for C:\Users\leo11\OneDrive\Desktop\HTWG\AIN\Semester5\Web-apps\play-server\ProjektMemory\app\controllers\GameController.scala. Using presentation compiler with project's scala-library version: 3.3.6
2025.11.05 12:59:39 INFO  no build target found for C:\Users\leo11\OneDrive\Desktop\HTWG\AIN\Semester5\Web-apps\play-server\ProjektMemory\app\controllers\GameController.scala. Using presentation compiler with project's scala-library version: 3.3.6
2025.11.05 12:59:39 INFO  no build target found for C:\Users\leo11\OneDrive\Desktop\HTWG\AIN\Semester5\Web-apps\play-server\ProjektMemory\app\controllers\GameController.scala. Using presentation compiler with project's scala-library version: 3.3.6
2025.11.05 12:59:39 INFO  no build target found for C:\Users\leo11\OneDrive\Desktop\HTWG\AIN\Semester5\Web-apps\play-server\ProjektMemory\app\controllers\GameController.scala. Using presentation compiler with project's scala-library version: 3.3.6
2025.11.05 12:59:39 INFO  no build target found for C:\Users\leo11\OneDrive\Desktop\HTWG\AIN\Semester5\Web-apps\play-server\ProjektMemory\app\controllers\GameController.scala. Using presentation compiler with project's scala-library version: 3.3.6
2025.11.05 12:59:40 INFO  no build target found for C:\Users\leo11\OneDrive\Desktop\HTWG\AIN\Semester5\Web-apps\play-server\ProjektMemory\app\controllers\GameController.scala. Using presentation compiler with project's scala-library version: 3.3.6
2025.11.05 12:59:43 INFO  no build target found for C:\Users\leo11\OneDrive\Desktop\HTWG\AIN\Semester5\Web-apps\play-server\ProjektMemory\app\controllers\GameController.scala. Using presentation compiler with project's scala-library version: 3.3.6
2025.11.05 12:59:44 INFO  no build target found for C:\Users\leo11\OneDrive\Desktop\HTWG\AIN\Semester5\Web-apps\play-server\ProjektMemory\app\controllers\GameController.scala. Using presentation compiler with project's scala-library version: 3.3.6
2025.11.05 12:59:44 WARN  no build target for: C:\Users\leo11\OneDrive\Desktop\HTWG\AIN\Semester5\Web-apps\play-server\ProjektMemory\app\controllers\GameController.scala
2025.11.05 12:59:44 INFO  no build target found for C:\Users\leo11\OneDrive\Desktop\HTWG\AIN\Semester5\Web-apps\play-server\ProjektMemory\app\controllers\GameController.scala. Using presentation compiler with project's scala-library version: 3.3.6
2025.11.05 13:02:54 WARN  no build target for: C:\Users\leo11\OneDrive\Desktop\HTWG\AIN\Semester5\Web-apps\play-server\ProjektMemory\app\backend\Backend.scala
2025.11.05 13:02:54 INFO  no build target found for C:\Users\leo11\OneDrive\Desktop\HTWG\AIN\Semester5\Web-apps\play-server\ProjektMemory\app\backend\Backend.scala. Using presentation compiler with project's scala-library version: 3.3.6
2025.11.05 13:02:54 INFO  no build target found for C:\Users\leo11\OneDrive\Desktop\HTWG\AIN\Semester5\Web-apps\play-server\ProjektMemory\app\backend\Backend.scala. Using presentation compiler with project's scala-library version: 3.3.6
2025.11.05 13:02:54 INFO  no build target found for C:\Users\leo11\OneDrive\Desktop\HTWG\AIN\Semester5\Web-apps\play-server\ProjektMemory\app\backend\Backend.scala. Using presentation compiler with project's scala-library version: 3.3.6
2025.11.05 13:02:56 INFO  no build target found for C:\Users\leo11\OneDrive\Desktop\HTWG\AIN\Semester5\Web-apps\play-server\ProjektMemory\app\backend\Backend.scala. Using presentation compiler with project's scala-library version: 3.3.6
2025.11.05 13:07:04 WARN  no build target for: C:\Users\leo11\OneDrive\Desktop\HTWG\AIN\Semester5\Web-apps\play-server\ProjektMemory\app\controllers\GameController.scala
2025.11.05 13:07:04 INFO  no build target found for C:\Users\leo11\OneDrive\Desktop\HTWG\AIN\Semester5\Web-apps\play-server\ProjektMemory\app\controllers\GameController.scala. Using presentation compiler with project's scala-library version: 3.3.6
2025.11.05 13:07:04 INFO  no build target found for C:\Users\leo11\OneDrive\Desktop\HTWG\AIN\Semester5\Web-apps\play-server\ProjektMemory\app\controllers\GameController.scala. Using presentation compiler with project's scala-library version: 3.3.6
2025.11.05 13:07:04 INFO  no build target found for C:\Users\leo11\OneDrive\Desktop\HTWG\AIN\Semester5\Web-apps\play-server\ProjektMemory\app\controllers\GameController.scala. Using presentation compiler with project's scala-library version: 3.3.6
2025.11.05 13:07:04 INFO  no build target found for C:\Users\leo11\OneDrive\Desktop\HTWG\AIN\Semester5\Web-apps\play-server\ProjektMemory\app\controllers\GameController.scala. Using presentation compiler with project's scala-library version: 3.3.6
2025.11.05 13:07:07 INFO  no build target found for C:\Users\leo11\OneDrive\Desktop\HTWG\AIN\Semester5\Web-apps\play-server\ProjektMemory\app\controllers\GameController.scala. Using presentation compiler with project's scala-library version: 3.3.6
2025.11.05 13:07:07 INFO  no build target found for C:\Users\leo11\OneDrive\Desktop\HTWG\AIN\Semester5\Web-apps\play-server\ProjektMemory\app\controllers\GameController.scala. Using presentation compiler with project's scala-library version: 3.3.6
2025.11.05 13:07:07 INFO  no build target found for C:\Users\leo11\OneDrive\Desktop\HTWG\AIN\Semester5\Web-apps\play-server\ProjektMemory\app\controllers\GameController.scala. Using presentation compiler with project's scala-library version: 3.3.6
2025.11.05 13:07:08 INFO  no build target found for C:\Users\leo11\OneDrive\Desktop\HTWG\AIN\Semester5\Web-apps\play-server\ProjektMemory\app\controllers\GameController.scala. Using presentation compiler with project's scala-library version: 3.3.6
2025.11.05 13:07:08 INFO  no build target found for C:\Users\leo11\OneDrive\Desktop\HTWG\AIN\Semester5\Web-apps\play-server\ProjektMemory\app\controllers\GameController.scala. Using presentation compiler with project's scala-library version: 3.3.6
2025.11.05 13:07:08 INFO  empty definition using pc, found symbol in pc: `<none>`. (full report at: "C:\Users\leo11\OneDrive\Desktop\HTWG\AIN\Semester5\Web-apps\play-server\ProjektMemory\.metals\.reports\metals-full\2025-11-04\r_empty-definition_20-02-05-445.md")
2025.11.05 13:07:08 INFO  no build target found for C:\Users\leo11\OneDrive\Desktop\HTWG\AIN\Semester5\Web-apps\play-server\ProjektMemory\app\controllers\GameController.scala. Using presentation compiler with project's scala-library version: 3.3.6
2025.11.05 13:07:10 WARN  no build target for: C:\Users\leo11\OneDrive\Desktop\HTWG\AIN\Semester5\Web-apps\play-server\ProjektMemory\app\controllers\GameController.scala
2025.11.05 13:07:10 INFO  no build target found for C:\Users\leo11\OneDrive\Desktop\HTWG\AIN\Semester5\Web-apps\play-server\ProjektMemory\app\controllers\GameController.scala. Using presentation compiler with project's scala-library version: 3.3.6
2025.11.05 13:07:10 INFO  no build target found for C:\Users\leo11\OneDrive\Desktop\HTWG\AIN\Semester5\Web-apps\play-server\ProjektMemory\app\controllers\GameController.scala. Using presentation compiler with project's scala-library version: 3.3.6
Nov 05, 2025 1:14:55 PM org.eclipse.lsp4j.jsonrpc.services.GenericEndpoint notify
INFO: Unsupported notification method: $/setTrace
Nov 05, 2025 1:30:10 PM org.eclipse.lsp4j.jsonrpc.services.GenericEndpoint notify
INFO: Unsupported notification method: $/setTrace
2025.11.05 13:38:42 WARN  no build target for: C:\Users\leo11\OneDrive\Desktop\HTWG\AIN\Semester5\Web-apps\play-server\ProjektMemory\app\controllers\GameController.scala
2025.11.05 13:38:42 INFO  no build target found for C:\Users\leo11\OneDrive\Desktop\HTWG\AIN\Semester5\Web-apps\play-server\ProjektMemory\app\controllers\GameController.scala. Using presentation compiler with project's scala-library version: 3.3.6
2025.11.05 13:38:42 INFO  no build target found for C:\Users\leo11\OneDrive\Desktop\HTWG\AIN\Semester5\Web-apps\play-server\ProjektMemory\app\controllers\GameController.scala. Using presentation compiler with project's scala-library version: 3.3.6
2025.11.05 13:38:42 INFO  no build target found for C:\Users\leo11\OneDrive\Desktop\HTWG\AIN\Semester5\Web-apps\play-server\ProjektMemory\app\controllers\GameController.scala. Using presentation compiler with project's scala-library version: 3.3.6
2025.11.05 13:38:43 WARN  no build target for: C:\Users\leo11\OneDrive\Desktop\HTWG\AIN\Semester5\Web-apps\play-server\ProjektMemory\app\backend\Backend.scala
2025.11.05 13:38:42 INFO  no build target found for C:\Users\leo11\OneDrive\Desktop\HTWG\AIN\Semester5\Web-apps\play-server\ProjektMemory\app\backend\Backend.scala. Using presentation compiler with project's scala-library version: 3.3.6
2025.11.05 13:38:43 INFO  no build target found for C:\Users\leo11\OneDrive\Desktop\HTWG\AIN\Semester5\Web-apps\play-server\ProjektMemory\app\backend\Backend.scala. Using presentation compiler with project's scala-library version: 3.3.6
2025.11.05 13:38:44 INFO  no build target found for C:\Users\leo11\OneDrive\Desktop\HTWG\AIN\Semester5\Web-apps\play-server\ProjektMemory\app\backend\Backend.scala. Using presentation compiler with project's scala-library version: 3.3.6
2025.11.05 13:46:24 INFO  no build target found for C:\Users\leo11\OneDrive\Desktop\HTWG\AIN\Semester5\Web-apps\play-server\ProjektMemory\app\controllers\GameController.scala. Using presentation compiler with project's scala-library version: 3.3.6
2025.11.05 13:46:24 INFO  no build target found for C:\Users\leo11\OneDrive\Desktop\HTWG\AIN\Semester5\Web-apps\play-server\ProjektMemory\app\controllers\GameController.scala. Using presentation compiler with project's scala-library version: 3.3.6
2025.11.05 13:46:25 INFO  no build target found for C:\Users\leo11\OneDrive\Desktop\HTWG\AIN\Semester5\Web-apps\play-server\ProjektMemory\app\controllers\GameController.scala. Using presentation compiler with project's scala-library version: 3.3.6
2025.11.05 13:49:07 INFO  Shutting down server
2025.11.05 13:49:07 INFO  shutting down Metals
2025.11.05 13:49:08 ERROR Unexpected error initializing server: 
org.eclipse.lsp4j.jsonrpc.ResponseErrorException: Request window/showMessageRequest failed with message: Canceled
	at org.eclipse.lsp4j.jsonrpc.RemoteEndpoint.handleResponse(RemoteEndpoint.java:220)
	at org.eclipse.lsp4j.jsonrpc.RemoteEndpoint.consume(RemoteEndpoint.java:204)
	at org.eclipse.lsp4j.jsonrpc.json.StreamMessageProducer.handleMessage(StreamMessageProducer.java:185)
	at org.eclipse.lsp4j.jsonrpc.json.StreamMessageProducer.listen(StreamMessageProducer.java:97)
	at org.eclipse.lsp4j.jsonrpc.json.ConcurrentMessageProcessor.run(ConcurrentMessageProcessor.java:114)
	at java.util.concurrent.Executors$RunnableAdapter.call(Executors.java:572)
	at java.util.concurrent.FutureTask.run(FutureTask.java:317)
	at java.util.concurrent.ThreadPoolExecutor.runWorker(ThreadPoolExecutor.java:1144)
	at java.util.concurrent.ThreadPoolExecutor$Worker.run(ThreadPoolExecutor.java:642)
	at java.lang.Thread.run(Thread.java:1570)

2025.11.05 13:49:07 INFO  Exiting server
2025.11.05 13:49:42 INFO  Started: Metals version 1.6.3 in folders 'C:\Users\leo11\OneDrive\Desktop\HTWG\AIN\Semester5\Web-apps\play-server\ProjektMemory' for client Visual Studio Code 1.105.1.
2025.11.05 13:49:43 WARN  Using H2 2.4.240 which is newer than the version Flyway has been verified with. The latest verified version of H2 is 2.3.232.
2025.11.05 13:53:06 INFO  Shutting down server
2025.11.05 13:53:06 INFO  shutting down Metals
2025.11.05 13:53:06 INFO  Exiting server
